Symbol,SnapshotAtUTC,SpotAtCapture,Expiration,Type,contractSymbol,strike,lastPrice,bid,ask,volume,openInterest,impliedVolatility,inTheMoney
ITA,2026-10-09T02:51:41+00:00,204.8800048828125,2026-10-16,Call,ITA261016C00180000,180.0,33.2,23.1,26.1,3.0,5.0,0.7392604199218749,True
ITA,2026-10-09T02:51:41+00:00,204.8800048828125,2026-10-16,Call,ITA261016C00185000,185.0,49.8,51.8,55.0,,1.0,3.762207625732422,True
ITA,2026-10-09T02:51:41+00:00,204.8800048828125,2026-10-16,Call,ITA261016C00190000,190.0,34.6,40.0,43.0,10.0,10.0,2.8992947439575194,True
ITA,2026-10-09T02:51:41+00:00,204.8800048828125,2026-10-16,Call,ITA261016C00194000,194.0,19.78,9.4,12.2,1.0,1.0,0.422857333984375,True
ITA,2026-10-09T02:51:41+00:00,204.8800048828125,2026-10-16,Call,ITA261016C00195000,195.0,34.74,8.4,11.3,1.0,1.0,0.4096738720703125,True
ITA,2026-10-09T02:51:41+00:00,204.8800048828125,2026-10-16,Call,ITA261016C00198000,198.0,40.3,39.8,42.6,,1.0,3.1951924417114257,True
ITA,2026-10-09T02:51:41+00:00,204.8800048828125,2026-10-16,Call,ITA261016C00199000,199.0,13.15,4.9,7.9,,1.0,0.3640200317382813,True
ITA,2026-10-09T02:51:41+00:00,204.8800048828125,2026-10-16,Call,ITA261016C00200000,200.0,6.1,4.1,7.2,1.0,32.0,0.3620669262695312,True
ITA,2026-10-09T02:51:41+00:00,204.8800048828125,2026-10-16,Call,ITA261016C00205000,205.0,4.1,2.25,4.0,97.0,48.0,0.3354558642578125,False
ITA,2026-10-09T02:51:41+00:00,204.8800048828125,2026-10-16,Call,ITA261016C00210000,210.0,0.95,0.3,1.35,200.0,198.0,0.2690502783203125,False
ITA,2026-10-09T02:51:41+00:00,204.8800048828125,2026-10-16,Call,ITA261016C00215000,215.0,0.3,0.0,1.3,10.0,249.0,0.3820862573242187,False
ITA,2026-10-09T02:51:41+00:00,204.8800048828125,2026-10-16,Call,ITA261016C00220000,220.0,0.3,0.0,1.0,1.0,42.0,0.4455621850585937,False
ITA,2026-10-09T02:51:41+00:00,204.8800048828125,2026-10-16,Call,ITA261016C00225000,225.0,0.26,0.0,0.45,2.0,129.0,0.4350642431640625,False
ITA,2026-10-09T02:51:41+00:00,204.8800048828125,2026-10-16,Call,ITA261016C00230000,230.0,1.05,0.0,0.8,1.0,123.0,0.5864299169921875,False
ITA,2026-10-09T02:51:41+00:00,204.8800048828125,2026-10-16,Call,ITA261016C00235000,235.0,0.1,0.0,2.55,3.0,166.0,0.7509790527343749,False
ITA,2026-10-09T02:51:41+00:00,204.8800048828125,2026-10-16,Call,ITA261016C00240000,240.0,0.86,0.0,1.0,1.0,196.0,0.6655306884765627,False
ITA,2026-10-09T02:51:41+00:00,204.8800048828125,2026-10-16,Call,ITA261016C00245000,245.0,0.1,0.0,1.2,1.0,124.0,0.7597680273437502,False
ITA,2026-10-09T02:51:41+00:00,204.8800048828125,2026-10-16,Call,ITA261016C00250000,250.0,0.2,0.0,1.6,1.0,201.0,0.8774426318359375,False
ITA,2026-10-09T02:51:41+00:00,204.8800048828125,2026-10-16,Call,ITA261016C00255000,255.0,0.15,0.0,2.55,1.0,77.0,1.049321159667969,False
ITA,2026-10-09T02:51:41+00:00,204.8800048828125,2026-10-16,Call,ITA261016C00260000,260.0,0.1,0.0,0.45,2.0,88.0,0.799806689453125,False
ITA,2026-10-09T02:51:41+00:00,204.8800048828125,2026-10-16,Call,ITA261016C00265000,265.0,0.1,0.0,2.55,1.0,50.0,1.1821329956054685,False
ITA,2026-10-09T02:51:41+00:00,204.8800048828125,2026-10-16,Put,ITA261016P00145000,145.0,0.05,0.0,0.0,8.0,0.0,0.500005,False
ITA,2026-10-09T02:51:41+00:00,204.8800048828125,2026-10-16,Put,ITA261016P00155000,155.0,0.7,0.0,3.0,,1.0,1.3959991137695311,False
ITA,2026-10-09T02:51:41+00:00,204.8800048828125,2026-10-16,Put,ITA261016P00170000,170.0,0.33,0.0,2.6,1.0,14.0,0.9868165380859376,False
ITA,2026-10-09T02:51:41+00:00,204.8800048828125,2026-10-16,Put,ITA261016P00175000,175.0,0.4,0.0,1.5,1.0,2.0,0.752932158203125,False
ITA,2026-10-09T02:51:41+00:00,204.8800048828125,2026-10-16,Put,ITA261016P00180000,180.0,0.2,0.0,2.6,3.0,8.0,0.7534204345703125,False
ITA,2026-10-09T02:51:41+00:00,204.8800048828125,2026-10-16,Put,ITA261016P00185000,185.0,0.27,0.0,2.6,4.0,14.0,0.6364782446289063,False
ITA,2026-10-09T02:51:41+00:00,204.8800048828125,2026-10-16,Put,ITA261016P00190000,190.0,0.25,0.1,1.0,5.0,29.0,0.4741263525390625,False
ITA,2026-10-09T02:51:41+00:00,204.8800048828125,2026-10-16,Put,ITA261016P00194000,194.0,3.1,0.0,0.0,1.0,0.0,0.062509375,False
ITA,2026-10-09T02:51:41+00:00,204.8800048828125,2026-10-16,Put,ITA261016P00195000,195.0,0.58,0.0,2.85,1.0,42.0,0.5639692041015626,False
ITA,2026-10-09T02:51:41+00:00,204.8800048828125,2026-10-16,Put,ITA261016P00196000,196.0,3.2,0.0,0.0,1.0,0.0,0.062509375,False
ITA,2026-10-09T02:51:41+00:00,204.8800048828125,2026-10-16,Put,ITA261016P00197000,197.0,0.7,0.0,2.95,1.0,13.0,0.5139208764648437,False
ITA,2026-10-09T02:51:41+00:00,204.8800048828125,2026-10-16,Put,ITA261016P00198000,198.0,1.95,0.05,4.0,1.0,13.0,0.5803264624023439,False
ITA,2026-10-09T02:51:41+00:00,204.8800048828125,2026-10-16,Put,ITA261016P00199000,199.0,3.5,0.0,0.0,1.0,0.0,0.062509375,False
ITA,2026-10-09T02:51:41+00:00,204.8800048828125,2026-10-16,Put,ITA261016P00200000,200.0,1.0,0.1,1.35,102.0,89.0,0.2692944165039062,False
ITA,2026-10-09T02:51:41+00:00,204.8800048828125,2026-10-16,Put,ITA261016P00205000,205.0,2.88,2.1,4.0,11.0,183.0,0.3255682678222655,True
ITA,2026-10-09T02:51:41+00:00,204.8800048828125,2026-10-16,Put,ITA261016P00210000,210.0,6.14,5.0,7.6,3.0,86.0,0.37500625,True
ITA,2026-10-09T02:51:41+00:00,204.8800048828125,2026-10-16,Put,ITA261016P00215000,215.0,10.33,9.2,11.6,3.0,61.0,0.4025938647460937,True
ITA,2026-10-09T02:51:41+00:00,204.8800048828125,2026-10-16,Put,ITA261016P00220000,220.0,16.1,14.7,17.1,1.0,44.0,0.5688519677734375,True
ITA,2026-10-09T02:51:41+00:00,204.8800048828125,2026-10-16,Put,ITA261016P00225000,225.0,17.7,19.2,22.1,8.0,7.0,0.6713900048828126,True
ITA,2026-10-09T02:51:41+00:00,204.8800048828125,2026-10-16,Put,ITA261016P00230000,230.0,22.08,24.7,27.1,1.0,0.0,0.5825237060546875,True
ITA,2026-10-09T02:51:41+00:00,204.8800048828125,2026-10-16,Put,ITA261016P00235000,235.0,26.2,29.2,32.1,3.0,0.0,0.6035195898437502,True
ITA,2026-10-09T02:51:41+00:00,204.8800048828125,2026-10-16,Put,ITA261016P00240000,240.0,30.6,34.6,37.1,1.0,0.0,0.7231472998046875,True
ITA,2026-10-09T02:51:41+00:00,204.8800048828125,2026-10-16,Put,ITA261016P00245000,245.0,29.2,39.2,42.1,1.0,0.0,0.7407252490234374,True
ITA,2026-10-09T02:51:41+00:00,204.8800048828125,2026-10-16,Put,ITA261016P00250000,250.0,36.5,43.9,47.1,3.0,0.0,0.75586181640625,True
ITA,2026-10-09T02:51:41+00:00,204.8800048828125,2026-10-16,Put,ITA261016P00255000,255.0,41.9,49.0,52.1,38.0,0.0,0.8339860351562498,True
ITA,2026-10-09T02:51:41+00:00,204.8800048828125,2026-10-16,Put,ITA261016P00260000,260.0,41.19,54.0,57.1,,0.0,0.89257919921875,True
ITA,2026-10-09T02:51:41+00:00,204.8800048828125,2026-10-16,Put,ITA261016P00265000,265.0,50.25,59.0,62.1,1.0,0.0,0.9492192578125,True
QQQ,2026-10-10T02:51:59+00:00,751.27001953125,2026-10-19,Call,QQQ261019C00680000,680.0,75.25,,,,,0.0,True
QQQ,2026-10-10T02:51:59+00:00,751.27001953125,2026-10-19,Call,QQQ261019C00690000,690.0,65.12,,,,,0.0,True
QQQ,2026-10-10T02:51:59+00:00,751.27001953125,2026-10-19,Call,QQQ261019C00700000,700.0,57.94,,,,,0.0,True
QQQ,2026-10-10T02:51:59+00:00,751.27001953125,2026-10-19,Call,QQQ261019C00705000,705.0,53.55,,,,,0.0,True
QQQ,2026-10-10T02:51:59+00:00,751.27001953125,2026-10-19,Call,QQQ261019C00710000,710.0,45.8,,,,,0.0,True
QQQ,2026-10-10T02:51:59+00:00,751.27001953125,2026-10-19,Call,QQQ261019C00720000,720.0,35.96,,,,,0.0,True
QQQ,2026-10-10T02:51:59+00:00,751.27001953125,2026-10-19,Call,QQQ261019C00725000,725.0,30.9,,,,,0.0,True
QQQ,2026-10-10T02:51:59+00:00,751.27001953125,2026-10-19,Call,QQQ261019C00729000,729.0,21.78,,,,,0.0,True
QQQ,2026-10-10T02:51:59+00:00,751.27001953125,2026-10-19,Call,QQQ261019C00730000,730.0,26.78,,,,,0.0,True
QQQ,2026-10-10T02:51:59+00:00,751.27001953125,2026-10-19,Call,QQQ261019C00731000,731.0,19.3,,,,,0.0,True
QQQ,2026-10-10T02:51:59+00:00,751.27001953125,2026-10-19,Call,QQQ261019C00733000,733.0,19.72,,,,,0.0,True
QQQ,2026-10-10T02:51:59+00:00,751.27001953125,2026-10-19,Call,QQQ261019C00734000,734.0,17.99,,,,,0.0,True
QQQ,2026-10-10T02:51:59+00:00,751.27001953125,2026-10-19,Call,QQQ261019C00735000,735.0,16.08,,,,,0.0,True
QQQ,2026-10-10T02:51:59+00:00,751.27001953125,2026-10-19,Call,QQQ261019C00736000,736.0,16.43,,,,,0.0,True
QQQ,2026-10-10T02:51:59+00:00,751.27001953125,2026-10-19,Call,QQQ261019C00738000,738.0,13.72,,,,,0.0,True
QQQ,2026-10-10T02:51:59+00:00,751.27001953125,2026-10-19,Call,QQQ261019C00739000,739.0,21.52,,,,,0.0,True
QQQ,2026-10-10T02:51:59+00:00,751.27001953125,2026-10-19,Call,QQQ261019C00740000,740.0,13.12,,,,,0.0,True
QQQ,2026-10-10T02:51:59+00:00,751.27001953125,2026-10-19,Call,QQQ261019C00741000,741.0,12.77,,,,,0.0,True
QQQ,2026-10-10T02:51:59+00:00,751.27001953125,2026-10-19,Call,QQQ261019C00742000,742.0,11.87,,,,,0.0,True
QQQ,2026-10-10T02:51:59+00:00,751.27001953125,2026-10-19,Call,QQQ261019C00743000,743.0,11.73,,,,,0.0,True
QQQ,2026-10-10T02:51:59+00:00,751.27001953125,2026-10-19,Call,QQQ261019C00744000,744.0,10.88,,,,,0.0,True
QQQ,2026-10-10T02:51:59+00:00,751.27001953125,2026-10-19,Call,QQQ261019C00745000,745.0,10.35,,,,,0.0,True
QQQ,2026-10-10T02:51:59+00:00,751.27001953125,2026-10-19,Call,QQQ261019C00746000,746.0,9.8,,,,,0.0,True
QQQ,2026-10-10T02:51:59+00:00,751.27001953125,2026-10-19,Call,QQQ261019C00747000,747.0,9.29,,,,,0.0,True
QQQ,2026-10-10T02:51:59+00:00,751.27001953125,2026-10-19,Call,QQQ261019C00748000,748.0,8.6,,,,,0.0,True
QQQ,2026-10-10T02:51:59+00:00,751.27001953125,2026-10-19,Call,QQQ261019C00749000,749.0,8.0,,,,,0.0,True
QQQ,2026-10-10T02:51:59+00:00,751.27001953125,2026-10-19,Call,QQQ261019C00750000,750.0,7.56,,,,,0.0,True
QQQ,2026-10-10T02:51:59+00:00,751.27001953125,2026-10-19,Call,QQQ261019C00751000,751.0,6.58,,,,,0.0,True
QQQ,2026-10-10T02:51:59+00:00,751.27001953125,2026-10-19,Call,QQQ261019C00752000,752.0,6.28,,,,,0.0,False
QQQ,2026-10-10T02:51:59+00:00,751.27001953125,2026-10-19,Call,QQQ261019C00753000,753.0,5.33,,,,,0.0,False
QQQ,2026-10-10T02:51:59+00:00,751.27001953125,2026-10-19,Call,QQQ261019C00754000,754.0,5.55,,,,,0.0,False
QQQ,2026-10-10T02:51:59+00:00,751.27001953125,2026-10-19,Call,QQQ261019C00755000,755.0,5.12,,,,,0.0,False
QQQ,2026-10-10T02:51:59+00:00,751.27001953125,2026-10-19,Call,QQQ261019C00756000,756.0,4.42,,,,,0.0,False
QQQ,2026-10-10T02:51:59+00:00,751.27001953125,2026-10-19,Call,QQQ261019C00757000,757.0,4.32,,,,,0.0,False
QQQ,2026-10-10T02:51:59+00:00,751.27001953125,2026-10-19,Call,QQQ261019C00758000,758.0,3.74,,,,,0.0,False
QQQ,2026-10-10T02:51:59+00:00,751.27001953125,2026-10-19,Call,QQQ261019C00759000,759.0,3.64,,,,,0.0,False
QQQ,2026-10-10T02:51:59+00:00,751.27001953125,2026-10-19,Call,QQQ261019C00760000,760.0,3.31,,,,,0.0,False
QQQ,2026-10-10T02:51:59+00:00,751.27001953125,2026-10-19,Call,QQQ261019C00761000,761.0,3.05,,,,,0.0,False
QQQ,2026-10-10T02:51:59+00:00,751.27001953125,2026-10-19,Call,QQQ261019C00762000,762.0,2.79,,,,,0.0,False
QQQ,2026-10-10T02:51:59+00:00,751.27001953125,2026-10-19,Call,QQQ261019C00763000,763.0,2.47,,,,,0.0,False
QQQ,2026-10-10T02:51:59+00:00,751.27001953125,2026-10-19,Call,QQQ261019C00764000,764.0,2.23,,,,,0.0,False
QQQ,2026-10-10T02:51:59+00:00,751.27001953125,2026-10-19,Call,QQQ261019C00765000,765.0,1.85,,,,,0.0,False
QQQ,2026-10-10T02:51:59+00:00,751.27001953125,2026-10-19,Call,QQQ261019C00766000,766.0,1.69,,,,,0.0,False
QQQ,2026-10-10T02:51:59+00:00,751.27001953125,2026-10-19,Call,QQQ261019C00767000,767.0,1.5,,,,,0.0,False
QQQ,2026-10-10T02:51:59+00:00,751.27001953125,2026-10-19,Call,QQQ261019C00768000,768.0,1.33,,,,,0.0,False
QQQ,2026-10-10T02:51:59+00:00,751.27001953125,2026-10-19,Call,QQQ261019C00769000,769.0,1.21,,,,,0.0,False
QQQ,2026-10-10T02:51:59+00:00,751.27001953125,2026-10-19,Call,QQQ261019C00770000,770.0,1.15,,,,,0.0,False
QQQ,2026-10-10T02:51:59+00:00,751.27001953125,2026-10-19,Call,QQQ261019C00771000,771.0,1.01,,,,,0.0,False
QQQ,2026-10-10T02:51:59+00:00,751.27001953125,2026-10-19,Call,QQQ261019C00772000,772.0,0.85,,,,,0.0,False
QQQ,2026-10-10T02:51:59+00:00,751.27001953125,2026-10-19,Call,QQQ261019C00773000,773.0,0.81,,,,,0.0,False
QQQ,2026-10-10T02:51:59+00:00,751.27001953125,2026-10-19,Call,QQQ261019C00774000,774.0,0.71,,,,,0.0,False
QQQ,2026-10-10T02:51:59+00:00,751.27001953125,2026-10-19,Call,QQQ261019C00775000,775.0,0.62,,,,,0.0,False
QQQ,2026-10-10T02:51:59+00:00,751.27001953125,2026-10-19,Call,QQQ261019C00780000,780.0,0.34,,,,,0.0,False
QQQ,2026-10-10T02:51:59+00:00,751.27001953125,2026-10-19,Call,QQQ261019C00785000,785.0,0.16,,,,,0.0,False
QQQ,2026-10-10T02:51:59+00:00,751.27001953125,2026-10-19,Call,QQQ261019C00790000,790.0,0.11,,,,,0.0,False
QQQ,2026-10-10T02:51:59+00:00,751.27001953125,2026-10-19,Call,QQQ261019C00795000,795.0,0.06,,,,,0.0,False
QQQ,2026-10-10T02:51:59+00:00,751.27001953125,2026-10-19,Call,QQQ261019C00800000,800.0,0.06,,,,,0.0,False
QQQ,2026-10-10T02:51:59+00:00,751.27001953125,2026-10-19,Call,QQQ261019C00805000,805.0,0.08,,,,,0.0,False
QQQ,2026-10-10T02:51:59+00:00,751.27001953125,2026-10-19,Call,QQQ261019C00810000,810.0,0.02,,,,,0.0,False
QQQ,2026-10-10T02:51:59+00:00,751.27001953125,2026-10-19,Call,QQQ261019C00820000,820.0,0.02,,,,,0.0,False
QQQ,2026-10-10T02:51:59+00:00,751.27001953125,2026-10-19,Call,QQQ261019C00825000,825.0,0.02,,,,,0.0,False
QQQ,2026-10-10T02:51:59+00:00,751.27001953125,2026-10-19,Call,QQQ261019C00830000,830.0,0.02,,,,,0.0,False
QQQ,2026-10-10T02:51:59+00:00,751.27001953125,2026-10-19,Call,QQQ261019C00835000,835.0,0.02,,,,,0.0,False
QQQ,2026-10-10T02:51:59+00:00,751.27001953125,2026-10-19,Call,QQQ261019C00840000,840.0,0.03,,,,,0.0,False
QQQ,2026-10-10T02:51:59+00:00,751.27001953125,2026-10-21,Call,QQQ261021C00705000,705.0,49.51,,,,,0.0,True
QQQ,2026-10-10T02:51:59+00:00,751.27001953125,2026-10-21,Call,QQQ261021C00720000,720.0,36.05,,,,,0.0,True
QQQ,2026-10-10T02:51:59+00:00,751.27001953125,2026-10-21,Call,QQQ261021C00725000,725.0,31.07,,,,,0.0,True
QQQ,2026-10-10T02:51:59+00:00,751.27001953125,2026-10-21,Call,QQQ261021C00735000,735.0,18.36,,,,,0.0,True
QQQ,2026-10-10T02:51:59+00:00,751.27001953125,2026-10-21,Call,QQQ261021C00745000,745.0,11.28,,,,,0.0,True
QQQ,2026-10-10T02:51:59+00:00,751.27001953125,2026-10-21,Call,QQQ261021C00750000,750.0,8.6,,,,,0.0,True
QQQ,2026-10-10T02:51:59+00:00,751.27001953125,2026-10-21,Call,QQQ261021C00755000,755.0,6.31,,,,,0.0,False
QQQ,2026-10-10T02:51:59+00:00,751.27001953125,2026-10-21,Call,QQQ261021C00760000,760.0,4.36,,,,,0.0,False
QQQ,2026-10-10T02:51:59+00:00,751.27001953125,2026-10-21,Call,QQQ261021C00765000,765.0,2.64,,,,,0.0,False
QQQ,2026-10-10T02:51:59+00:00,751.27001953125,2026-10-21,Call,QQQ261021C00770000,770.0,1.78,,,,,0.0,False
QQQ,2026-10-10T02:51:59+00:00,751.27001953125,2026-10-21,Call,QQQ261021C00775000,775.0,0.98,,,,,0.0,False
QQQ,2026-10-10T02:51:59+00:00,751.27001953125,2026-10-21,Call,QQQ261021C00780000,780.0,0.59,,,,,0.0,False
QQQ,2026-10-10T02:51:59+00:00,751.27001953125,2026-10-21,Call,QQQ261021C00785000,785.0,0.33,,,,,0.0,False
QQQ,2026-10-10T02:51:59+00:00,751.27001953125,2026-10-21,Call,QQQ261021C00790000,790.0,0.22,,,,,0.0,False
QQQ,2026-10-10T02:51:59+00:00,751.27001953125,2026-10-21,Call,QQQ261021C00795000,795.0,0.17,,,,,0.0,False
QQQ,2026-10-10T02:51:59+00:00,751.27001953125,2026-10-21,Call,QQQ261021C00800000,800.0,0.22,,,,,0.0,False
QQQ,2026-10-10T02:51:59+00:00,751.27001953125,2026-10-21,Call,QQQ261021C00815000,815.0,0.04,,,,,0.0,False
QQQ,2026-10-10T02:51:59+00:00,751.27001953125,2026-10-21,Call,QQQ261021C00825000,825.0,0.02,,,,,0.0,False
QQQ,2026-10-10T02:51:59+00:00,751.27001953125,2026-10-21,Put,QQQ261021P00730000,730.0,3.64,,,,,0.0,False
QQQ,2026-10-10T02:51:59+00:00,751.27001953125,2026-10-21,Put,QQQ261021P00735000,735.0,4.86,,,,,0.0,False
QQQ,2026-10-10T02:51:59+00:00,751.27001953125,2026-10-21,Put,QQQ261021P00740000,740.0,6.59,,,,,0.0,False
QQQ,2026-10-10T02:51:59+00:00,751.27001953125,2026-10-21,Put,QQQ261021P00745000,745.0,7.67,,,,,0.0,False
QQQ,2026-10-10T02:51:59+00:00,751.27001953125,2026-10-21,Put,QQQ261021P00750000,750.0,10.37,,,,,0.0,False
QQQ,2026-10-10T02:51:59+00:00,751.27001953125,2026-10-21,Put,QQQ261021P00755000,755.0,13.13,,,,,0.0,True
QQQ,2026-10-10T02:51:59+00:00,751.27001953125,2026-10-21,Put,QQQ261021P00760000,760.0,15.73,,,,,0.0,True
QQQ,2026-10-10T02:51:59+00:00,751.27001953125,2026-10-21,Put,QQQ261021P00765000,765.0,19.29,,,,,0.0,True
QQQ,2026-10-10T02:51:59+00:00,751.27001953125,2026-10-21,Put,QQQ261021P00770000,770.0,23.27,,,,,0.0,True
SPY,2026-10-10T02:52:00+00:00,778.5700073242188,2026-10-19,Put,SPY261019P00560000,560.0,0.02,,,,,0.0,False
SPY,2026-10-10T02:52:00+00:00,778.5700073242188,2026-10-19,Put,SPY261019P00565000,565.0,0.02,,,,,0.0,False
SPY,2026-10-10T02:52:00+00:00,778.5700073242188,2026-10-19,Put,SPY261019P00570000,570.0,0.02,,,,,0.0,False
SPY,2026-10-10T02:52:00+00:00,778.5700073242188,2026-10-19,Put,SPY261019P00590000,590.0,0.02,,,,,0.0,False
SPY,2026-10-10T02:52:00+00:00,778.5700073242188,2026-10-23,Call,SPY261023C00550000,550.0,219.68,228.07,230.78,1.0,5.0,0.8706067626953125,True
SPY,2026-10-10T02:52:00+00:00,778.5700073242188,2026-10-23,Call,SPY261023C00555000,555.0,225.04,223.08,225.79,1.0,1.0,0.852540537109375,True
SPY,2026-10-10T02:52:00+00:00,778.5700073242188,2026-10-23,Call,SPY261023C00575000,575.0,204.73,203.12,205.84,2.0,1.0,0.7805197729492188,True
SPY,2026-10-10T02:52:00+00:00,778.5700073242188,2026-10-23,Call,SPY261023C00580000,580.0,186.39,198.12,200.85,,1.0,0.7619652709960938,True
SPY,2026-10-10T02:52:00+00:00,778.5700073242188,2026-10-23,Call,SPY261023C00585000,585.0,177.01,193.14,195.85,,1.0,0.74414318359375,True
SPY,2026-10-10T02:52:00+00:00,778.5700073242188,2026-10-23,Call,SPY261023C00590000,590.0,192.4,188.14,190.86,10.0,10.0,0.725588681640625,True
SPY,2026-10-10T02:52:00+00:00,778.5700073242188,2026-10-23,Call,SPY261023C00595000,595.0,169.81,183.15,185.86,1.0,1.0,0.7070341796875,True
SPY,2026-10-10T02:52:00+00:00,778.5700073242188,2026-10-23,Call,SPY261023C00600000,600.0,173.85,178.16,180.87,1.0,14.0,0.6894562304687502,True
SPY,2026-10-10T02:52:00+00:00,778.5700073242188,2026-10-23,Call,SPY261023C00605000,605.0,174.86,173.16,175.88,1.0,2.0,0.6711458666992189,True
SPY,2026-10-10T02:52:00+00:00,778.5700073242188,2026-10-23,Call,SPY261023C00615000,615.0,165.98,163.19,165.91,1.0,4.0,0.6370885900878906,True
SPY,2026-10-10T02:52:00+00:00,778.5700073242188,2026-10-23,Call,SPY261023C00620000,620.0,159.8,158.21,160.91,1.0,2.0,0.6196327099609377,True
SPY,2026-10-10T02:52:00+00:00,778.5700073242188,2026-10-23,Call,SPY261023C00625000,625.0,154.74,153.22,155.94,1.0,4.0,0.6030313134765627,True
SPY,2026-10-10T02:52:00+00:00,778.5700073242188,2026-10-23,Call,SPY261023C00630000,630.0,146.44,148.23,150.94,2.0,20.0,0.584965087890625,True
SPY,2026-10-10T02:52:00+00:00,778.5700073242188,2026-10-23,Call,SPY261023C00635000,635.0,128.93,143.24,145.95,,15.0,0.5675092077636719,True
SPY,2026-10-10T02:52:00+00:00,778.5700073242188,2026-10-23,Call,SPY261023C00640000,640.0,141.32,138.25,140.96,1.0,1.0,0.5500533276367189,True
SPY,2026-10-10T02:52:00+00:00,778.5700073242188,2026-10-23,Call,SPY261023C00645000,645.0,121.1,133.26,135.98,1.0,2.0,0.5330857238769531,True
SPY,2026-10-10T02:52:00+00:00,778.5700073242188,2026-10-23,Call,SPY261023C00650000,650.0,130.01,128.28,131.0,22.0,4.0,0.5164843273925781,True
SPY,2026-10-10T02:52:00+00:00,778.5700073242188,2026-10-23,Call,SPY261023C00655000,655.0,112.77,123.61,126.0,1.0,23.0,0.5117236328125,True
SPY,2026-10-10T02:52:00+00:00,778.5700073242188,2026-10-23,Call,SPY261023C00660000,660.0,121.46,118.3,121.01,2.0,14.0,0.5692181750488281,True
SPY,2026-10-10T02:52:00+00:00,778.5700073242188,2026-10-23,Call,SPY261023C00670000,670.0,110.22,108.33,111.05,1.0,9.0,0.5301560656738282,True
SPY,2026-10-10T02:52:00+00:00,778.5700073242188,2026-10-23,Call,SPY261023C00675000,675.0,104.72,103.34,106.05,1.0,25.0,0.5095263891601562,True
SPY,2026-10-10T02:52:00+00:00,778.5700073242188,2026-10-23,Call,SPY261023C00680000,680.0,90.09,98.35,101.06,5.0,26.0,0.48944602355957045,True
SPY,2026-10-10T02:52:00+00:00,778.5700073242188,2026-10-23,Call,SPY261023C00685000,685.0,96.79,93.37,96.1,1.0,7.0,0.47070841796875,True
SPY,2026-10-10T02:52:00+00:00,778.5700073242188,2026-10-23,Call,SPY261023C00690000,690.0,89.12,88.38,91.09,3.0,5.0,0.4495904650878906,True
SPY,2026-10-10T02:52:00+00:00,778.5700073242188,2026-10-23,Call,SPY261023C00695000,695.0,70.98,83.4,86.1,1.0,20.0,0.4294490649414063,True
SPY,2026-10-10T02:52:00+00:00,778.5700073242188,2026-10-23,Call,SPY261023C00700000,700.0,80.0,78.42,81.13,1.0,52.0,0.4099790447998046,True
SPY,2026-10-10T02:52:00+00:00,778.5700073242188,2026-10-23,Call,SPY261023C00705000,705.0,76.19,73.43,76.16,2.0,44.0,0.39038695556640624,True
SPY,2026-10-10T02:52:00+00:00,778.5700073242188,2026-10-23,Call,SPY261023C00710000,710.0,67.1,68.46,71.13,1.0,18.0,0.3683534844970704,True
SPY,2026-10-10T02:52:00+00:00,778.5700073242188,2026-10-23,Call,SPY261023C00715000,715.0,64.49,63.48,66.18,6.0,14.0,0.34931070617675775,True
SPY,2026-10-10T02:52:00+00:00,778.5700073242188,2026-10-23,Call,SPY261023C00720000,720.0,59.91,59.28,60.31,7.0,182.0,0.2942575457763671,True
SPY,2026-10-10T02:52:00+00:00,778.5700073242188,2026-10-23,Call,SPY261023C00721000,721.0,60.78,57.52,60.22,5.0,9.0,0.3253851641845703,True
SPY,2026-10-10T02:52:00+00:00,778.5700073242188,2026-10-23,Call,SPY261023C00722000,722.0,46.57,56.52,59.24,2.0,4.0,0.3218451605224609,True
SPY,2026-10-10T02:52:00+00:00,778.5700073242188,2026-10-23,Call,SPY261023C00723000,723.0,53.28,55.53,58.24,10.0,13.0,0.31757274230957033,True
SPY,2026-10-10T02:52:00+00:00,778.5700073242188,2026-10-23,Call,SPY261023C00724000,724.0,53.7,54.54,57.19,1.0,0.0,0.31153032226562494,True
SPY,2026-10-10T02:52:00+00:00,778.5700073242188,2026-10-23,Call,SPY261023C00725000,725.0,54.48,54.26,55.79,15.0,133.0,0.2930978894042968,True
SPY,2026-10-10T02:52:00+00:00,778.5700073242188,2026-10-23,Call,SPY261023C00726000,726.0,42.8,52.54,55.26,40.0,6.0,0.30542686767578126,True
SPY,2026-10-10T02:52:00+00:00,778.5700073242188,2026-10-23,Call,SPY261023C00727000,727.0,48.5,52.2,53.8,1.0,186.0,0.2851023638916015,True
SPY,2026-10-10T02:52:00+00:00,778.5700073242188,2026-10-23,Call,SPY261023C00728000,728.0,51.95,50.57,53.3,1.0,51.0,0.2981027221679687,True
SPY,2026-10-10T02:52:00+00:00,778.5700073242188,2026-10-23,Call,SPY261023C00729000,729.0,53.85,49.58,52.3,2.0,8.0,0.2937692694091796,True
SPY,2026-10-10T02:52:00+00:00,778.5700073242188,2026-10-23,Call,SPY261023C00730000,730.0,49.32,49.29,50.97,5.0,179.0,0.27851063293457035,True
SPY,2026-10-10T02:52:00+00:00,778.5700073242188,2026-10-23,Call,SPY261023C00731000,731.0,40.53,47.6,50.31,,6.0,0.2854075366210937,True
SPY,2026-10-10T02:52:00+00:00,778.5700073242188,2026-10-23,Call,SPY261023C00732000,732.0,38.56,46.66,49.25,1.0,30.0,0.2791820129394531,True
SPY,2026-10-10T02:52:00+00:00,778.5700073242188,2026-10-23,Call,SPY261023C00733000,733.0,36.31,45.67,48.33,2.0,13.0,0.27735097656249996,True
SPY,2026-10-10T02:52:00+00:00,778.5700073242188,2026-10-23,Call,SPY261023C00734000,734.0,39.79,44.64,47.35,2.0,8.0,0.2735668347167969,True
SPY,2026-10-10T02:52:00+00:00,778.5700073242188,2026-10-23,Call,SPY261023C00735000,735.0,42.93,44.36,46.03,7.0,178.0,0.2591016473388672,True
SPY,2026-10-10T02:52:00+00:00,778.5700073242188,2026-10-23,Call,SPY261023C00736000,736.0,33.8,42.75,45.33,1.0,26.0,0.26416751464843746,True
SPY,2026-10-10T02:52:00+00:00,778.5700073242188,2026-10-23,Call,SPY261023C00737000,737.0,37.86,41.67,44.38,1.0,16.0,0.2612378564453125,True
SPY,2026-10-10T02:52:00+00:00,778.5700073242188,2026-10-23,Call,SPY261023C00739000,739.0,28.03,39.72,42.38,2.0,10.0,0.25238784729003905,True
SPY,2026-10-10T02:52:00+00:00,778.5700073242188,2026-10-23,Call,SPY261023C00740000,740.0,40.16,39.52,40.42,11.0,198.0,0.21772022521972656,True
SPY,2026-10-10T02:52:00+00:00,778.5700073242188,2026-10-23,Call,SPY261023C00741000,741.0,25.32,37.85,40.36,1.0,6.0,0.24286645812988278,True
SPY,2026-10-10T02:52:00+00:00,778.5700073242188,2026-10-23,Call,SPY261023C00742000,742.0,36.63,37.5,39.03,8.0,118.0,0.2287064434814453,True
SPY,2026-10-10T02:52:00+00:00,778.5700073242188,2026-10-23,Call,SPY261023C00743000,743.0,23.96,35.89,38.34,1.0,9.0,0.2332840344238281,True
SPY,2026-10-10T02:52:00+00:00,778.5700073242188,2026-10-23,Call,SPY261023C00744000,744.0,34.49,34.96,37.44,2.0,36.0,0.23157506713867188,True
SPY,2026-10-10T02:52:00+00:00,778.5700073242188,2026-10-23,Call,SPY261023C00745000,745.0,35.42,34.32,36.24,5.0,171.0,0.22144333251953124,True
SPY,2026-10-10T02:52:00+00:00,778.5700073242188,2026-10-23,Call,SPY261023C00746000,746.0,33.56,33.02,35.45,4.0,67.0,0.22272505798339842,True
SPY,2026-10-10T02:52:00+00:00,778.5700073242188,2026-10-23,Call,SPY261023C00747000,747.0,30.27,32.07,34.52,1.0,64.0,0.2199785034179687,True
SPY,2026-10-10T02:52:00+00:00,778.5700073242188,2026-10-23,Call,SPY261023C00748000,748.0,20.02,31.08,33.53,1.0,58.0,0.21558401611328126,True
SPY,2026-10-10T02:52:00+00:00,778.5700073242188,2026-10-23,Call,SPY261023C00749000,749.0,28.67,30.18,32.5,2.0,40.0,0.21015194152832029,True
SPY,2026-10-10T02:52:00+00:00,778.5700073242188,2026-10-23,Call,SPY261023C00750000,750.0,29.7,29.77,31.28,4.0,3045.0,0.19974555145263673,True
SPY,2026-10-10T02:52:00+00:00,778.5700073242188,2026-10-23,Call,SPY261023C00751000,751.0,28.03,28.81,30.27,4.0,349.0,0.1948322705078125,True
SPY,2026-10-10T02:52:00+00:00,778.5700073242188,2026-10-23,Call,SPY261023C00752000,752.0,28.6,27.94,29.2,6.0,342.0,0.18836260864257812,True
SPY,2026-10-10T02:52:00+00:00,778.5700073242188,2026-10-23,Call,SPY261023C00753000,753.0,26.18,26.45,28.9,4.0,90.0,0.2010577941894531,True
SPY,2026-10-10T02:52:00+00:00,778.5700073242188,2026-10-23,Call,SPY261023C00754000,754.0,26.94,26.05,27.52,2.0,213.0,0.1870198486328125,True
SPY,2026-10-10T02:52:00+00:00,778.5700073242188,2026-10-23,Call,SPY261023C00755000,755.0,26.19,24.78,26.64,12.0,944.0,0.18512777770996092,True
SPY,2026-10-10T02:52:00+00:00,778.5700073242188,2026-10-23,Call,SPY261023C00756000,756.0,24.9,23.69,25.78,17.0,66.0,0.18354087951660153,True
SPY,2026-10-10T02:52:00+00:00,778.5700073242188,2026-10-23,Call,SPY261023C00757000,757.0,24.02,23.57,24.0,15.0,271.0,0.15992051025390625,True
SPY,2026-10-10T02:52:00+00:00,778.5700073242188,2026-10-23,Call,SPY261023C00758000,758.0,23.26,22.67,23.08,14.0,301.0,0.15714343841552736,True
SPY,2026-10-10T02:52:00+00:00,778.5700073242188,2026-10-23,Call,SPY261023C00759000,759.0,21.75,21.74,22.16,7.0,708.0,0.15424429748535157,True
SPY,2026-10-10T02:52:00+00:00,778.5700073242188,2026-10-23,Call,SPY261023C00760000,760.0,20.94,20.83,21.25,55.0,3394.0,0.1514977429199219,True
SPY,2026-10-10T02:52:00+00:00,778.5700073242188,2026-10-23,Call,SPY261023C00761000,761.0,20.5,19.94,20.37,4.0,494.0,0.14926998199462893,True
SPY,2026-10-10T02:52:00+00:00,778.5700073242188,2026-10-23,Call,SPY261023C00762000,762.0,18.8,19.05,19.45,11.0,330.0,0.14600463378906248,True
SPY,2026-10-10T02:52:00+00:00,778.5700073242188,2026-10-23,Call,SPY261023C00763000,763.0,18.26,18.16,18.57,18.0,562.0,0.14350221740722657,True
SPY,2026-10-10T02:52:00+00:00,778.5700073242188,2026-10-23,Call,SPY261023C00764000,764.0,17.6,17.29,17.69,23.0,536.0,0.1408166973876953,True
SPY,2026-10-10T02:52:00+00:00,778.5700073242188,2026-10-23,Call,SPY261023C00765000,765.0,16.38,16.43,16.82,131.0,2239.0,0.1381922119140625,True
SPY,2026-10-10T02:52:00+00:00,778.5700073242188,2026-10-23,Call,SPY261023C00766000,766.0,16.12,15.62,15.97,369.0,1117.0,0.13581186462402345,True
SPY,2026-10-10T02:52:00+00:00,778.5700073242188,2026-10-23,Call,SPY261023C00767000,767.0,14.88,14.76,15.13,1111.0,649.0,0.13343151733398437,True
SPY,2026-10-10T02:52:00+00:00,778.5700073242188,2026-10-23,Call,SPY261023C00768000,768.0,14.0,13.94,14.3,1031.0,2105.0,0.13102065277099606,True
SPY,2026-10-10T02:52:00+00:00,778.5700073242188,2026-10-23,Call,SPY261023C00769000,769.0,13.17,13.13,13.49,944.0,897.0,0.1287928918457031,True
SPY,2026-10-10T02:52:00+00:00,778.5700073242188,2026-10-23,Call,SPY261023C00770000,770.0,12.47,12.34,12.7,3592.0,3969.0,0.1266566827392578,True
SPY,2026-10-10T02:52:00+00:00,778.5700073242188,2026-10-23,Call,SPY261023C00771000,771.0,11.65,11.55,11.92,103.0,1665.0,0.12448995635986329,True
SPY,2026-10-10T02:52:00+00:00,778.5700073242188,2026-10-23,Call,SPY261023C00772000,772.0,10.92,10.79,11.16,142.0,1702.0,0.12241478179931642,True
SPY,2026-10-10T02:52:00+00:00,778.5700073242188,2026-10-23,Call,SPY261023C00773000,773.0,10.13,10.05,10.42,385.0,1830.0,0.12040064178466797,True
SPY,2026-10-10T02:52:00+00:00,778.5700073242188,2026-10-23,Call,SPY261023C00774000,774.0,9.5,9.49,9.62,252.0,1109.0,0.11707425903320312,True
SPY,2026-10-10T02:52:00+00:00,778.5700073242188,2026-10-23,Call,SPY261023C00775000,775.0,8.66,8.66,8.98,1373.0,2371.0,0.11615874084472656,True
SPY,2026-10-10T02:52:00+00:00,778.5700073242188,2026-10-23,Call,SPY261023C00776000,776.0,8.23,8.11,8.28,856.0,1639.0,0.11390046264648437,True
SPY,2026-10-10T02:52:00+00:00,778.5700073242188,2026-10-23,Call,SPY261023C00777000,777.0,7.33,7.47,7.6,1118.0,1384.0,0.11164218444824218,True
SPY,2026-10-10T02:52:00+00:00,778.5700073242188,2026-10-23,Call,SPY261023C00778000,778.0,6.86,6.79,7.01,2292.0,761.0,0.1105130453491211,True
SPY,2026-10-10T02:52:00+00:00,778.5700073242188,2026-10-23,Call,SPY261023C00779000,779.0,6.29,6.29,6.33,779.0,1465.0,0.10749183532714844,False
SPY,2026-10-10T02:52:00+00:00,778.5700073242188,2026-10-23,Call,SPY261023C00780000,780.0,5.75,5.72,5.76,3174.0,2724.0,0.10590493713378905,False
SPY,2026-10-10T02:52:00+00:00,778.5700073242188,2026-10-23,Call,SPY261023C00781000,781.0,5.2,5.19,5.23,625.0,1522.0,0.10456217712402342,False
SPY,2026-10-10T02:52:00+00:00,778.5700073242188,2026-10-23,Call,SPY261023C00782000,782.0,4.71,4.7,4.72,882.0,1565.0,0.10309734802246093,False
SPY,2026-10-10T02:52:00+00:00,778.5700073242188,2026-10-23,Call,SPY261023C00783000,783.0,4.24,4.22,4.25,753.0,969.0,0.10187665710449219,False
SPY,2026-10-10T02:52:00+00:00,778.5700073242188,2026-10-23,Call,SPY261023C00784000,784.0,3.78,3.77,3.81,836.0,1066.0,0.10068648345947265,False
SPY,2026-10-10T02:52:00+00:00,778.5700073242188,2026-10-23,Call,SPY261023C00785000,785.0,3.4,3.37,3.4,2924.0,2892.0,0.09955734436035156,False
SPY,2026-10-10T02:52:00+00:00,778.5700073242188,2026-10-23,Call,SPY261023C00786000,786.0,3.03,2.98,3.02,569.0,1483.0,0.09845872253417969,False
SPY,2026-10-10T02:52:00+00:00,778.5700073242188,2026-10-23,Call,SPY261023C00787000,787.0,2.64,2.64,2.67,571.0,885.0,0.09745165252685548,False
SPY,2026-10-10T02:52:00+00:00,778.5700073242188,2026-10-23,Call,SPY261023C00788000,788.0,2.35,2.33,2.35,6499.0,1115.0,0.09650561706542969,False
SPY,2026-10-10T02:52:00+00:00,778.5700073242188,2026-10-23,Call,SPY261023C00789000,789.0,2.05,2.04,2.06,335.0,1942.0,0.09562061614990236,False
SPY,2026-10-10T02:52:00+00:00,778.5700073242188,2026-10-23,Call,SPY261023C00790000,790.0,1.8,1.79,1.8,24438.0,5254.0,0.09485768432617189,False
SPY,2026-10-10T02:52:00+00:00,778.5700073242188,2026-10-23,Call,SPY261023C00791000,791.0,1.57,1.55,1.57,409.0,1641.0,0.0942473388671875,False
SPY,2026-10-10T02:52:00+00:00,778.5700073242188,2026-10-23,Call,SPY261023C00792000,792.0,1.33,1.34,1.36,503.0,889.0,0.0935759588623047,False
SPY,2026-10-10T02:52:00+00:00,778.5700073242188,2026-10-23,Call,SPY261023C00793000,793.0,1.15,1.16,1.17,314.0,1156.0,0.09290457885742187,False
SPY,2026-10-10T02:52:00+00:00,778.5700073242188,2026-10-23,Call,SPY261023C00794000,794.0,1.01,1.0,1.01,205.0,983.0,0.0924773370361328,False
SPY,2026-10-10T02:52:00+00:00,778.5700073242188,2026-10-23,Call,SPY261023C00795000,795.0,0.87,0.86,0.87,439.0,4140.0,0.09217216430664063,False
SPY,2026-10-10T02:52:00+00:00,778.5700073242188,2026-10-23,Call,SPY261023C00796000,796.0,0.74,0.73,0.75,134.0,962.0,0.09198906066894531,False
SPY,2026-10-10T02:52:00+00:00,778.5700073242188,2026-10-23,Call,SPY261023C00797000,797.0,0.6,0.62,0.64,290.0,1684.0,0.09168388793945312,False
SPY,2026-10-10T02:52:00+00:00,778.5700073242188,2026-10-23,Call,SPY261023C00798000,798.0,0.55,0.53,0.54,595.0,1426.0,0.09119561157226563,False
SPY,2026-10-10T02:52:00+00:00,778.5700073242188,2026-10-23,Call,SPY261023C00799000,799.0,0.44,0.45,0.46,163.0,1474.0,0.09107354248046876,False
SPY,2026-10-10T02:52:00+00:00,778.5700073242188,2026-10-23,Call,SPY261023C00800000,800.0,0.36,0.38,0.39,2118.0,9303.0,0.09095147338867188,False
SPY,2026-10-10T02:52:00+00:00,778.5700073242188,2026-10-23,Call,SPY261023C00801000,801.0,0.32,0.32,0.33,5365.0,1054.0,0.090829404296875,False
SPY,2026-10-10T02:52:00+00:00,778.5700073242188,2026-10-23,Call,SPY261023C00802000,802.0,0.28,0.27,0.28,268.0,1635.0,0.09095147338867188,False
SPY,2026-10-10T02:52:00+00:00,778.5700073242188,2026-10-23,Call,SPY261023C00803000,803.0,0.23,0.23,0.24,17.0,661.0,0.09119561157226563,False
SPY,2026-10-10T02:52:00+00:00,778.5700073242188,2026-10-23,Call,SPY261023C00804000,804.0,0.22,0.2,0.21,22.0,646.0,0.09180595703125,False
SPY,2026-10-10T02:52:00+00:00,778.5700073242188,2026-10-23,Call,SPY261023C00805000,805.0,0.19,0.17,0.18,345.0,999.0,0.09217216430664063,False
SPY,2026-10-10T02:52:00+00:00,778.5700073242188,2026-10-23,Call,SPY261023C00806000,806.0,0.15,0.15,0.16,296.0,731.0,0.09302664794921875,False
SPY,2026-10-10T02:52:00+00:00,778.5700073242188,2026-10-23,Call,SPY261023C00807000,807.0,0.1,0.13,0.14,98.0,507.0,0.0937590625,False
SPY,2026-10-10T02:52:00+00:00,778.5700073242188,2026-10-23,Call,SPY261023C00808000,808.0,0.12,0.11,0.12,17.0,344.0,0.09400320068359375,False
SPY,2026-10-10T02:52:00+00:00,778.5700073242188,2026-10-23,Call,SPY261023C00809000,809.0,0.1,0.1,0.11,9.0,227.0,0.09546802978515626,False
SPY,2026-10-10T02:52:00+00:00,778.5700073242188,2026-10-23,Call,SPY261023C00810000,810.0,0.08,0.08,0.09,34.0,708.0,0.09522389160156251,False
SPY,2026-10-10T02:52:00+00:00,778.5700073242188,2026-10-23,Call,SPY261023C00811000,811.0,0.08,0.08,0.09,6.0,249.0,0.0976652734375,False
SPY,2026-10-10T02:52:00+00:00,778.5700073242188,2026-10-23,Call,SPY261023C00812000,812.0,0.07,0.07,0.08,5.0,651.0,0.098641826171875,False
SPY,2026-10-10T02:52:00+00:00,778.5700073242188,2026-10-23,Call,SPY261023C00813000,813.0,0.04,0.06,0.07,6.0,369.0,0.0991301025390625,False
SPY,2026-10-10T02:52:00+00:00,778.5700073242188,2026-10-23,Call,SPY261023C00814000,814.0,0.06,0.06,0.07,73.0,1117.0,0.10157148437499999,False
SPY,2026-10-10T02:52:00+00:00,778.5700073242188,2026-10-23,Call,SPY261023C00815000,815.0,0.05,0.05,0.06,10.0,3091.0,0.10205976074218749,False
SPY,2026-10-10T02:52:00+00:00,778.5700073242188,2026-10-23,Call,SPY261023C00816000,816.0,0.1,0.05,0.06,4.0,518.0,0.10450114257812498,False
SPY,2026-10-10T02:52:00+00:00,778.5700073242188,2026-10-23,Call,SPY261023C00817000,817.0,0.05,0.04,0.05,2.0,104.0,0.10450114257812498,False
SPY,2026-10-10T02:52:00+00:00,778.5700073242188,2026-10-23,Call,SPY261023C00818000,818.0,0.04,0.04,0.05,2.0,673.0,0.106454248046875,False
SPY,2026-10-10T02:52:00+00:00,778.5700073242188,2026-10-23,Call,SPY261023C00819000,819.0,0.03,0.04,0.05,740.0,760.0,0.1088956298828125,False
SPY,2026-10-10T02:52:00+00:00,778.5700073242188,2026-10-23,Call,SPY261023C00820000,820.0,0.04,0.04,0.05,25.0,463.0,0.11133701171874999,False
SPY,2026-10-10T02:52:00+00:00,778.5700073242188,2026-10-23,Call,SPY261023C00821000,821.0,0.03,0.03,0.04,12.0,726.0,0.11036045898437499,False
SPY,2026-10-10T02:52:00+00:00,778.5700073242188,2026-10-23,Call,SPY261023C00822000,822.0,0.08,0.03,0.04,1.0,192.0,0.1128018408203125,False
SPY,2026-10-10T02:52:00+00:00,778.5700073242188,2026-10-23,Call,SPY261023C00823000,823.0,0.03,0.03,0.04,1.0,272.0,0.1147549462890625,False
SPY,2026-10-10T02:52:00+00:00,778.5700073242188,2026-10-23,Call,SPY261023C00824000,824.0,0.04,0.03,0.04,6.0,27.0,0.117196328125,False
SPY,2026-10-10T02:52:00+00:00,778.5700073242188,2026-10-23,Call,SPY261023C00825000,825.0,0.03,0.03,0.04,1.0,1295.0,0.11914943359374999,False
SPY,2026-10-10T02:52:00+00:00,778.5700073242188,2026-10-23,Call,SPY261023C00830000,830.0,0.01,0.02,0.03,1.0,1557.0,0.125985302734375,False
SPY,2026-10-10T02:52:00+00:00,778.5700073242188,2026-10-23,Call,SPY261023C00835000,835.0,0.02,0.02,0.03,77.0,605.0,0.13672738281250002,False
SPY,2026-10-10T02:52:00+00:00,778.5700073242188,2026-10-23,Call,SPY261023C00840000,840.0,0.01,0.01,0.02,99.0,308.0,0.14063359375,False
SPY,2026-10-10T02:52:00+00:00,778.5700073242188,2026-10-23,Call,SPY261023C00845000,845.0,0.01,0.01,0.02,20.0,198.0,0.15039912109375003,False
SPY,2026-10-10T02:52:00+00:00,778.5700073242188,2026-10-23,Call,SPY261023C00850000,850.0,0.02,0.01,0.02,1.0,420.0,0.1601646484375,False
SPY,2026-10-10T02:52:00+00:00,778.5700073242188,2026-10-23,Call,SPY261023C00855000,855.0,0.01,0.01,0.02,4.0,227.0,0.16993017578125003,False
SPY,2026-10-10T02:52:00+00:00,778.5700073242188,2026-10-23,Call,SPY261023C00860000,860.0,0.01,0.01,0.02,34.0,217.0,0.179695703125,False
SPY,2026-10-10T02:52:00+00:00,778.5700073242188,2026-10-23,Call,SPY261023C00865000,865.0,0.02,0.01,0.02,5.0,408.0,0.18946123046875002,False
SPY,2026-10-10T02:52:00+00:00,778.5700073242188,2026-10-23,Call,SPY261023C00870000,870.0,0.01,0.0,0.01,2.0,212.0,0.187508125,False
SPY,2026-10-10T02:52:00+00:00,778.5700073242188,2026-10-23,Call,SPY261023C00875000,875.0,0.02,0.0,0.01,10.0,213.0,0.195320546875,False
SPY,2026-10-10T02:52:00+00:00,778.5700073242188,2026-10-23,Call,SPY261023C00880000,880.0,0.03,0.0,0.01,24.0,116.0,0.20313296874999998,False
SPY,2026-10-10T02:52:00+00:00,778.5700073242188,2026-10-23,Call,SPY261023C00885000,885.0,0.01,0.0,0.01,1.0,601.0,0.21094539062499998,False
SPY,2026-10-10T02:52:00+00:00,778.5700073242188,2026-10-23,Call,SPY261023C00890000,890.0,0.01,0.0,0.01,418.0,443.0,0.22266402343749997,False
SPY,2026-10-10T02:52:00+00:00,778.5700073242188,2026-10-23,Call,SPY261023C00895000,895.0,0.01,0.0,0.01,418.0,444.0,0.2304764453125,False
SPY,2026-10-10T02:52:00+00:00,778.5700073242188,2026-10-23,Call,SPY261023C00905000,905.0,0.01,0.0,0.01,16.0,26.0,0.2461012890625,False
SPY,2026-10-10T02:52:00+00:00,778.5700073242188,2026-10-23,Call,SPY261023C00915000,915.0,0.02,0.0,0.01,,6.0,0.2617261328125,False
SPY,2026-10-10T02:52:00+00:00,778.5700073242188,2026-10-23,Call,SPY261023C00920000,920.0,0.01,0.0,0.01,,50.0,0.2695385546875,False
SPY,2026-10-10T02:52:00+00:00,778.5700073242188,2026-10-23,Call,SPY261023C00930000,930.0,0.01,0.0,0.01,1.0,1.0,0.28516339843749994,False
SPY,2026-10-10T02:52:00+00:00,778.5700073242188,2026-10-23,Put,SPY261023P00545000,545.0,0.03,0.02,0.03,1.0,108.0,0.5976602734375001,False
SPY,2026-10-10T02:52:00+00:00,778.5700073242188,2026-10-23,Put,SPY261023P00550000,550.0,0.03,0.02,0.03,6.0,317.0,0.585941640625,False
SPY,2026-10-10T02:52:00+00:00,778.5700073242188,2026-10-23,Put,SPY261023P00555000,555.0,0.03,0.03,0.04,1.0,14.0,0.585941640625,False
SPY,2026-10-10T02:52:00+00:00,778.5700073242188,2026-10-23,Put,SPY261023P00560000,560.0,0.03,0.03,0.04,48.0,914.0,0.5722699023437501,False
SPY,2026-10-10T02:52:00+00:00,778.5700073242188,2026-10-23,Put,SPY261023P00565000,565.0,0.04,0.03,0.04,5.0,242.0,0.5585981640625001,False
SPY,2026-10-10T02:52:00+00:00,778.5700073242188,2026-10-23,Put,SPY261023P00570000,570.0,0.03,0.03,0.04,108.0,58.0,0.5429733203125001,False
SPY,2026-10-10T02:52:00+00:00,778.5700073242188,2026-10-23,Put,SPY261023P00575000,575.0,0.04,0.03,0.04,184.0,58.0,0.5312546875,False
SPY,2026-10-10T02:52:00+00:00,778.5700073242188,2026-10-23,Put,SPY261023P00580000,580.0,0.03,0.03,0.04,96.0,69.0,0.51562984375,False
SPY,2026-10-10T02:52:00+00:00,778.5700073242188,2026-10-23,Put,SPY261023P00585000,585.0,0.04,0.04,0.05,10.0,48.0,0.5136767382812499,False
SPY,2026-10-10T02:52:00+00:00,778.5700073242188,2026-10-23,Put,SPY261023P00590000,590.0,0.05,0.04,0.05,2.0,460.0,0.500005,False
SPY,2026-10-10T02:52:00+00:00,778.5700073242188,2026-10-23,Put,SPY261023P00595000,595.0,0.04,0.04,0.05,195.0,106.0,0.49023947265625006,False
SPY,2026-10-10T02:52:00+00:00,778.5700073242188,2026-10-23,Put,SPY261023P00600000,600.0,0.04,0.04,0.05,88.0,398.0,0.476567734375,False
SPY,2026-10-10T02:52:00+00:00,778.5700073242188,2026-10-23,Put,SPY261023P00605000,605.0,0.05,0.04,0.05,6.0,289.0,0.46289599609375004,False
SPY,2026-10-10T02:52:00+00:00,778.5700073242188,2026-10-23,Put,SPY261023P00610000,610.0,0.04,0.05,0.06,3.0,644.0,0.45703667968750006,False
SPY,2026-10-10T02:52:00+00:00,778.5700073242188,2026-10-23,Put,SPY261023P00615000,615.0,0.05,0.05,0.06,24.0,125.0,0.44336494140625,False
SPY,2026-10-10T02:52:00+00:00,778.5700073242188,2026-10-23,Put,SPY261023P00620000,620.0,0.05,0.05,0.06,12.0,339.0,0.42969320312500003,False
SPY,2026-10-10T02:52:00+00:00,778.5700073242188,2026-10-23,Put,SPY261023P00625000,625.0,0.06,0.06,0.07,91.0,482.0,0.42188078125,False
SPY,2026-10-10T02:52:00+00:00,778.5700073242188,2026-10-23,Put,SPY261023P00630000,630.0,0.06,0.06,0.07,10.0,107.0,0.40820904296875,False
SPY,2026-10-10T02:52:00+00:00,778.5700073242188,2026-10-23,Put,SPY261023P00635000,635.0,0.06,0.07,0.08,60.0,328.0,0.40039662109375,False
SPY,2026-10-10T02:52:00+00:00,778.5700073242188,2026-10-23,Put,SPY261023P00640000,640.0,0.07,0.07,0.08,8.0,367.0,0.3857483300781249,False
SPY,2026-10-10T02:52:00+00:00,778.5700073242188,2026-10-23,Put,SPY261023P00645000,645.0,0.08,0.08,0.09,12.0,205.0,0.37695935546875,False
SPY,2026-10-10T02:52:00+00:00,778.5700073242188,2026-10-23,Put,SPY261023P00650000,650.0,0.08,0.08,0.09,85.0,1879.0,0.3632876171875,False
SPY,2026-10-10T02:52:00+00:00,778.5700073242188,2026-10-23,Put,SPY261023P00655000,655.0,0.11,0.09,0.1,20.0,330.0,0.35352208984374994,False
SPY,2026-10-10T02:52:00+00:00,778.5700073242188,2026-10-23,Put,SPY261023P00660000,660.0,0.08,0.09,0.1,113.0,792.0,0.3398503515625,False
SPY,2026-10-10T02:52:00+00:00,778.5700073242188,2026-10-23,Put,SPY261023P00665000,665.0,0.09,0.1,0.11,3.0,974.0,0.32910827148437494,False
SPY,2026-10-10T02:52:00+00:00,778.5700073242188,2026-10-23,Put,SPY261023P00670000,670.0,0.1,0.1,0.11,351.0,1725.0,0.3154365332031249,False
SPY,2026-10-10T02:52:00+00:00,778.5700073242188,2026-10-23,Put,SPY261023P00675000,675.0,0.11,0.11,0.12,16.0,2608.0,0.304694453125,False
SPY,2026-10-10T02:52:00+00:00,778.5700073242188,2026-10-23,Put,SPY261023P00680000,680.0,0.12,0.12,0.13,130.0,2046.0,0.2934640966796874,False
SPY,2026-10-10T02:52:00+00:00,778.5700073242188,2026-10-23,Put,SPY261023P00685000,685.0,0.13,0.12,0.13,54.0,1660.0,0.27930408203124996,False
SPY,2026-10-10T02:52:00+00:00,778.5700073242188,2026-10-23,Put,SPY261023P00690000,690.0,0.12,0.13,0.14,62.0,1531.0,0.26807372558593745,False
SPY,2026-10-10T02:52:00+00:00,778.5700073242188,2026-10-23,Put,SPY261023P00695000,695.0,0.14,0.14,0.15,261.0,3472.0,0.2561109545898438,False
SPY,2026-10-10T02:52:00+00:00,778.5700073242188,2026-10-23,Put,SPY261023P00700000,700.0,0.16,0.15,0.16,383.0,3129.0,0.24414818359375,False
SPY,2026-10-10T02:52:00+00:00,778.5700073242188,2026-10-23,Put,SPY261023P00705000,705.0,0.16,0.16,0.17,433.0,1590.0,0.23169713623046873,False
SPY,2026-10-10T02:52:00+00:00,778.5700073242188,2026-10-23,Put,SPY261023P00710000,710.0,0.17,0.18,0.19,139.0,8044.0,0.22071091796874998,False
SPY,2026-10-10T02:52:00+00:00,778.5700073242188,2026-10-23,Put,SPY261023P00715000,715.0,0.2,0.2,0.21,1171.0,8023.0,0.2092364233398437,False
SPY,2026-10-10T02:52:00+00:00,778.5700073242188,2026-10-23,Put,SPY261023P00720000,720.0,0.22,0.22,0.23,154.0,2186.0,0.19727365234375,False
SPY,2026-10-10T02:52:00+00:00,778.5700073242188,2026-10-23,Put,SPY261023P00721000,721.0,0.22,0.22,0.23,16.0,318.0,0.194343994140625,False
SPY,2026-10-10T02:52:00+00:00,778.5700073242188,2026-10-23,Put,SPY261023P00722000,722.0,0.24,0.23,0.24,16.0,265.0,0.19263502685546874,False
SPY,2026-10-10T02:52:00+00:00,778.5700073242188,2026-10-23,Put,SPY261023P00723000,723.0,0.25,0.23,0.24,16.0,261.0,0.18946123046875002,False
SPY,2026-10-10T02:52:00+00:00,778.5700073242188,2026-10-23,Put,SPY261023P00724000,724.0,0.25,0.24,0.25,3.0,1419.0,0.18775226318359373,False
SPY,2026-10-10T02:52:00+00:00,778.5700073242188,2026-10-23,Put,SPY261023P00725000,725.0,0.25,0.25,0.26,673.0,29096.0,0.1860432958984375,False
SPY,2026-10-10T02:52:00+00:00,778.5700073242188,2026-10-23,Put,SPY261023P00726000,726.0,0.25,0.25,0.26,26.0,401.0,0.1828694995117187,False
SPY,2026-10-10T02:52:00+00:00,778.5700073242188,2026-10-23,Put,SPY261023P00727000,727.0,0.26,0.26,0.27,18.0,688.0,0.18091639404296872,False
SPY,2026-10-10T02:52:00+00:00,778.5700073242188,2026-10-23,Put,SPY261023P00728000,728.0,0.27,0.27,0.28,427.0,414.0,0.17896328857421873,False
SPY,2026-10-10T02:52:00+00:00,778.5700073242188,2026-10-23,Put,SPY261023P00729000,729.0,0.28,0.28,0.29,109.0,801.0,0.17701018310546873,False
SPY,2026-10-10T02:52:00+00:00,778.5700073242188,2026-10-23,Put,SPY261023P00730000,730.0,0.28,0.29,0.3,395.0,2872.0,0.174812939453125,False
SPY,2026-10-10T02:52:00+00:00,778.5700073242188,2026-10-23,Put,SPY261023P00731000,731.0,0.4,0.3,0.31,14.0,653.0,0.17273776489257814,False
SPY,2026-10-10T02:52:00+00:00,778.5700073242188,2026-10-23,Put,SPY261023P00732000,732.0,0.31,0.31,0.32,141.0,1191.0,0.1706625903320313,False
SPY,2026-10-10T02:52:00+00:00,778.5700073242188,2026-10-23,Put,SPY261023P00733000,733.0,0.32,0.32,0.33,19.0,915.0,0.16834327758789067,False
SPY,2026-10-10T02:52:00+00:00,778.5700073242188,2026-10-23,Put,SPY261023P00734000,734.0,0.34,0.33,0.34,30.0,386.0,0.16602396484375004,False
SPY,2026-10-10T02:52:00+00:00,778.5700073242188,2026-10-23,Put,SPY261023P00735000,735.0,0.34,0.34,0.35,637.0,2358.0,0.1638267211914063,False
SPY,2026-10-10T02:52:00+00:00,778.5700073242188,2026-10-23,Put,SPY261023P00736000,736.0,0.36,0.36,0.37,201.0,1916.0,0.16223982299804687,False
SPY,2026-10-10T02:52:00+00:00,778.5700073242188,2026-10-23,Put,SPY261023P00737000,737.0,0.37,0.37,0.38,153.0,757.0,0.15979844116210937,False
SPY,2026-10-10T02:52:00+00:00,778.5700073242188,2026-10-23,Put,SPY261023P00738000,738.0,0.39,0.39,0.4,220.0,694.0,0.15808947387695313,False
SPY,2026-10-10T02:52:00+00:00,778.5700073242188,2026-10-23,Put,SPY261023P00739000,739.0,0.41,0.4,0.41,138.0,520.0,0.15552602294921875,False
SPY,2026-10-10T02:52:00+00:00,778.5700073242188,2026-10-23,Put,SPY261023P00740000,740.0,0.42,0.42,0.43,3713.0,12429.0,0.15369498657226563,False
SPY,2026-10-10T02:52:00+00:00,778.5700073242188,2026-10-23,Put,SPY261023P00741000,741.0,0.44,0.44,0.45,59.0,841.0,0.15174188110351564,False
SPY,2026-10-10T02:52:00+00:00,778.5700073242188,2026-10-23,Put,SPY261023P00742000,742.0,0.47,0.46,0.47,73.0,1576.0,0.14966670654296876,False
SPY,2026-10-10T02:52:00+00:00,778.5700073242188,2026-10-23,Put,SPY261023P00743000,743.0,0.5,0.49,0.5,115.0,807.0,0.14820187744140628,False
SPY,2026-10-10T02:52:00+00:00,778.5700073242188,2026-10-23,Put,SPY261023P00744000,744.0,0.52,0.51,0.52,80.0,1036.0,0.14600463378906248,False
SPY,2026-10-10T02:52:00+00:00,778.5700073242188,2026-10-23,Put,SPY261023P00745000,745.0,0.55,0.54,0.55,264.0,30338.0,0.14429566650390624,False
SPY,2026-10-10T02:52:00+00:00,778.5700073242188,2026-10-23,Put,SPY261023P00746000,746.0,0.57,0.57,0.58,138.0,753.0,0.14246463012695312,False
SPY,2026-10-10T02:52:00+00:00,778.5700073242188,2026-10-23,Put,SPY261023P00747000,747.0,0.61,0.6,0.61,367.0,2395.0,0.14057255920410155,False
SPY,2026-10-10T02:52:00+00:00,778.5700073242188,2026-10-23,Put,SPY261023P00748000,748.0,0.65,0.64,0.65,835.0,528.0,0.13904669555664065,False
SPY,2026-10-10T02:52:00+00:00,778.5700073242188,2026-10-23,Put,SPY261023P00749000,749.0,0.69,0.68,0.69,168.0,3226.0,0.1373377282714844,False
SPY,2026-10-10T02:52:00+00:00,778.5700073242188,2026-10-23,Put,SPY261023P00750000,750.0,0.71,0.72,0.73,1525.0,3944.0,0.1355066918945313,False
SPY,2026-10-10T02:52:00+00:00,778.5700073242188,2026-10-23,Put,SPY261023P00751000,751.0,0.77,0.76,0.77,112.0,614.0,0.1336146209716797,False
SPY,2026-10-10T02:52:00+00:00,778.5700073242188,2026-10-23,Put,SPY261023P00752000,752.0,0.8,0.81,0.82,150.0,753.0,0.13196668823242189,False
SPY,2026-10-10T02:52:00+00:00,778.5700073242188,2026-10-23,Put,SPY261023P00753000,753.0,0.86,0.86,0.88,981.0,5211.0,0.13056289367675777,False
SPY,2026-10-10T02:52:00+00:00,778.5700073242188,2026-10-23,Put,SPY261023P00754000,754.0,0.94,0.92,0.93,445.0,1681.0,0.12860978820800778,False
SPY,2026-10-10T02:52:00+00:00,778.5700073242188,2026-10-23,Put,SPY261023P00755000,755.0,0.99,0.98,1.0,1771.0,6949.0,0.1272670281982422,False
SPY,2026-10-10T02:52:00+00:00,778.5700073242188,2026-10-23,Put,SPY261023P00756000,756.0,1.05,1.05,1.06,510.0,1265.0,0.12537495727539064,False
SPY,2026-10-10T02:52:00+00:00,778.5700073242188,2026-10-23,Put,SPY261023P00757000,757.0,1.14,1.12,1.14,1712.0,2158.0,0.12397116271972657,False
SPY,2026-10-10T02:52:00+00:00,778.5700073242188,2026-10-23,Put,SPY261023P00758000,758.0,1.2,1.2,1.22,217.0,1064.0,0.1223842645263672,False
SPY,2026-10-10T02:52:00+00:00,778.5700073242188,2026-10-23,Put,SPY261023P00759000,759.0,1.27,1.29,1.31,460.0,3092.0,0.12085840087890626,False
SPY,2026-10-10T02:52:00+00:00,778.5700073242188,2026-10-23,Put,SPY261023P00760000,760.0,1.37,1.38,1.4,3525.0,5299.0,0.11914943359374999,False
SPY,2026-10-10T02:52:00+00:00,778.5700073242188,2026-10-23,Put,SPY261023P00761000,761.0,1.47,1.48,1.5,6560.0,6287.0,0.11756253540039063,False
SPY,2026-10-10T02:52:00+00:00,778.5700073242188,2026-10-23,Put,SPY261023P00762000,762.0,1.6,1.59,1.61,1399.0,1052.0,0.11597563720703125,False
SPY,2026-10-10T02:52:00+00:00,778.5700073242188,2026-10-23,Put,SPY261023P00763000,763.0,1.7,1.71,1.73,291.0,3560.0,0.11444977355957033,False
SPY,2026-10-10T02:52:00+00:00,778.5700073242188,2026-10-23,Put,SPY261023P00764000,764.0,1.82,1.84,1.85,784.0,2191.0,0.11267977172851562,False
SPY,2026-10-10T02:52:00+00:00,778.5700073242188,2026-10-23,Put,SPY261023P00765000,765.0,1.99,1.97,2.0,2474.0,4102.0,0.11133701171874999,False
SPY,2026-10-10T02:52:00+00:00,778.5700073242188,2026-10-23,Put,SPY261023P00766000,766.0,2.1,2.12,2.15,1003.0,1362.0,0.10975011352539063,False
SPY,2026-10-10T02:52:00+00:00,778.5700073242188,2026-10-23,Put,SPY261023P00767000,767.0,2.3,2.28,2.31,2271.0,4456.0,0.10813269805908202,False
SPY,2026-10-10T02:52:00+00:00,778.5700073242188,2026-10-23,Put,SPY261023P00768000,768.0,2.45,2.46,2.49,1490.0,1800.0,0.10663735168457032,False
SPY,2026-10-10T02:52:00+00:00,778.5700073242188,2026-10-23,Put,SPY261023P00769000,769.0,2.65,2.65,2.68,888.0,1764.0,0.10505045349121094,False
SPY,2026-10-10T02:52:00+00:00,778.5700073242188,2026-10-23,Put,SPY261023P00770000,770.0,2.85,2.86,2.88,2047.0,3099.0,0.10337200347900388,False
SPY,2026-10-10T02:52:00+00:00,778.5700073242188,2026-10-23,Put,SPY261023P00771000,771.0,3.07,3.08,3.11,635.0,2669.0,0.10193769165039063,False
SPY,2026-10-10T02:52:00+00:00,778.5700073242188,2026-10-23,Put,SPY261023P00772000,772.0,3.34,3.33,3.35,1317.0,1986.0,0.10035079345703124,False
SPY,2026-10-10T02:52:00+00:00,778.5700073242188,2026-10-23,Put,SPY261023P00773000,773.0,3.6,3.59,3.62,410.0,1538.0,0.09897751617431641,False
SPY,2026-10-10T02:52:00+00:00,778.5700073242188,2026-10-23,Put,SPY261023P00774000,774.0,3.87,3.88,3.91,508.0,1194.0,0.09757372161865235,False
SPY,2026-10-10T02:52:00+00:00,778.5700073242188,2026-10-23,Put,SPY261023P00775000,775.0,4.2,4.19,4.22,2502.0,2867.0,0.09610889251708986,False
SPY,2026-10-10T02:52:00+00:00,778.5700073242188,2026-10-23,Put,SPY261023P00776000,776.0,4.54,4.52,4.56,1239.0,1477.0,0.09476613250732424,False
SPY,2026-10-10T02:52:00+00:00,778.5700073242188,2026-10-23,Put,SPY261023P00777000,777.0,4.89,4.89,4.92,1424.0,1992.0,0.09333182067871094,False
SPY,2026-10-10T02:52:00+00:00,778.5700073242188,2026-10-23,Put,SPY261023P00778000,778.0,5.3,5.27,5.3,1589.0,786.0,0.09180595703125,False
SPY,2026-10-10T02:52:00+00:00,778.5700073242188,2026-10-23,Put,SPY261023P00779000,779.0,5.71,5.69,5.73,1139.0,612.0,0.09061578338623047,True
SPY,2026-10-10T02:52:00+00:00,778.5700073242188,2026-10-23,Put,SPY261023P00780000,780.0,6.18,6.14,6.18,2353.0,740.0,0.08930354064941406,True
SPY,2026-10-10T02:52:00+00:00,778.5700073242188,2026-10-23,Put,SPY261023P00781000,781.0,6.64,6.62,6.66,390.0,1183.0,0.08796078063964845,True
SPY,2026-10-10T02:52:00+00:00,778.5700073242188,2026-10-23,Put,SPY261023P00782000,782.0,7.26,7.09,7.23,254.0,95.0,0.08762509063720703,True
SPY,2026-10-10T02:52:00+00:00,778.5700073242188,2026-10-23,Put,SPY261023P00783000,783.0,7.68,7.63,7.8,210.0,64.0,0.08680112426757813,True
SPY,2026-10-10T02:52:00+00:00,778.5700073242188,2026-10-23,Put,SPY261023P00784000,784.0,8.1,8.2,8.49,199.0,181.0,0.08753353881835937,True
SPY,2026-10-10T02:52:00+00:00,778.5700073242188,2026-10-23,Put,SPY261023P00785000,785.0,9.1,8.81,9.03,293.0,267.0,0.0850921569824219,True
SPY,2026-10-10T02:52:00+00:00,778.5700073242188,2026-10-23,Put,SPY261023P00786000,786.0,9.2,9.34,9.74,255.0,19.0,0.08515319152832034,True
SPY,2026-10-10T02:52:00+00:00,778.5700073242188,2026-10-23,Put,SPY261023P00787000,787.0,10.29,9.98,10.43,115.0,30.0,0.08435974243164066,True
SPY,2026-10-10T02:52:00+00:00,778.5700073242188,2026-10-23,Put,SPY261023P00788000,788.0,11.3,10.83,11.15,57.0,25.0,0.08353577606201174,True
SPY,2026-10-10T02:52:00+00:00,778.5700073242188,2026-10-23,Put,SPY261023P00789000,789.0,11.67,11.43,11.89,101.0,22.0,0.08255922332763674,True
SPY,2026-10-10T02:52:00+00:00,778.5700073242188,2026-10-23,Put,SPY261023P00790000,790.0,12.52,12.16,12.68,114.0,317.0,0.08210146423339845,True
SPY,2026-10-10T02:52:00+00:00,778.5700073242188,2026-10-23,Put,SPY261023P00791000,791.0,13.25,12.96,13.48,15.0,32.0,0.08130801513671876,True
SPY,2026-10-10T02:52:00+00:00,778.5700073242188,2026-10-23,Put,SPY261023P00792000,792.0,13.8,13.78,14.32,4.0,6.0,0.08100284240722656,True
SPY,2026-10-10T02:52:00+00:00,778.5700073242188,2026-10-23,Put,SPY261023P00793000,793.0,15.34,14.62,15.17,4.0,4.0,0.0803924969482422,True
SPY,2026-10-10T02:52:00+00:00,778.5700073242188,2026-10-23,Put,SPY261023P00794000,794.0,16.99,14.86,16.84,2.0,0.0,0.10355510711669921,True
SPY,2026-10-10T02:52:00+00:00,778.5700073242188,2026-10-23,Put,SPY261023P00795000,795.0,17.09,15.69,17.8,25.0,0.0,0.10672890350341799,True
SPY,2026-10-10T02:52:00+00:00,778.5700073242188,2026-10-23,Put,SPY261023P00796000,796.0,18.84,16.45,18.96,3.0,0.0,0.11518218811035157,True
SPY,2026-10-10T02:52:00+00:00,778.5700073242188,2026-10-23,Put,SPY261023P00797000,797.0,19.75,17.38,19.82,2.0,0.0,0.1155483953857422,True
SPY,2026-10-10T02:52:00+00:00,778.5700073242188,2026-10-23,Put,SPY261023P00798000,798.0,20.74,18.25,20.88,2.0,0.0,0.12134667724609374,True
SPY,2026-10-10T02:52:00+00:00,778.5700073242188,2026-10-23,Put,SPY261023P00799000,799.0,21.69,19.19,21.84,3.0,0.0,0.12427633544921876,True
SPY,2026-10-10T02:52:00+00:00,778.5700073242188,2026-10-23,Put,SPY261023P00800000,800.0,22.67,20.16,22.72,6.0,6.0,0.1247035772705078,True
SPY,2026-10-10T02:52:00+00:00,778.5700073242188,2026-10-23,Put,SPY261023P00801000,801.0,23.67,21.14,23.8,3.0,0.0,0.1310511700439453,True
SPY,2026-10-10T02:52:00+00:00,778.5700073242188,2026-10-23,Put,SPY261023P00802000,802.0,24.65,22.13,24.78,2.0,0.0,0.13434703552246097,True
SPY,2026-10-10T02:52:00+00:00,778.5700073242188,2026-10-23,Put,SPY261023P00803000,803.0,25.65,23.12,25.77,3.0,0.0,0.13788703918457032,True
SPY,2026-10-10T02:52:00+00:00,778.5700073242188,2026-10-23,Put,SPY261023P00805000,805.0,27.65,25.03,27.76,2.0,0.0,0.1452111846923828,True
SPY,2026-10-10T02:52:00+00:00,778.5700073242188,2026-10-23,Put,SPY261023P00806000,806.0,28.65,26.03,28.76,2.0,0.0,0.14899532653808595,True
SPY,2026-10-10T02:52:00+00:00,778.5700073242188,2026-10-23,Put,SPY261023P00807000,807.0,29.65,27.02,29.75,2.0,0.0,0.15241326110839848,True
SPY,2026-10-10T02:52:00+00:00,778.5700073242188,2026-10-23,Put,SPY261023P00808000,808.0,37.22,28.02,30.75,18.0,0.0,0.15613636840820314,True
SPY,2026-10-10T02:52:00+00:00,778.5700073242188,2026-10-23,Put,SPY261023P00809000,809.0,37.65,29.01,31.75,2.0,0.0,0.15979844116210937,True
SPY,2026-10-10T02:52:00+00:00,778.5700073242188,2026-10-23,Put,SPY261023P00810000,810.0,38.87,30.02,32.75,3.0,0.0,0.16346051391601565,True
SPY,2026-10-10T02:52:00+00:00,778.5700073242188,2026-10-23,Put,SPY261023P00811000,811.0,39.06,31.02,33.75,5.0,0.0,0.16706155212402346,True
SPY,2026-10-10T02:52:00+00:00,778.5700073242188,2026-10-23,Put,SPY261023P00812000,812.0,37.51,32.02,34.75,1.0,0.0,0.1706625903320313,True
SPY,2026-10-10T02:52:00+00:00,778.5700073242188,2026-10-23,Put,SPY261023P00813000,813.0,38.33,33.03,35.75,,0.0,0.17426362854003907,True
SPY,2026-10-10T02:52:00+00:00,778.5700073242188,2026-10-23,Put,SPY261023P00815000,815.0,40.49,35.02,37.75,1.0,1.0,0.18134363586425778,True
SPY,2026-10-10T02:52:00+00:00,778.5700073242188,2026-10-23,Put,SPY261023P00821000,821.0,63.75,41.02,43.75,1.0,0.0,0.2022174505615234,True
SPY,2026-10-10T02:52:00+00:00,778.5700073242188,2026-10-23,Put,SPY261023P00850000,850.0,91.9,70.02,72.75,1.0,0.0,0.29529513305664057,True
SPY,2026-10-10T02:52:00+00:00,778.5700073242188,2026-10-23,Put,SPY261023P00900000,900.0,138.53,120.02,122.75,,0.0,0.436529072265625,True
SMH,2026-10-10T02:52:01+00:00,603.3300170898438,2026-10-19,Call,SMH261019C00570000,570.0,56.22,,,,,0.0,True
SMH,2026-10-10T02:52:01+00:00,603.3300170898438,2026-10-19,Call,SMH261019C00575000,575.0,51.5,,,,,0.0,True
SMH,2026-10-10T02:52:01+00:00,603.3300170898438,2026-10-19,Call,SMH261019C00595000,595.0,40.4,,,,,0.0,True
SMH,2026-10-10T02:52:01+00:00,603.3300170898438,2026-10-19,Call,SMH261019C00600000,600.0,16.19,,,,,0.0,True
SMH,2026-10-10T02:52:01+00:00,603.3300170898438,2026-10-19,Call,SMH261019C00605000,605.0,23.58,,,,,0.0,False
SMH,2026-10-10T02:52:01+00:00,603.3300170898438,2026-10-19,Call,SMH261019C00610000,610.0,10.35,,,,,0.0,False
SMH,2026-10-10T02:52:01+00:00,603.3300170898438,2026-10-19,Call,SMH261019C00620000,620.0,9.26,,,,,0.0,False
SMH,2026-10-10T02:52:01+00:00,603.3300170898438,2026-10-19,Call,SMH261019C00622500,622.5,6.95,,,,,0.0,False
SMH,2026-10-10T02:52:01+00:00,603.3300170898438,2026-10-19,Call,SMH261019C00625000,625.0,6.6,,,,,0.0,False
SMH,2026-10-10T02:52:01+00:00,603.3300170898438,2026-10-19,Call,SMH261019C00630000,630.0,6.78,,,,,0.0,False
SMH,2026-10-10T02:52:01+00:00,603.3300170898438,2026-10-19,Call,SMH261019C00632500,632.5,5.4,,,,,0.0,False
SMH,2026-10-10T02:52:01+00:00,603.3300170898438,2026-10-19,Call,SMH261019C00635000,635.0,4.52,,,,,0.0,False
SMH,2026-10-10T02:52:01+00:00,603.3300170898438,2026-10-19,Call,SMH261019C00637500,637.5,2.85,,,,,0.0,False
SMH,2026-10-10T02:52:01+00:00,603.3300170898438,2026-10-19,Call,SMH261019C00640000,640.0,2.82,,,,,0.0,False
SMH,2026-10-10T02:52:01+00:00,603.3300170898438,2026-10-19,Call,SMH261019C00642500,642.5,5.69,,,,,0.0,False
SMH,2026-10-10T02:52:01+00:00,603.3300170898438,2026-10-19,Call,SMH261019C00645000,645.0,2.75,,,,,0.0,False
SMH,2026-10-10T02:52:01+00:00,603.3300170898438,2026-10-19,Call,SMH261019C00647500,647.5,2.07,,,,,0.0,False
SMH,2026-10-10T02:52:01+00:00,603.3300170898438,2026-10-19,Call,SMH261019C00650000,650.0,1.4,,,,,0.0,False
SMH,2026-10-10T02:52:01+00:00,603.3300170898438,2026-10-19,Call,SMH261019C00655000,655.0,1.01,,,,,0.0,False
SMH,2026-10-10T02:52:01+00:00,603.3300170898438,2026-10-19,Call,SMH261019C00665000,665.0,1.16,,,,,0.0,False
SMH,2026-10-10T02:52:01+00:00,603.3300170898438,2026-10-19,Call,SMH261019C00670000,670.0,1.42,,,,,0.0,False
SMH,2026-10-10T02:52:01+00:00,603.3300170898438,2026-10-19,Call,SMH261019C00675000,675.0,1.33,,,,,0.0,False
SMH,2026-10-10T02:52:01+00:00,603.3300170898438,2026-10-19,Call,SMH261019C00695000,695.0,0.01,,,,,0.0,False
SMH,2026-10-10T02:52:01+00:00,603.3300170898438,2026-10-19,Call,SMH261019C00715000,715.0,0.38,,,,,0.0,False
SMH,2026-10-10T02:52:01+00:00,603.3300170898438,2026-10-19,Call,SMH261019C00717500,717.5,0.34,,,,,0.0,False
SMH,2026-10-10T02:52:01+00:00,603.3300170898438,2026-10-19,Put,SMH261019P00510000,510.0,0.81,,,,,0.0,False
SMH,2026-10-10T02:52:01+00:00,603.3300170898438,2026-10-19,Put,SMH261019P00520000,520.0,0.55,,,,,0.0,False
SMH,2026-10-10T02:52:01+00:00,603.3300170898438,2026-10-19,Put,SMH261019P00525000,525.0,0.29,,,,,0.0,False
SMH,2026-10-10T02:52:01+00:00,603.3300170898438,2026-10-19,Put,SMH261019P00530000,530.0,0.4,,,,,0.0,False
SMH,2026-10-10T02:52:01+00:00,603.3300170898438,2026-10-19,Put,SMH261019P00560000,560.0,2.36,,,,,0.0,False
SMH,2026-10-10T02:52:01+00:00,603.3300170898438,2026-10-19,Put,SMH261019P00570000,570.0,3.75,,,,,0.0,False
SMH,2026-10-10T02:52:01+00:00,603.3300170898438,2026-10-19,Put,SMH261019P00575000,575.0,4.75,,,,,0.0,False
SMH,2026-10-10T02:52:01+00:00,603.3300170898438,2026-10-19,Put,SMH261019P00580000,580.0,4.9,,,,,0.0,False
SMH,2026-10-10T02:52:01+00:00,603.3300170898438,2026-10-19,Put,SMH261019P00590000,590.0,7.0,,,,,0.0,False
SMH,2026-10-10T02:52:01+00:00,603.3300170898438,2026-10-19,Put,SMH261019P00595000,595.0,8.98,,,,,0.0,False
SMH,2026-10-10T02:52:01+00:00,603.3300170898438,2026-10-19,Put,SMH261019P00597500,597.5,11.22,,,,,0.0,False
SMH,2026-10-10T02:52:01+00:00,603.3300170898438,2026-10-19,Put,SMH261019P00600000,600.0,10.25,,,,,0.0,False
SMH,2026-10-10T02:52:01+00:00,603.3300170898438,2026-10-19,Put,SMH261019P00602500,602.5,11.31,,,,,0.0,False
SMH,2026-10-10T02:52:01+00:00,603.3300170898438,2026-10-19,Put,SMH261019P00605000,605.0,12.4,,,,,0.0,True
SMH,2026-10-10T02:52:01+00:00,603.3300170898438,2026-10-19,Put,SMH261019P00607500,607.5,13.66,,,,,0.0,True
SMH,2026-10-10T02:52:01+00:00,603.3300170898438,2026-10-19,Put,SMH261019P00610000,610.0,15.07,,,,,0.0,True
SMH,2026-10-10T02:52:01+00:00,603.3300170898438,2026-10-19,Put,SMH261019P00612500,612.5,19.35,,,,,0.0,True
SMH,2026-10-10T02:52:01+00:00,603.3300170898438,2026-10-19,Put,SMH261019P00615000,615.0,18.25,,,,,0.0,True
SMH,2026-10-10T02:52:01+00:00,603.3300170898438,2026-10-19,Put,SMH261019P00617500,617.5,12.19,,,,,0.0,True
SMH,2026-10-10T02:52:01+00:00,603.3300170898438,2026-10-19,Put,SMH261019P00620000,620.0,19.95,,,,,0.0,True
SMH,2026-10-10T02:52:01+00:00,603.3300170898438,2026-10-19,Put,SMH261019P00622500,622.5,23.16,,,,,0.0,True
SMH,2026-10-10T02:52:01+00:00,603.3300170898438,2026-10-19,Put,SMH261019P00625000,625.0,23.82,,,,,0.0,True
SMH,2026-10-10T02:52:01+00:00,603.3300170898438,2026-10-19,Put,SMH261019P00627500,627.5,27.28,,,,,0.0,True
SMH,2026-10-10T02:52:01+00:00,603.3300170898438,2026-10-19,Put,SMH261019P00630000,630.0,18.65,,,,,0.0,True
SMH,2026-10-10T02:52:01+00:00,603.3300170898438,2026-10-19,Put,SMH261019P00632500,632.5,19.69,,,,,0.0,True
SMH,2026-10-10T02:52:01+00:00,603.3300170898438,2026-10-19,Put,SMH261019P00635000,635.0,29.7,,,,,0.0,True
SMH,2026-10-10T02:52:01+00:00,603.3300170898438,2026-10-19,Put,SMH261019P00640000,640.0,25.28,,,,,0.0,True
SMH,2026-10-10T02:52:01+00:00,603.3300170898438,2026-10-19,Put,SMH261019P00650000,650.0,31.33,,,,,0.0,True
SMH,2026-10-10T02:52:01+00:00,603.3300170898438,2026-10-23,Call,SMH261023C00425000,425.0,208.49,176.5,181.45,2.0,2.0,0.8735364208984374,True
SMH,2026-10-10T02:52:01+00:00,603.3300170898438,2026-10-23,Call,SMH261023C00445000,445.0,166.38,157.0,161.95,8.0,1.0,0.8500991552734375,True
SMH,2026-10-10T02:52:01+00:00,603.3300170898438,2026-10-23,Call,SMH261023C00450000,450.0,157.63,152.0,156.95,6.0,8.0,0.8234880932617187,True
SMH,2026-10-10T02:52:01+00:00,603.3300170898438,2026-10-23,Call,SMH261023C00455000,455.0,153.55,147.0,151.95,1.0,0.0,0.7971211694335938,True
SMH,2026-10-10T02:52:01+00:00,603.3300170898438,2026-10-23,Call,SMH261023C00470000,470.0,100.27,132.0,136.95,3.0,3.0,0.7192410888671875,True
SMH,2026-10-10T02:52:01+00:00,603.3300170898438,2026-10-23,Call,SMH261023C00475000,475.0,124.42,127.0,131.95,1.0,4.0,0.6936065795898438,True
SMH,2026-10-10T02:52:01+00:00,603.3300170898438,2026-10-23,Call,SMH261023C00485000,485.0,146.79,117.0,121.95,1.0,1.0,0.6428258374023439,True
SMH,2026-10-10T02:52:01+00:00,603.3300170898438,2026-10-23,Call,SMH261023C00500000,500.0,103.59,102.0,106.95,1.0,2.0,0.5676312768554688,True
SMH,2026-10-10T02:52:01+00:00,603.3300170898438,2026-10-23,Call,SMH261023C00510000,510.0,47.75,92.5,97.45,,1.0,0.5592085095214845,True
SMH,2026-10-10T02:52:01+00:00,603.3300170898438,2026-10-23,Call,SMH261023C00515000,515.0,90.09,87.5,92.45,1.0,2.0,0.53320779296875,True
SMH,2026-10-10T02:52:01+00:00,603.3300170898438,2026-10-23,Call,SMH261023C00517500,517.5,42.3,85.0,89.95,,6.0,0.5201464001464844,True
SMH,2026-10-10T02:52:01+00:00,603.3300170898438,2026-10-23,Call,SMH261023C00520000,520.0,113.0,82.5,87.45,6.0,2.0,0.5072070764160157,True
SMH,2026-10-10T02:52:01+00:00,603.3300170898438,2026-10-23,Call,SMH261023C00522500,522.5,35.5,80.0,84.95,,1.0,0.6280554772949221,True
SMH,2026-10-10T02:52:01+00:00,603.3300170898438,2026-10-23,Call,SMH261023C00525000,525.0,76.63,77.5,82.45,1.0,4.0,0.6129189099121095,True
SMH,2026-10-10T02:52:01+00:00,603.3300170898438,2026-10-23,Call,SMH261023C00527500,527.5,81.41,75.05,80.0,4.0,2.0,0.5999185516357424,True
SMH,2026-10-10T02:52:01+00:00,603.3300170898438,2026-10-23,Call,SMH261023C00530000,530.0,107.92,73.0,77.95,1.0,13.0,0.6037026934814456,True
SMH,2026-10-10T02:52:01+00:00,603.3300170898438,2026-10-23,Call,SMH261023C00535000,535.0,70.25,68.0,72.95,2.0,9.0,0.5726971441650393,True
SMH,2026-10-10T02:52:01+00:00,603.3300170898438,2026-10-23,Call,SMH261023C00540000,540.0,66.06,63.0,67.95,1.0,21.0,0.5416305603027345,True
SMH,2026-10-10T02:52:01+00:00,603.3300170898438,2026-10-23,Call,SMH261023C00542500,542.5,71.67,61.0,65.95,1.0,2.0,0.5447433221435547,True
SMH,2026-10-10T02:52:01+00:00,603.3300170898438,2026-10-23,Call,SMH261023C00545000,545.0,69.15,58.5,63.45,6.0,43.0,0.5288133056640626,True
SMH,2026-10-10T02:52:01+00:00,603.3300170898438,2026-10-23,Call,SMH261023C00547500,547.5,70.06,56.0,60.95,2.0,16.0,0.5128832891845703,True
SMH,2026-10-10T02:52:01+00:00,603.3300170898438,2026-10-23,Call,SMH261023C00550000,550.0,87.52,53.55,58.5,1.0,28.0,0.49860120544433595,True
SMH,2026-10-10T02:52:01+00:00,603.3300170898438,2026-10-23,Call,SMH261023C00552500,552.5,63.44,51.5,56.45,1.0,4.0,0.49774672180175783,True
SMH,2026-10-10T02:52:01+00:00,603.3300170898438,2026-10-23,Call,SMH261023C00555000,555.0,48.73,49.05,54.0,1.0,19.0,0.48291532714843755,True
SMH,2026-10-10T02:52:01+00:00,603.3300170898438,2026-10-23,Call,SMH261023C00557500,557.5,67.5,47.0,51.95,2.0,3.0,0.48071808349609374,True
SMH,2026-10-10T02:52:01+00:00,603.3300170898438,2026-10-23,Call,SMH261023C00560000,560.0,78.52,44.55,49.5,3.0,21.0,0.465398412475586,True
SMH,2026-10-10T02:52:01+00:00,603.3300170898438,2026-10-23,Call,SMH261023C00562500,562.5,25.1,42.5,47.45,1.0,7.0,0.4618584088134766,True
SMH,2026-10-10T02:52:01+00:00,603.3300170898438,2026-10-23,Call,SMH261023C00565000,565.0,69.51,40.05,45.0,1.0,51.0,0.44598942687988286,True
SMH,2026-10-10T02:52:01+00:00,603.3300170898438,2026-10-23,Call,SMH261023C00567500,567.5,21.98,38.05,43.0,5.0,67.0,0.44266304412841795,True
SMH,2026-10-10T02:52:01+00:00,603.3300170898438,2026-10-23,Call,SMH261023C00570000,570.0,38.4,36.65,39.55,2.0,57.0,0.39813834289550787,True
SMH,2026-10-10T02:52:01+00:00,603.3300170898438,2026-10-23,Call,SMH261023C00572500,572.5,65.32,34.1,39.0,1.0,50.0,0.43341631042480466,True
SMH,2026-10-10T02:52:01+00:00,603.3300170898438,2026-10-23,Call,SMH261023C00575000,575.0,51.7,32.55,35.45,5.0,34.0,0.387152124633789,True
SMH,2026-10-10T02:52:01+00:00,603.3300170898438,2026-10-23,Call,SMH261023C00577500,577.5,39.75,29.75,34.5,3.0,352.0,0.4084226638793945,True
SMH,2026-10-10T02:52:01+00:00,603.3300170898438,2026-10-23,Call,SMH261023C00580000,580.0,30.79,28.7,31.45,2.0,83.0,0.37531142272949214,True
SMH,2026-10-10T02:52:01+00:00,603.3300170898438,2026-10-23,Call,SMH261023C00582500,582.5,30.35,26.8,29.55,4.0,133.0,0.37055072814941403,True
SMH,2026-10-10T02:52:01+00:00,603.3300170898438,2026-10-23,Call,SMH261023C00585000,585.0,29.55,24.95,27.55,1.0,63.0,0.36237209899902345,True
SMH,2026-10-10T02:52:01+00:00,603.3300170898438,2026-10-23,Call,SMH261023C00587500,587.5,26.85,22.2,27.0,18.0,64.0,0.38672488281249995,True
SMH,2026-10-10T02:52:01+00:00,603.3300170898438,2026-10-23,Call,SMH261023C00590000,590.0,22.65,21.4,23.75,1.0,107.0,0.34799846343994134,True
SMH,2026-10-10T02:52:01+00:00,603.3300170898438,2026-10-23,Call,SMH261023C00592500,592.5,20.1,20.35,22.15,1.0,32.0,0.34598432342529295,True
SMH,2026-10-10T02:52:01+00:00,603.3300170898438,2026-10-23,Call,SMH261023C00595000,595.0,20.19,18.7,20.8,4.0,86.0,0.3481815670776367,True
SMH,2026-10-10T02:52:01+00:00,603.3300170898438,2026-10-23,Call,SMH261023C00597500,597.5,44.53,17.1,19.25,1.0,37.0,0.34467208068847655,True
SMH,2026-10-10T02:52:01+00:00,603.3300170898438,2026-10-23,Call,SMH261023C00600000,600.0,16.36,15.75,17.75,4.0,159.0,0.3410405252075196,True
SMH,2026-10-10T02:52:01+00:00,603.3300170898438,2026-10-23,Call,SMH261023C00602500,602.5,15.1,14.35,16.45,3.0,38.0,0.3403691452026367,True
SMH,2026-10-10T02:52:01+00:00,603.3300170898438,2026-10-23,Call,SMH261023C00605000,605.0,13.25,12.55,15.1,28.0,127.0,0.33731741790771486,False
SMH,2026-10-10T02:52:01+00:00,603.3300170898438,2026-10-23,Call,SMH261023C00607500,607.5,12.78,11.25,13.8,24.0,36.0,0.33399103515625,False
SMH,2026-10-10T02:52:01+00:00,603.3300170898438,2026-10-23,Call,SMH261023C00610000,610.0,11.45,10.55,12.7,102.0,496.0,0.3336248278808594,False
SMH,2026-10-10T02:52:01+00:00,603.3300170898438,2026-10-23,Call,SMH261023C00612500,612.5,12.2,8.95,11.5,91.0,107.0,0.32971861694335935,False
SMH,2026-10-10T02:52:01+00:00,603.3300170898438,2026-10-23,Call,SMH261023C00615000,615.0,8.7,8.9,10.55,16.0,204.0,0.3299017205810546,False
SMH,2026-10-10T02:52:01+00:00,603.3300170898438,2026-10-23,Call,SMH261023C00617500,617.5,8.58,7.95,9.55,233.0,165.0,0.3276434423828125,False
SMH,2026-10-10T02:52:01+00:00,603.3300170898438,2026-10-23,Call,SMH261023C00620000,620.0,7.39,6.8,8.7,124.0,323.0,0.3273687869262696,False
SMH,2026-10-10T02:52:01+00:00,603.3300170898438,2026-10-23,Call,SMH261023C00622500,622.5,6.62,6.05,7.85,41.0,98.0,0.3257513714599609,False
SMH,2026-10-10T02:52:01+00:00,603.3300170898438,2026-10-23,Call,SMH261023C00625000,625.0,6.05,5.65,7.05,304.0,661.0,0.32392033508300777,False
SMH,2026-10-10T02:52:01+00:00,603.3300170898438,2026-10-23,Call,SMH261023C00627500,627.5,5.2,5.05,6.4,47.0,233.0,0.3244086114501953,False
SMH,2026-10-10T02:52:01+00:00,603.3300170898438,2026-10-23,Call,SMH261023C00630000,630.0,4.5,4.45,5.65,68.0,601.0,0.3209906768798828,False
SMH,2026-10-10T02:52:01+00:00,603.3300170898438,2026-10-23,Call,SMH261023C00632500,632.5,4.17,3.9,5.1,41.0,120.0,0.32141791870117187,False
SMH,2026-10-10T02:52:01+00:00,603.3300170898438,2026-10-23,Call,SMH261023C00635000,635.0,3.7,3.45,4.0,47.0,280.0,0.30445031494140623,False
SMH,2026-10-10T02:52:01+00:00,603.3300170898438,2026-10-23,Call,SMH261023C00637500,637.5,4.65,,,,,0.0,False
SMH,2026-10-10T02:52:01+00:00,603.3300170898438,2026-10-23,Call,SMH261023C00640000,640.0,2.87,2.69,3.45,125.0,364.0,0.31445998046874996,False
SMH,2026-10-10T02:52:01+00:00,603.3300170898438,2026-10-23,Call,SMH261023C00645000,645.0,2.17,2.07,2.73,121.0,266.0,0.31488722229003896,False
SMH,2026-10-10T02:52:01+00:00,603.3300170898438,2026-10-23,Call,SMH261023C00650000,650.0,1.7,1.6,2.05,52.0,406.0,0.3114692877197265,False
SMH,2026-10-10T02:52:01+00:00,603.3300170898438,2026-10-23,Call,SMH261023C00655000,655.0,1.31,1.24,1.61,524.0,1093.0,0.3131172204589844,False
SMH,2026-10-10T02:52:01+00:00,603.3300170898438,2026-10-23,Call,SMH261023C00660000,660.0,1.13,0.95,1.32,82.0,562.0,0.31836619140624994,False
SMH,2026-10-10T02:52:01+00:00,603.3300170898438,2026-10-23,Call,SMH261023C00665000,665.0,0.87,0.77,1.0,88.0,1345.0,0.31799998413085934,False
SMH,2026-10-10T02:52:01+00:00,603.3300170898438,2026-10-23,Call,SMH261023C00670000,670.0,0.69,0.33,0.78,21.0,219.0,0.3200751586914062,False
SMH,2026-10-10T02:52:01+00:00,603.3300170898438,2026-10-23,Call,SMH261023C00675000,675.0,0.79,0.5,0.79,4.0,584.0,0.33887379882812496,False
SMH,2026-10-10T02:52:01+00:00,603.3300170898438,2026-10-23,Call,SMH261023C00680000,680.0,0.48,0.4,0.7,1023.0,1143.0,0.34839518798828123,False
SMH,2026-10-10T02:52:01+00:00,603.3300170898438,2026-10-23,Call,SMH261023C00685000,685.0,0.59,0.32,0.64,14.0,181.0,0.35938140625,False
SMH,2026-10-10T02:52:01+00:00,603.3300170898438,2026-10-23,Call,SMH261023C00690000,690.0,1.67,0.07,0.57,3.0,78.0,0.3684145190429688,False
SMH,2026-10-10T02:52:01+00:00,603.3300170898438,2026-10-23,Call,SMH261023C00695000,695.0,0.4,0.22,0.81,4.0,243.0,0.4094297338867187,False
SMH,2026-10-10T02:52:01+00:00,603.3300170898438,2026-10-23,Call,SMH261023C00700000,700.0,0.24,0.18,0.48,5.0,509.0,0.3891662646484375,False
SMH,2026-10-10T02:52:01+00:00,603.3300170898438,2026-10-23,Call,SMH261023C00705000,705.0,0.27,0.14,0.45,103.0,192.0,0.40039662109375,False
SMH,2026-10-10T02:52:01+00:00,603.3300170898438,2026-10-23,Call,SMH261023C00710000,710.0,0.23,0.01,0.42,500.0,508.0,0.41089456298828125,False
SMH,2026-10-10T02:52:01+00:00,603.3300170898438,2026-10-23,Call,SMH261023C00715000,715.0,0.21,0.1,0.79,8.0,90.0,0.4721732470703125,False
SMH,2026-10-10T02:52:01+00:00,603.3300170898438,2026-10-23,Call,SMH261023C00720000,720.0,0.19,0.09,0.56,89.0,229.0,0.46045461425781253,False
SMH,2026-10-10T02:52:01+00:00,603.3300170898438,2026-10-23,Call,SMH261023C00725000,725.0,0.22,0.06,0.74,1.0,60.0,0.4975636181640626,False
SMH,2026-10-10T02:52:01+00:00,603.3300170898438,2026-10-23,Call,SMH261023C00730000,730.0,0.16,0.01,0.46,4.0,37.0,0.47510290527343746,False
SMH,2026-10-10T02:52:01+00:00,603.3300170898438,2026-10-23,Call,SMH261023C00735000,735.0,0.43,0.01,0.71,91.0,122.0,0.5239305419921875,False
SMH,2026-10-10T02:52:01+00:00,603.3300170898438,2026-10-23,Call,SMH261023C00740000,740.0,0.12,0.01,0.85,195.0,227.0,0.5551802294921876,False
SMH,2026-10-10T02:52:01+00:00,603.3300170898438,2026-10-23,Call,SMH261023C00745000,745.0,0.52,0.0,0.71,4.0,114.0,0.5532271240234375,False
SMH,2026-10-10T02:52:01+00:00,603.3300170898438,2026-10-23,Call,SMH261023C00750000,750.0,0.1,0.01,0.53,8.0,54.0,0.5419967675781252,False
SMH,2026-10-10T02:52:01+00:00,603.3300170898438,2026-10-23,Call,SMH261023C00755000,755.0,0.55,0.0,0.68,6.0,50.0,0.5214891601562499,False
SMH,2026-10-10T02:52:01+00:00,603.3300170898438,2026-10-23,Call,SMH261023C00760000,760.0,0.33,0.0,0.52,46.0,37.0,0.51562984375,False
SMH,2026-10-10T02:52:01+00:00,603.3300170898438,2026-10-23,Call,SMH261023C00765000,765.0,0.31,0.0,0.93,1.0,141.0,0.5717816259765626,False
SMH,2026-10-10T02:52:01+00:00,603.3300170898438,2026-10-23,Call,SMH261023C00770000,770.0,0.19,0.0,0.32,4.0,106.0,0.508793974609375,False
SMH,2026-10-10T02:52:01+00:00,603.3300170898438,2026-10-23,Call,SMH261023C00775000,775.0,0.17,0.01,0.37,4.0,139.0,0.5312546875,False
SMH,2026-10-10T02:52:01+00:00,603.3300170898438,2026-10-23,Call,SMH261023C00780000,780.0,0.05,0.0,0.55,62.0,90.0,0.5688519677734375,False
SMH,2026-10-10T02:52:01+00:00,603.3300170898438,2026-10-23,Put,SMH261023P00425000,425.0,0.12,0.06,0.18,16.0,15.0,0.702151416015625,False
SMH,2026-10-10T02:52:01+00:00,603.3300170898438,2026-10-23,Put,SMH261023P00430000,430.0,0.09,0.08,0.2,53.0,158.0,0.69336244140625,False
SMH,2026-10-10T02:52:01+00:00,603.3300170898438,2026-10-23,Put,SMH261023P00435000,435.0,0.14,0.07,0.21,28.0,9.0,0.6718782812500002,False
SMH,2026-10-10T02:52:01+00:00,603.3300170898438,2026-10-23,Put,SMH261023P00440000,440.0,0.14,0.09,0.29,18.0,113.0,0.6738313867187502,False
SMH,2026-10-10T02:52:01+00:00,603.3300170898438,2026-10-23,Put,SMH261023P00445000,445.0,0.15,0.11,0.22,16.0,20.0,0.641605146484375,False
SMH,2026-10-10T02:52:01+00:00,603.3300170898438,2026-10-23,Put,SMH261023P00450000,450.0,0.19,0.09,0.26,29.0,76.0,0.6250037500000001,False
SMH,2026-10-10T02:52:01+00:00,603.3300170898438,2026-10-23,Put,SMH261023P00455000,455.0,0.2,0.1,0.29,28.0,22.0,0.6118202880859377,False
SMH,2026-10-10T02:52:01+00:00,603.3300170898438,2026-10-23,Put,SMH261023P00460000,460.0,0.28,0.17,0.28,51.0,513.0,0.6015664843750002,False
SMH,2026-10-10T02:52:01+00:00,603.3300170898438,2026-10-23,Put,SMH261023P00465000,465.0,0.24,0.19,0.32,5.0,96.0,0.5898478515625001,False
SMH,2026-10-10T02:52:01+00:00,603.3300170898438,2026-10-23,Put,SMH261023P00470000,470.0,0.27,0.22,0.31,3.0,38.0,0.5712933496093751,False
SMH,2026-10-10T02:52:01+00:00,603.3300170898438,2026-10-23,Put,SMH261023P00475000,475.0,0.3,0.06,0.33,757.0,259.0,0.5283250292968751,False
SMH,2026-10-10T02:52:01+00:00,603.3300170898438,2026-10-23,Put,SMH261023P00480000,480.0,0.24,0.09,0.57,1.0,355.0,0.5449264257812501,False
SMH,2026-10-10T02:52:01+00:00,603.3300170898438,2026-10-23,Put,SMH261023P00485000,485.0,0.41,0.32,0.41,1.0,52.0,0.5312546875,False
SMH,2026-10-10T02:52:01+00:00,603.3300170898438,2026-10-23,Put,SMH261023P00490000,490.0,0.45,0.26,0.45,8.0,154.0,0.5073291455078125,False
SMH,2026-10-10T02:52:01+00:00,603.3300170898438,2026-10-23,Put,SMH261023P00495000,495.0,0.63,0.21,0.7,6.0,95.0,0.5046436254882812,False
SMH,2026-10-10T02:52:01+00:00,603.3300170898438,2026-10-23,Put,SMH261023P00500000,500.0,0.47,0.26,0.56,36.0,348.0,0.499028447265625,False
SMH,2026-10-10T02:52:01+00:00,603.3300170898438,2026-10-23,Put,SMH261023P00505000,505.0,0.63,0.31,0.7,15.0,580.0,0.495122236328125,False
SMH,2026-10-10T02:52:01+00:00,603.3300170898438,2026-10-23,Put,SMH261023P00510000,510.0,0.63,0.37,0.69,5.0,135.0,0.47095255615234377,False
SMH,2026-10-10T02:52:01+00:00,603.3300170898438,2026-10-23,Put,SMH261023P00515000,515.0,0.72,0.35,1.08,10.0,53.0,0.48779809082031256,False
SMH,2026-10-10T02:52:01+00:00,603.3300170898438,2026-10-23,Put,SMH261023P00517500,517.5,0.77,0.35,1.1,5.0,87.0,0.4774222180175781,False
SMH,2026-10-10T02:52:01+00:00,603.3300170898438,2026-10-23,Put,SMH261023P00520000,520.0,0.89,0.72,1.06,63.0,132.0,0.4616753051757813,False
SMH,2026-10-10T02:52:01+00:00,603.3300170898438,2026-10-23,Put,SMH261023P00522500,522.5,1.06,0.41,1.11,6.0,31.0,0.45386288330078123,False
SMH,2026-10-10T02:52:01+00:00,603.3300170898438,2026-10-23,Put,SMH261023P00525000,525.0,0.91,0.43,1.16,6.0,66.0,0.4458063232421875,False
SMH,2026-10-10T02:52:01+00:00,603.3300170898438,2026-10-23,Put,SMH261023P00527500,527.5,1.0,0.46,1.23,1.0,447.0,0.43897045410156255,False
SMH,2026-10-10T02:52:01+00:00,603.3300170898438,2026-10-23,Put,SMH261023P00530000,530.0,1.2,0.94,1.3,865.0,482.0,0.4317683776855469,False
SMH,2026-10-10T02:52:01+00:00,603.3300170898438,2026-10-23,Put,SMH261023P00532500,532.5,0.67,0.82,1.38,1.0,489.0,0.4249325085449219,False
SMH,2026-10-10T02:52:01+00:00,603.3300170898438,2026-10-23,Put,SMH261023P00535000,535.0,1.23,1.06,1.47,26.0,299.0,0.4184628466796875,False
SMH,2026-10-10T02:52:01+00:00,603.3300170898438,2026-10-23,Put,SMH261023P00537500,537.5,0.75,0.99,1.57,1.0,371.0,0.41211525390625,False
SMH,2026-10-10T02:52:01+00:00,603.3300170898438,2026-10-23,Put,SMH261023P00540000,540.0,1.63,0.96,1.68,21.0,769.0,0.4058897302246094,False
SMH,2026-10-10T02:52:01+00:00,603.3300170898438,2026-10-23,Put,SMH261023P00542500,542.5,1.77,1.05,1.94,21.0,588.0,0.4074766284179688,False
SMH,2026-10-10T02:52:01+00:00,603.3300170898438,2026-10-23,Put,SMH261023P00545000,545.0,1.67,1.34,2.03,17.0,163.0,0.39880972290039063,False
SMH,2026-10-10T02:52:01+00:00,603.3300170898438,2026-10-23,Put,SMH261023P00547500,547.5,2.22,1.27,2.1,26.0,428.0,0.38892212646484375,False
SMH,2026-10-10T02:52:01+00:00,603.3300170898438,2026-10-23,Put,SMH261023P00550000,550.0,2.02,1.45,2.28,409.0,292.0,0.38397832824707034,False
SMH,2026-10-10T02:52:01+00:00,603.3300170898438,2026-10-23,Put,SMH261023P00552500,552.5,2.14,1.82,2.45,508.0,102.0,0.37793590820312495,False
SMH,2026-10-10T02:52:01+00:00,603.3300170898438,2026-10-23,Put,SMH261023P00555000,555.0,2.45,2.02,2.67,169.0,176.0,0.3734193518066406,False
SMH,2026-10-10T02:52:01+00:00,603.3300170898438,2026-10-23,Put,SMH261023P00557500,557.5,2.5,2.24,3.15,132.0,383.0,0.378363150024414,False
SMH,2026-10-10T02:52:01+00:00,603.3300170898438,2026-10-23,Put,SMH261023P00560000,560.0,2.89,2.49,3.3,2032.0,2481.0,0.3692079681396484,False
SMH,2026-10-10T02:52:01+00:00,603.3300170898438,2026-10-23,Put,SMH261023P00562500,562.5,3.08,2.76,3.35,48.0,155.0,0.3560245062255859,False
SMH,2026-10-10T02:52:01+00:00,603.3300170898438,2026-10-23,Put,SMH261023P00565000,565.0,3.55,2.85,4.1,62.0,149.0,0.36664451721191404,False
SMH,2026-10-10T02:52:01+00:00,603.3300170898438,2026-10-23,Put,SMH261023P00567500,567.5,3.95,3.05,4.0,50.0,103.0,0.3474796697998046,False
SMH,2026-10-10T02:52:01+00:00,603.3300170898438,2026-10-23,Put,SMH261023P00570000,570.0,4.17,3.45,4.8,80.0,7266.0,0.3565127825927734,False
SMH,2026-10-10T02:52:01+00:00,603.3300170898438,2026-10-23,Put,SMH261023P00572500,572.5,5.05,3.65,4.7,7.0,170.0,0.33685965881347657,False
SMH,2026-10-10T02:52:01+00:00,603.3300170898438,2026-10-23,Put,SMH261023P00575000,575.0,5.0,4.0,5.5,211.0,124.0,0.3430241479492187,False
SMH,2026-10-10T02:52:01+00:00,603.3300170898438,2026-10-23,Put,SMH261023P00577500,577.5,5.68,4.9,6.45,29.0,111.0,0.3511417425537109,False
SMH,2026-10-10T02:52:01+00:00,603.3300170898438,2026-10-23,Put,SMH261023P00580000,580.0,6.1,5.5,6.5,167.0,155.0,0.3341741387939453,False
SMH,2026-10-10T02:52:01+00:00,603.3300170898438,2026-10-23,Put,SMH261023P00582500,582.5,6.55,5.4,7.75,61.0,276.0,0.34683880706787107,False
SMH,2026-10-10T02:52:01+00:00,603.3300170898438,2026-10-23,Put,SMH261023P00585000,585.0,7.19,6.0,7.95,56.0,436.0,0.33209896423339846,False
SMH,2026-10-10T02:52:01+00:00,603.3300170898438,2026-10-23,Put,SMH261023P00587500,587.5,8.22,6.8,9.15,14.0,201.0,0.34018604156494137,False
SMH,2026-10-10T02:52:01+00:00,603.3300170898438,2026-10-23,Put,SMH261023P00590000,590.0,8.8,8.15,9.75,822.0,10627.0,0.3328313787841797,False
SMH,2026-10-10T02:52:01+00:00,603.3300170898438,2026-10-23,Put,SMH261023P00592500,592.5,9.55,8.2,10.75,65.0,186.0,0.33338068969726564,False
SMH,2026-10-10T02:52:01+00:00,603.3300170898438,2026-10-23,Put,SMH261023P00595000,595.0,11.1,9.05,11.25,106.0,165.0,0.3215399877929687,False
SMH,2026-10-10T02:52:01+00:00,603.3300170898438,2026-10-23,Put,SMH261023P00597500,597.5,11.07,10.0,12.6,46.0,229.0,0.3270636141967773,False
SMH,2026-10-10T02:52:01+00:00,603.3300170898438,2026-10-23,Put,SMH261023P00600000,600.0,12.4,11.1,13.65,334.0,577.0,0.324652749633789,False
SMH,2026-10-10T02:52:01+00:00,603.3300170898438,2026-10-23,Put,SMH261023P00602500,602.5,13.23,13.3,14.75,85.0,199.0,0.3219367123413085,False
SMH,2026-10-10T02:52:01+00:00,603.3300170898438,2026-10-23,Put,SMH261023P00605000,605.0,14.75,13.25,16.25,50.0,5636.0,0.3263311996459961,True
SMH,2026-10-10T02:52:01+00:00,603.3300170898438,2026-10-23,Put,SMH261023P00607500,607.5,15.25,15.2,17.35,6.0,383.0,0.3208686077880859,True
SMH,2026-10-10T02:52:01+00:00,603.3300170898438,2026-10-23,Put,SMH261023P00610000,610.0,17.06,16.6,18.65,1150.0,602.0,0.3182441223144531,True
SMH,2026-10-10T02:52:01+00:00,603.3300170898438,2026-10-23,Put,SMH261023P00612500,612.5,18.22,17.45,19.9,10.0,168.0,0.3131172204589844,True
SMH,2026-10-10T02:52:01+00:00,603.3300170898438,2026-10-23,Put,SMH261023P00615000,615.0,20.15,18.6,21.45,5.0,628.0,0.3129951513671875,True
SMH,2026-10-10T02:52:01+00:00,603.3300170898438,2026-10-23,Put,SMH261023P00617500,617.5,22.58,20.1,23.15,1.0,129.0,0.31488722229003896,True
SMH,2026-10-10T02:52:01+00:00,603.3300170898438,2026-10-23,Put,SMH261023P00620000,620.0,23.17,21.5,24.75,4.0,942.0,0.3131477377319336,True
SMH,2026-10-10T02:52:01+00:00,603.3300170898438,2026-10-23,Put,SMH261023P00622500,622.5,25.85,23.15,26.5,7.0,69.0,0.313483427734375,True
SMH,2026-10-10T02:52:01+00:00,603.3300170898438,2026-10-23,Put,SMH261023P00625000,625.0,27.54,25.5,28.25,2.0,83.0,0.31250687499999996,True
SMH,2026-10-10T02:52:01+00:00,603.3300170898438,2026-10-23,Put,SMH261023P00627500,627.5,29.51,27.15,30.2,20.0,92.0,0.31513136047363277,True
SMH,2026-10-10T02:52:01+00:00,603.3300170898438,2026-10-23,Put,SMH261023P00630000,630.0,31.5,28.95,32.1,2.0,120.0,0.31525342956542957,True
SMH,2026-10-10T02:52:01+00:00,603.3300170898438,2026-10-23,Put,SMH261023P00632500,632.5,32.88,30.85,34.1,2.0,29.0,0.316840327758789,True
SMH,2026-10-10T02:52:01+00:00,603.3300170898438,2026-10-23,Put,SMH261023P00635000,635.0,35.17,33.15,36.15,10.0,47.0,0.31867136413574215,True
SMH,2026-10-10T02:52:01+00:00,603.3300170898438,2026-10-23,Put,SMH261023P00637500,637.5,36.93,,,,,0.0,True
SMH,2026-10-10T02:52:01+00:00,603.3300170898438,2026-10-23,Put,SMH261023P00640000,640.0,24.45,37.0,40.2,15.0,21.0,0.3171455004882812,True
SMH,2026-10-10T02:52:01+00:00,603.3300170898438,2026-10-23,Put,SMH261023P00642500,642.5,26.3,,,,,0.0,True
SMH,2026-10-10T02:52:01+00:00,603.3300170898438,2026-10-23,Put,SMH261023P00645000,645.0,27.61,41.6,45.35,1.0,3.0,0.3481510498046875,True
SMH,2026-10-10T02:52:01+00:00,603.3300170898438,2026-10-23,Put,SMH261023P00647500,647.5,21.05,,,,,0.0,True
SMH,2026-10-10T02:52:01+00:00,603.3300170898438,2026-10-23,Put,SMH261023P00650000,650.0,31.81,45.9,49.95,13.0,22.0,0.35950347534179683,True
SMH,2026-10-10T02:52:01+00:00,603.3300170898438,2026-10-23,Put,SMH261023P00652500,652.5,22.83,,,,,0.0,True
SMH,2026-10-10T02:52:01+00:00,603.3300170898438,2026-10-23,Put,SMH261023P00660000,660.0,29.9,,,,,0.0,True
SMH,2026-10-10T02:52:01+00:00,603.3300170898438,2026-10-23,Put,SMH261023P00665000,665.0,47.45,59.5,64.45,1.0,2.0,0.4100400793457031,True
SMH,2026-10-10T02:52:01+00:00,603.3300170898438,2026-10-23,Put,SMH261023P00680000,680.0,64.18,74.05,79.0,2.0,4.0,0.45313046875,True
SMH,2026-10-10T02:52:01+00:00,603.3300170898438,2026-10-23,Put,SMH261023P00705000,705.0,71.7,99.05,104.0,3.0,0.0,0.5504195349121095,True
SMH,2026-10-10T02:52:01+00:00,603.3300170898438,2026-10-23,Put,SMH261023P00735000,735.0,126.2,129.05,134.0,,0.0,0.6578403356933593,True
SOXX,2026-10-10T02:52:02+00:00,559.4000244140625,2026-10-23,Call,SOXX261023C00410000,410.0,178.0,146.4,154.9,2.0,61.0,0.8908702319335937,True
SOXX,2026-10-10T02:52:02+00:00,559.4000244140625,2026-10-23,Call,SOXX261023C00430000,430.0,136.45,126.0,135.8,1.0,1.0,0.8024922094726561,True
SOXX,2026-10-10T02:52:02+00:00,559.4000244140625,2026-10-23,Call,SOXX261023C00435000,435.0,93.21,121.5,130.8,1.0,1.0,0.7979756530761719,True
SOXX,2026-10-10T02:52:02+00:00,559.4000244140625,2026-10-23,Call,SOXX261023C00450000,450.0,57.5,106.1,115.4,,1.0,0.6718782812500002,True
SOXX,2026-10-10T02:52:02+00:00,559.4000244140625,2026-10-23,Call,SOXX261023C00467500,467.5,42.62,89.0,98.9,,0.0,0.6301306518554688,True
SOXX,2026-10-10T02:52:02+00:00,559.4000244140625,2026-10-23,Call,SOXX261023C00485000,485.0,41.0,72.4,81.0,1.0,1.0,0.5427291821289064,True
SOXX,2026-10-10T02:52:02+00:00,559.4000244140625,2026-10-23,Call,SOXX261023C00487500,487.5,77.7,70.0,78.8,,1.0,0.5394333166503908,True
SOXX,2026-10-10T02:52:02+00:00,559.4000244140625,2026-10-23,Call,SOXX261023C00490000,490.0,79.7,67.6,75.9,24.0,25.0,0.5157519128417969,True
SOXX,2026-10-10T02:52:02+00:00,559.4000244140625,2026-10-23,Call,SOXX261023C00495000,495.0,69.2,62.5,71.9,,8.0,0.509892596435547,True
SOXX,2026-10-10T02:52:02+00:00,559.4000244140625,2026-10-23,Call,SOXX261023C00497500,497.5,69.4,60.0,69.5,6.0,6.0,0.6906158868408205,True
SOXX,2026-10-10T02:52:02+00:00,559.4000244140625,2026-10-23,Call,SOXX261023C00500000,500.0,61.5,59.4,66.3,5.0,73.0,0.5097705273437501,True
SOXX,2026-10-10T02:52:02+00:00,559.4000244140625,2026-10-23,Call,SOXX261023C00502500,502.5,28.06,55.8,64.2,,5.0,0.6425816992187501,True
SOXX,2026-10-10T02:52:02+00:00,559.4000244140625,2026-10-23,Call,SOXX261023C00510000,510.0,52.7,50.6,54.4,10.0,21.0,0.5059863854980469,True
SOXX,2026-10-10T02:52:02+00:00,559.4000244140625,2026-10-23,Call,SOXX261023C00515000,515.0,66.2,44.1,52.9,1.0,11.0,0.5862468133544922,True
SOXX,2026-10-10T02:52:02+00:00,559.4000244140625,2026-10-23,Call,SOXX261023C00520000,520.0,46.3,40.8,47.8,2.0,33.0,0.5437667694091797,True
SOXX,2026-10-10T02:52:02+00:00,559.4000244140625,2026-10-23,Call,SOXX261023C00522500,522.5,54.0,38.8,44.9,,3.0,0.5119677709960937,True
SOXX,2026-10-10T02:52:02+00:00,559.4000244140625,2026-10-23,Call,SOXX261023C00525000,525.0,44.1,35.8,41.4,120.0,124.0,0.4624077197265626,True
SOXX,2026-10-10T02:52:02+00:00,559.4000244140625,2026-10-23,Call,SOXX261023C00527500,527.5,45.1,35.0,39.4,11.0,22.0,0.45770805969238293,True
SOXX,2026-10-10T02:52:02+00:00,559.4000244140625,2026-10-23,Call,SOXX261023C00530000,530.0,34.0,32.9,37.0,3.0,4.0,0.44067942138671873,True
SOXX,2026-10-10T02:52:02+00:00,559.4000244140625,2026-10-23,Call,SOXX261023C00532500,532.5,35.2,31.7,35.6,,2.0,0.4510552941894531,True
SOXX,2026-10-10T02:52:02+00:00,559.4000244140625,2026-10-23,Call,SOXX261023C00535000,535.0,53.5,28.9,33.4,2.0,5.0,0.4381770050048829,True
SOXX,2026-10-10T02:52:02+00:00,559.4000244140625,2026-10-23,Call,SOXX261023C00537500,537.5,41.34,27.8,32.0,21.0,21.0,0.44550115051269534,True
SOXX,2026-10-10T02:52:02+00:00,559.4000244140625,2026-10-23,Call,SOXX261023C00540000,540.0,28.2,26.1,31.2,10.0,31.0,0.466374965209961,True
SOXX,2026-10-10T02:52:02+00:00,559.4000244140625,2026-10-23,Call,SOXX261023C00542500,542.5,29.31,24.1,27.4,2.0,8.0,0.41083352844238286,True
SOXX,2026-10-10T02:52:02+00:00,559.4000244140625,2026-10-23,Call,SOXX261023C00545000,545.0,53.63,22.4,26.5,1.0,23.0,0.4268245794677735,True
SOXX,2026-10-10T02:52:02+00:00,559.4000244140625,2026-10-23,Call,SOXX261023C00550000,550.0,20.8,19.2,22.6,5.0,31.0,0.403875590209961,True
SOXX,2026-10-10T02:52:02+00:00,559.4000244140625,2026-10-23,Call,SOXX261023C00552500,552.5,24.0,17.8,20.2,2.0,18.0,0.38040780731201174,True
SOXX,2026-10-10T02:52:02+00:00,559.4000244140625,2026-10-23,Call,SOXX261023C00555000,555.0,17.89,16.2,20.1,4.0,93.0,0.4092466302490234,True
SOXX,2026-10-10T02:52:02+00:00,559.4000244140625,2026-10-23,Call,SOXX261023C00560000,560.0,15.29,14.0,16.4,11.0,42.0,0.3819031536865234,False
SOXX,2026-10-10T02:52:02+00:00,559.4000244140625,2026-10-23,Call,SOXX261023C00565000,565.0,12.56,11.6,13.1,5.0,44.0,0.358404853515625,False
SOXX,2026-10-10T02:52:02+00:00,559.4000244140625,2026-10-23,Call,SOXX261023C00567500,567.5,17.91,9.6,12.1,4.0,10.0,0.3594424407958984,False
SOXX,2026-10-10T02:52:02+00:00,559.4000244140625,2026-10-23,Call,SOXX261023C00570000,570.0,10.0,9.3,11.1,15.0,80.0,0.35904571624755854,False
SOXX,2026-10-10T02:52:02+00:00,559.4000244140625,2026-10-23,Call,SOXX261023C00572500,572.5,32.0,7.9,10.2,1.0,10.0,0.35962554443359374,False
SOXX,2026-10-10T02:52:02+00:00,559.4000244140625,2026-10-23,Call,SOXX261023C00575000,575.0,8.51,7.7,9.0,26.0,85.0,0.35147743255615227,False
SOXX,2026-10-10T02:52:02+00:00,559.4000244140625,2026-10-23,Call,SOXX261023C00577500,577.5,7.7,6.8,8.1,15.0,7.0,0.3490055334472656,False
SOXX,2026-10-10T02:52:02+00:00,559.4000244140625,2026-10-23,Call,SOXX261023C00580000,580.0,6.63,5.7,9.0,6.0,56.0,0.39087523193359375,False
SOXX,2026-10-10T02:52:02+00:00,559.4000244140625,2026-10-23,Call,SOXX261023C00582500,582.5,16.4,5.3,7.8,1.0,7.0,0.3789124609375,False
SOXX,2026-10-10T02:52:02+00:00,559.4000244140625,2026-10-23,Call,SOXX261023C00585000,585.0,5.65,4.8,5.9,1.0,23.0,0.3454655297851562,False
SOXX,2026-10-10T02:52:02+00:00,559.4000244140625,2026-10-23,Call,SOXX261023C00587500,587.5,4.9,4.2,6.3,9.0,21.0,0.373480386352539,False
SOXX,2026-10-10T02:52:02+00:00,559.4000244140625,2026-10-23,Call,SOXX261023C00590000,590.0,4.1,3.8,5.0,10.0,54.0,0.35217932983398437,False
SOXX,2026-10-10T02:52:02+00:00,559.4000244140625,2026-10-23,Call,SOXX261023C00592500,592.5,3.7,3.2,4.2,4.0,17.0,0.3427189752197265,False
SOXX,2026-10-10T02:52:02+00:00,559.4000244140625,2026-10-23,Call,SOXX261023C00595000,595.0,3.4,2.0,3.8,9.0,30.0,0.34430587341308594,False
SOXX,2026-10-10T02:52:02+00:00,559.4000244140625,2026-10-23,Call,SOXX261023C00600000,600.0,2.65,1.95,3.4,9.0,80.0,0.35846588806152346,False
SOXX,2026-10-10T02:52:02+00:00,559.4000244140625,2026-10-23,Call,SOXX261023C00605000,605.0,2.1,1.75,2.35,13.0,26.0,0.34314621704101556,False
SOXX,2026-10-10T02:52:02+00:00,559.4000244140625,2026-10-23,Call,SOXX261023C00610000,610.0,1.58,1.2,1.75,15.0,89.0,0.33899586791992187,False
SOXX,2026-10-10T02:52:02+00:00,559.4000244140625,2026-10-23,Call,SOXX261023C00615000,615.0,2.7,1.1,1.75,2.0,13.0,0.3619448571777344,False
SOXX,2026-10-10T02:52:02+00:00,559.4000244140625,2026-10-23,Call,SOXX261023C00620000,620.0,2.5,0.45,1.8,5.0,19.0,0.387152124633789,False
SOXX,2026-10-10T02:52:02+00:00,559.4000244140625,2026-10-23,Call,SOXX261023C00625000,625.0,1.5,0.45,1.7,4.0,18.0,0.40344834838867194,False
SOXX,2026-10-10T02:52:02+00:00,559.4000244140625,2026-10-23,Call,SOXX261023C00630000,630.0,1.03,0.45,1.35,3.0,31.0,0.4027159338378906,False
SOXX,2026-10-10T02:52:02+00:00,559.4000244140625,2026-10-23,Call,SOXX261023C00635000,635.0,1.67,0.15,0.75,1.0,27.0,0.37500625,False
SOXX,2026-10-10T02:52:02+00:00,559.4000244140625,2026-10-23,Call,SOXX261023C00640000,640.0,0.45,0.1,0.6,2.0,22.0,0.3776917700195312,False
SOXX,2026-10-10T02:52:02+00:00,559.4000244140625,2026-10-23,Call,SOXX261023C00645000,645.0,0.72,0.0,2.2,1.0,3.0,0.5170946728515625,False
SOXX,2026-10-10T02:52:02+00:00,559.4000244140625,2026-10-23,Call,SOXX261023C00650000,650.0,0.25,0.1,0.7,3.0,30.0,0.42383388671875,False
SOXX,2026-10-10T02:52:02+00:00,559.4000244140625,2026-10-23,Call,SOXX261023C00655000,655.0,1.84,0.05,4.3,,10.0,0.5565229895019532,False
SOXX,2026-10-10T02:52:02+00:00,559.4000244140625,2026-10-23,Call,SOXX261023C00660000,660.0,0.25,0.0,1.4,1.0,51.0,0.523320196533203,False
SOXX,2026-10-10T02:52:02+00:00,559.4000244140625,2026-10-23,Call,SOXX261023C00665000,665.0,1.4,0.0,1.5,1.0,9.0,0.5495650512695314,False
SOXX,2026-10-10T02:52:02+00:00,559.4000244140625,2026-10-23,Put,SOXX261023P00395000,395.0,0.61,0.0,4.5,6.0,13.0,1.0988814587402347,False
SOXX,2026-10-10T02:52:02+00:00,559.4000244140625,2026-10-23,Put,SOXX261023P00400000,400.0,0.1,0.0,0.6,25.0,116.0,0.7617211328125001,False
SOXX,2026-10-10T02:52:02+00:00,559.4000244140625,2026-10-23,Put,SOXX261023P00410000,410.0,0.09,0.0,1.5,1.0,4.0,0.8156756713867187,False
SOXX,2026-10-10T02:52:02+00:00,559.4000244140625,2026-10-23,Put,SOXX261023P00415000,415.0,1.1,0.0,1.5,1.0,6.0,0.788088056640625,False
SOXX,2026-10-10T02:52:02+00:00,559.4000244140625,2026-10-23,Put,SOXX261023P00425000,425.0,0.12,0.0,1.5,10.0,24.0,0.7338893798828124,False
SOXX,2026-10-10T02:52:02+00:00,559.4000244140625,2026-10-23,Put,SOXX261023P00430000,430.0,0.75,0.0,1.0,1.0,7.0,0.6623568920898439,False
SOXX,2026-10-10T02:52:02+00:00,559.4000244140625,2026-10-23,Put,SOXX261023P00435000,435.0,1.05,0.0,1.5,3.0,10.0,0.6806672558593752,False
SOXX,2026-10-10T02:52:02+00:00,559.4000244140625,2026-10-23,Put,SOXX261023P00440000,440.0,1.3,0.0,1.55,5.0,8.0,0.6577182666015625,False
SOXX,2026-10-10T02:52:02+00:00,559.4000244140625,2026-10-23,Put,SOXX261023P00445000,445.0,0.7,0.0,2.2,1.0,10.0,0.673098972167969,False
SOXX,2026-10-10T02:52:02+00:00,559.4000244140625,2026-10-23,Put,SOXX261023P00450000,450.0,0.75,0.0,0.85,38.0,92.0,0.5483443603515626,False
SOXX,2026-10-10T02:52:02+00:00,559.4000244140625,2026-10-23,Put,SOXX261023P00455000,455.0,0.1,0.15,1.0,1.0,334.0,0.5502974658203126,False
SOXX,2026-10-10T02:52:02+00:00,559.4000244140625,2026-10-23,Put,SOXX261023P00460000,460.0,0.29,0.0,1.5,1.0,89.0,0.5502974658203126,False
SOXX,2026-10-10T02:52:02+00:00,559.4000244140625,2026-10-23,Put,SOXX261023P00465000,465.0,1.25,0.0,1.5,2.0,4.0,0.5246629565429688,False
SOXX,2026-10-10T02:52:02+00:00,559.4000244140625,2026-10-23,Put,SOXX261023P00467500,467.5,0.29,0.0,4.9,10.0,14.0,0.6578403356933593,False
SOXX,2026-10-10T02:52:02+00:00,559.4000244140625,2026-10-23,Put,SOXX261023P00470000,470.0,0.8,0.0,4.5,5.0,30.0,0.6293982373046876,False
SOXX,2026-10-10T02:52:02+00:00,559.4000244140625,2026-10-23,Put,SOXX261023P00472500,472.5,2.25,0.0,1.75,2.0,2.0,0.5008594836425782,False
SOXX,2026-10-10T02:52:02+00:00,559.4000244140625,2026-10-23,Put,SOXX261023P00475000,475.0,0.99,0.15,1.65,3.0,22.0,0.5571333349609376,False
SOXX,2026-10-10T02:52:02+00:00,559.4000244140625,2026-10-23,Put,SOXX261023P00477500,477.5,0.36,0.2,1.7,2.0,4.0,0.5466353930664063,False
SOXX,2026-10-10T02:52:02+00:00,559.4000244140625,2026-10-23,Put,SOXX261023P00480000,480.0,0.97,0.05,1.8,1.0,673.0,0.5395553857421876,False
SOXX,2026-10-10T02:52:02+00:00,559.4000244140625,2026-10-23,Put,SOXX261023P00482500,482.5,1.15,0.1,1.9,1.0,10.0,0.5319871020507813,False
SOXX,2026-10-10T02:52:02+00:00,559.4000244140625,2026-10-23,Put,SOXX261023P00485000,485.0,1.08,0.85,1.45,8.0,24.0,0.4857229162597656,False
SOXX,2026-10-10T02:52:02+00:00,559.4000244140625,2026-10-23,Put,SOXX261023P00487500,487.5,1.65,0.4,1.95,5.0,39.0,0.5063525927734375,False
SOXX,2026-10-10T02:52:02+00:00,559.4000244140625,2026-10-23,Put,SOXX261023P00490000,490.0,1.37,1.05,1.6,2.0,97.0,0.4686332434082031,False
SOXX,2026-10-10T02:52:02+00:00,559.4000244140625,2026-10-23,Put,SOXX261023P00492500,492.5,0.75,0.55,2.75,1.0,2.0,0.5228319201660157,False
SOXX,2026-10-10T02:52:02+00:00,559.4000244140625,2026-10-23,Put,SOXX261023P00495000,495.0,1.55,1.05,2.05,8.0,13.0,0.4686332434082031,False
SOXX,2026-10-10T02:52:02+00:00,559.4000244140625,2026-10-23,Put,SOXX261023P00497500,497.5,0.75,0.7,2.5,1.0,4.0,0.478948081665039,False
SOXX,2026-10-10T02:52:02+00:00,559.4000244140625,2026-10-23,Put,SOXX261023P00500000,500.0,1.9,1.45,2.3,1009.0,1463.0,0.45313046875,False
SOXX,2026-10-10T02:52:02+00:00,559.4000244140625,2026-10-23,Put,SOXX261023P00502500,502.5,1.0,1.2,2.5,4.0,64.0,0.4485528778076171,False
SOXX,2026-10-10T02:52:02+00:00,559.4000244140625,2026-10-23,Put,SOXX261023P00505000,505.0,2.06,1.7,2.55,1.0,34.0,0.43579665771484377,False
SOXX,2026-10-10T02:52:02+00:00,559.4000244140625,2026-10-23,Put,SOXX261023P00507500,507.5,2.4,1.85,2.75,16.0,4.0,0.4299983758544922,False
SOXX,2026-10-10T02:52:02+00:00,559.4000244140625,2026-10-23,Put,SOXX261023P00510000,510.0,2.55,1.65,2.95,120.0,2980.0,0.4234676794433594,False
SOXX,2026-10-10T02:52:02+00:00,559.4000244140625,2026-10-23,Put,SOXX261023P00512500,512.5,2.25,1.8,3.7,10.0,11.0,0.43897045410156255,False
SOXX,2026-10-10T02:52:02+00:00,559.4000244140625,2026-10-23,Put,SOXX261023P00515000,515.0,4.0,2.05,3.3,1.0,40.0,0.4063780065917969,False
SOXX,2026-10-10T02:52:02+00:00,559.4000244140625,2026-10-23,Put,SOXX261023P00517500,517.5,1.4,2.2,4.3,2.0,5.0,0.42828940856933595,False
SOXX,2026-10-10T02:52:02+00:00,559.4000244140625,2026-10-23,Put,SOXX261023P00520000,520.0,3.58,3.0,4.3,6.0,122.0,0.4110166320800781,False
SOXX,2026-10-10T02:52:02+00:00,559.4000244140625,2026-10-23,Put,SOXX261023P00522500,522.5,2.0,2.4,4.6,1.0,4.0,0.4041197283935547,False
SOXX,2026-10-10T02:52:02+00:00,559.4000244140625,2026-10-23,Put,SOXX261023P00525000,525.0,4.4,3.1,4.9,6.0,157.0,0.3963683410644532,False
SOXX,2026-10-10T02:52:02+00:00,559.4000244140625,2026-10-23,Put,SOXX261023P00527500,527.5,4.6,3.2,6.0,5.0,7.0,0.4129087030029296,False
SOXX,2026-10-10T02:52:02+00:00,559.4000244140625,2026-10-23,Put,SOXX261023P00530000,530.0,4.68,3.2,6.4,1.0,40.0,0.40582869567871094,False
SOXX,2026-10-10T02:52:02+00:00,559.4000244140625,2026-10-23,Put,SOXX261023P00532500,532.5,2.5,3.6,7.3,1.0,2.0,0.41211525390625,False
SOXX,2026-10-10T02:52:02+00:00,559.4000244140625,2026-10-23,Put,SOXX261023P00535000,535.0,6.0,4.3,7.5,7.0,28.0,0.397466962890625,False
SOXX,2026-10-10T02:52:02+00:00,559.4000244140625,2026-10-23,Put,SOXX261023P00540000,540.0,7.2,5.9,8.2,10.0,77.0,0.3743348699951171,False
SOXX,2026-10-10T02:52:02+00:00,559.4000244140625,2026-10-23,Put,SOXX261023P00542500,542.5,7.9,7.4,9.6,4.0,7.0,0.38825074645996094,False
SOXX,2026-10-10T02:52:02+00:00,559.4000244140625,2026-10-23,Put,SOXX261023P00545000,545.0,9.0,8.2,9.2,126.0,105.0,0.35559726440429684,False
SOXX,2026-10-10T02:52:02+00:00,559.4000244140625,2026-10-23,Put,SOXX261023P00547500,547.5,9.67,8.5,10.9,9.0,15.0,0.3737855590820312,False
SOXX,2026-10-10T02:52:02+00:00,559.4000244140625,2026-10-23,Put,SOXX261023P00550000,550.0,10.23,9.5,11.5,33.0,72.0,0.36365382446289063,False
SOXX,2026-10-10T02:52:02+00:00,559.4000244140625,2026-10-23,Put,SOXX261023P00555000,555.0,13.0,11.5,13.0,9.0,782.0,0.3468998416137695,False
SOXX,2026-10-10T02:52:02+00:00,559.4000244140625,2026-10-23,Put,SOXX261023P00557500,557.5,9.8,12.6,14.1,16.0,24.0,0.34458052886962887,False
SOXX,2026-10-10T02:52:02+00:00,559.4000244140625,2026-10-23,Put,SOXX261023P00560000,560.0,14.5,13.5,16.4,543.0,457.0,0.3682314154052735,True
SOXX,2026-10-10T02:52:02+00:00,559.4000244140625,2026-10-23,Put,SOXX261023P00562500,562.5,16.1,13.9,18.3,26.0,22.0,0.3812317736816406,True
SOXX,2026-10-10T02:52:02+00:00,559.4000244140625,2026-10-23,Put,SOXX261023P00565000,565.0,16.7,16.2,18.7,79.0,211.0,0.35846588806152346,True
SOXX,2026-10-10T02:52:02+00:00,559.4000244140625,2026-10-23,Put,SOXX261023P00567500,567.5,17.8,17.0,20.6,7.0,222.0,0.3687807263183594,True
SOXX,2026-10-10T02:52:02+00:00,559.4000244140625,2026-10-23,Put,SOXX261023P00570000,570.0,20.1,18.4,22.4,44.0,81.0,0.3755250436401367,True
SOXX,2026-10-10T02:52:02+00:00,559.4000244140625,2026-10-23,Put,SOXX261023P00575000,575.0,22.7,22.0,24.9,25.0,8.0,0.35883209533691407,True
SOXX,2026-10-10T02:52:02+00:00,559.4000244140625,2026-10-23,Put,SOXX261023P00580000,580.0,10.91,25.3,28.8,1.0,1.0,0.3707338317871094,True
SOXX,2026-10-10T02:52:02+00:00,559.4000244140625,2026-10-23,Put,SOXX261023P00587500,587.5,30.2,30.3,34.9,33.0,1.0,0.3874572973632812,True
SOXX,2026-10-10T02:52:02+00:00,559.4000244140625,2026-10-23,Put,SOXX261023P00590000,590.0,34.14,32.9,34.9,11.0,6.0,0.33081723876953123,True
SOXX,2026-10-10T02:52:02+00:00,559.4000244140625,2026-10-23,Put,SOXX261023P00592500,592.5,33.0,33.5,38.9,1.0,2.0,0.3918517846679687,True
SOXX,2026-10-10T02:52:02+00:00,559.4000244140625,2026-10-23,Put,SOXX261023P00595000,595.0,38.0,34.4,41.6,1.0,2.0,0.413519048461914,True
SOXX,2026-10-10T02:52:02+00:00,559.4000244140625,2026-10-23,Put,SOXX261023P00605000,605.0,29.7,45.5,48.4,1.0,2.0,0.36212796081542964,True
SOXX,2026-10-10T02:52:02+00:00,559.4000244140625,2026-10-23,Put,SOXX261023P00610000,610.0,32.7,47.4,55.2,1.0,1.0,0.45606012695312503,True
SOXX,2026-10-10T02:52:02+00:00,559.4000244140625,2026-10-23,Put,SOXX261023P00615000,615.0,106.8,54.7,59.5,,1.0,0.45691461059570315,True
SOXX,2026-10-10T02:52:02+00:00,559.4000244140625,2026-10-23,Put,SOXX261023P00620000,620.0,61.09,59.5,62.3,10.0,2.0,0.38172005004882803,True
SOXX,2026-10-10T02:52:02+00:00,559.4000244140625,2026-10-23,Put,SOXX261023P00625000,625.0,39.0,61.5,71.0,10.0,10.0,0.5642133422851563,True
SOXX,2026-10-10T02:52:02+00:00,559.4000244140625,2026-10-23,Put,SOXX261023P00655000,655.0,94.45,90.1,99.5,2.0,0.0,0.6464268756103515,True
SOXX,2026-10-10T02:52:02+00:00,559.4000244140625,2026-10-30,Call,SOXX261030C00400000,400.0,172.0,156.8,165.7,1.0,2.0,0.8360612097167968,True
SOXX,2026-10-10T02:52:02+00:00,559.4000244140625,2026-10-30,Call,SOXX261030C00415000,415.0,165.23,142.0,150.4,,2.0,0.7547631945800781,True
SOXX,2026-10-10T02:52:02+00:00,559.4000244140625,2026-10-30,Call,SOXX261030C00420000,420.0,145.53,137.1,145.9,,1.0,0.7534204345703125,True
SOXX,2026-10-10T02:52:02+00:00,559.4000244140625,2026-10-30,Call,SOXX261030C00435000,435.0,71.7,122.4,131.0,,1.0,0.6910431286621095,True
SOXX,2026-10-10T02:52:02+00:00,559.4000244140625,2026-10-30,Call,SOXX261030C00450000,450.0,108.0,107.0,116.5,7.0,2.0,0.6185340881347658,True
SOXX,2026-10-10T02:52:02+00:00,559.4000244140625,2026-10-30,Call,SOXX261030C00475000,475.0,90.4,83.1,92.6,,7.0,0.5472457385253908,True
SOXX,2026-10-10T02:52:02+00:00,559.4000244140625,2026-10-30,Call,SOXX261030C00480000,480.0,45.36,78.8,87.9,,1.0,0.5418136639404298,True
SOXX,2026-10-10T02:52:02+00:00,559.4000244140625,2026-10-30,Call,SOXX261030C00490000,490.0,78.2,69.2,77.8,,1.0,0.6334875518798828,True
SOXX,2026-10-10T02:52:02+00:00,559.4000244140625,2026-10-30,Call,SOXX261030C00495000,495.0,97.5,65.8,71.9,3.0,10.0,0.5762371478271484,True
SOXX,2026-10-10T02:52:02+00:00,559.4000244140625,2026-10-30,Call,SOXX261030C00500000,500.0,76.71,61.6,67.1,2.0,64.0,0.5513350531005861,True
SOXX,2026-10-10T02:52:02+00:00,559.4000244140625,2026-10-30,Call,SOXX261030C00502500,502.5,30.03,59.0,64.9,,1.0,0.5443160803222657,True
SOXX,2026-10-10T02:52:02+00:00,559.4000244140625,2026-10-30,Call,SOXX261030C00505000,505.0,64.4,56.0,63.8,9.0,8.0,0.5661054132080079,True
SOXX,2026-10-10T02:52:02+00:00,559.4000244140625,2026-10-30,Call,SOXX261030C00507500,507.5,90.15,54.4,60.7,1.0,1.0,0.5343369320678711,True
SOXX,2026-10-10T02:52:02+00:00,559.4000244140625,2026-10-30,Call,SOXX261030C00510000,510.0,33.0,51.8,59.7,,1.0,0.5564009204101563,True
SOXX,2026-10-10T02:52:02+00:00,559.4000244140625,2026-10-30,Call,SOXX261030C00512500,512.5,56.0,51.3,54.7,7.0,1.0,0.47650669982910154,True
SOXX,2026-10-10T02:52:02+00:00,559.4000244140625,2026-10-30,Call,SOXX261030C00515000,515.0,54.35,48.9,53.0,2.0,3.0,0.48114532531738285,True
SOXX,2026-10-10T02:52:02+00:00,559.4000244140625,2026-10-30,Call,SOXX261030C00517500,517.5,67.05,46.0,51.1,1.0,1.0,0.47983308258056634,True
SOXX,2026-10-10T02:52:02+00:00,559.4000244140625,2026-10-30,Call,SOXX261030C00520000,520.0,48.1,44.1,50.3,2.0,36.0,0.5036670727539063,True
SOXX,2026-10-10T02:52:02+00:00,559.4000244140625,2026-10-30,Call,SOXX261030C00525000,525.0,74.21,39.2,45.2,1.0,17.0,0.46698531066894533,True
SOXX,2026-10-10T02:52:02+00:00,559.4000244140625,2026-10-30,Call,SOXX261030C00527500,527.5,16.62,38.3,42.5,,1.0,0.4451959777832031,True
SOXX,2026-10-10T02:52:02+00:00,559.4000244140625,2026-10-30,Call,SOXX261030C00530000,530.0,56.76,37.0,41.0,1.0,75.0,0.44965149963378903,True
SOXX,2026-10-10T02:52:02+00:00,559.4000244140625,2026-10-30,Call,SOXX261030C00535000,535.0,45.2,33.1,37.1,2.0,4.0,0.43677321044921874,True
SOXX,2026-10-10T02:52:02+00:00,559.4000244140625,2026-10-30,Call,SOXX261030C00537500,537.5,45.2,31.2,35.8,,2.0,0.44278511322021485,True
SOXX,2026-10-10T02:52:02+00:00,559.4000244140625,2026-10-30,Call,SOXX261030C00540000,540.0,34.0,29.4,33.2,2.0,60.0,0.4215145739746094,True
SOXX,2026-10-10T02:52:02+00:00,559.4000244140625,2026-10-30,Call,SOXX261030C00545000,545.0,39.8,26.2,30.7,22.0,15.0,0.4312801013183594,True
SOXX,2026-10-10T02:52:02+00:00,559.4000244140625,2026-10-30,Call,SOXX261030C00547500,547.5,53.85,25.2,28.4,2.0,9.0,0.4143735321044921,True
SOXX,2026-10-10T02:52:02+00:00,559.4000244140625,2026-10-30,Call,SOXX261030C00550000,550.0,28.44,24.2,26.8,13.0,108.0,0.4104368038940429,True
SOXX,2026-10-10T02:52:02+00:00,559.4000244140625,2026-10-30,Call,SOXX261030C00552500,552.5,44.65,21.7,26.9,2.0,19.0,0.43790234954833984,True
SOXX,2026-10-10T02:52:02+00:00,559.4000244140625,2026-10-30,Call,SOXX261030C00555000,555.0,24.13,21.3,23.3,1.0,92.0,0.3944762701416016,True
SOXX,2026-10-10T02:52:02+00:00,559.4000244140625,2026-10-30,Call,SOXX261030C00557500,557.5,36.5,19.1,22.9,,4.0,0.4106504248046875,True
SOXX,2026-10-10T02:52:02+00:00,559.4000244140625,2026-10-30,Call,SOXX261030C00560000,560.0,19.22,18.6,20.6,22.0,54.0,0.3903259210205078,False
SOXX,2026-10-10T02:52:02+00:00,559.4000244140625,2026-10-30,Call,SOXX261030C00562500,562.5,20.6,16.8,20.4,6.0,7.0,0.4083921466064453,False
SOXX,2026-10-10T02:52:02+00:00,559.4000244140625,2026-10-30,Call,SOXX261030C00565000,565.0,18.6,16.1,18.0,6.0,196.0,0.38449712188720697,False
SOXX,2026-10-10T02:52:02+00:00,559.4000244140625,2026-10-30,Call,SOXX261030C00567500,567.5,27.0,14.4,17.8,10.0,4.0,0.4009154147338867,False
SOXX,2026-10-10T02:52:02+00:00,559.4000244140625,2026-10-30,Call,SOXX261030C00570000,570.0,14.83,13.7,17.3,88.0,158.0,0.41095559753417965,False
SOXX,2026-10-10T02:52:02+00:00,559.4000244140625,2026-10-30,Call,SOXX261030C00572500,572.5,35.19,11.9,16.6,1.0,32.0,0.4165097412109374,False
SOXX,2026-10-10T02:52:02+00:00,559.4000244140625,2026-10-30,Call,SOXX261030C00575000,575.0,13.15,11.7,13.9,1.0,48.0,0.3828797064208984,False
SOXX,2026-10-10T02:52:02+00:00,559.4000244140625,2026-10-30,Call,SOXX261030C00577500,577.5,12.04,10.8,14.6,1.0,23.0,0.4138242211914062,False
SOXX,2026-10-10T02:52:02+00:00,559.4000244140625,2026-10-30,Call,SOXX261030C00580000,580.0,11.15,10.0,11.9,18.0,59.0,0.377661252746582,False
SOXX,2026-10-10T02:52:02+00:00,559.4000244140625,2026-10-30,Call,SOXX261030C00582500,582.5,28.59,8.9,13.9,1.0,15.0,0.43362993133544925,False
SOXX,2026-10-10T02:52:02+00:00,559.4000244140625,2026-10-30,Call,SOXX261030C00585000,585.0,9.86,8.4,10.6,3.0,32.0,0.3829712582397461,False
SOXX,2026-10-10T02:52:02+00:00,559.4000244140625,2026-10-30,Call,SOXX261030C00587500,587.5,13.79,7.3,10.5,1.0,19.0,0.39600213378906257,False
SOXX,2026-10-10T02:52:02+00:00,559.4000244140625,2026-10-30,Call,SOXX261030C00590000,590.0,7.83,7.2,8.5,17.0,70.0,0.3679262426757813,False
SOXX,2026-10-10T02:52:02+00:00,559.4000244140625,2026-10-30,Call,SOXX261030C00592500,592.5,14.6,6.2,11.2,4.0,3.0,0.4401301104736328,False
SOXX,2026-10-10T02:52:02+00:00,559.4000244140625,2026-10-30,Call,SOXX261030C00595000,595.0,6.8,6.0,7.3,1.0,17.0,0.36832296722412117,False
SOXX,2026-10-10T02:52:02+00:00,559.4000244140625,2026-10-30,Call,SOXX261030C00600000,600.0,5.58,5.1,6.4,4.0,152.0,0.372625902709961,False
SOXX,2026-10-10T02:52:02+00:00,559.4000244140625,2026-10-30,Call,SOXX261030C00605000,605.0,4.81,4.0,6.9,2.0,16.0,0.4097349066162109,False
SOXX,2026-10-10T02:52:02+00:00,559.4000244140625,2026-10-30,Call,SOXX261030C00610000,610.0,5.6,3.1,8.1,1.0,243.0,0.46362841064453125,False
SOXX,2026-10-10T02:52:02+00:00,559.4000244140625,2026-10-30,Call,SOXX261030C00615000,615.0,5.1,2.5,6.5,4.0,71.0,0.44696597961425777,False
SOXX,2026-10-10T02:52:02+00:00,559.4000244140625,2026-10-30,Call,SOXX261030C00620000,620.0,2.82,2.15,3.4,14.0,215.0,0.3773255627441406,False
SOXX,2026-10-10T02:52:02+00:00,559.4000244140625,2026-10-30,Call,SOXX261030C00625000,625.0,2.38,1.8,4.4,5.0,24.0,0.430242514038086,False
SOXX,2026-10-10T02:52:02+00:00,559.4000244140625,2026-10-30,Call,SOXX261030C00630000,630.0,2.5,1.35,3.1,11.0,1691.0,0.40570662658691403,False
SOXX,2026-10-10T02:52:02+00:00,559.4000244140625,2026-10-30,Call,SOXX261030C00635000,635.0,1.74,1.3,2.25,2.0,105.0,0.3898376446533204,False
SOXX,2026-10-10T02:52:02+00:00,559.4000244140625,2026-10-30,Call,SOXX261030C00640000,640.0,2.27,0.9,2.4,4.0,1364.0,0.4140073248291015,False
SOXX,2026-10-10T02:52:02+00:00,559.4000244140625,2026-10-30,Call,SOXX261030C00645000,645.0,1.71,0.8,4.0,1.0,22.0,0.49487809814453126,False
SOXX,2026-10-10T02:52:02+00:00,559.4000244140625,2026-10-30,Call,SOXX261030C00650000,650.0,0.95,0.75,3.5,13.0,177.0,0.49457292541503906,False
SOXX,2026-10-10T02:52:02+00:00,559.4000244140625,2026-10-30,Call,SOXX261030C00655000,655.0,1.35,0.3,1.6,2.0,39.0,0.42383388671875,False
SOXX,2026-10-10T02:52:02+00:00,559.4000244140625,2026-10-30,Call,SOXX261030C00660000,660.0,0.95,0.15,2.05,3.0,305.0,0.4642387561035156,False
SOXX,2026-10-10T02:52:02+00:00,559.4000244140625,2026-10-30,Call,SOXX261030C00665000,665.0,1.44,0.25,2.4,4.0,19.0,0.4979298254394532,False
SOXX,2026-10-10T02:52:02+00:00,559.4000244140625,2026-10-30,Call,SOXX261030C00670000,670.0,0.95,0.05,2.65,1.0,1.0,0.5261277856445312,False
SOXX,2026-10-10T02:52:02+00:00,559.4000244140625,2026-10-30,Call,SOXX261030C00675000,675.0,2.4,0.0,2.35,1.0,48.0,0.5271653729248047,False
SOXX,2026-10-10T02:52:02+00:00,559.4000244140625,2026-10-30,Call,SOXX261030C00680000,680.0,0.85,0.0,4.5,2.0,10.0,0.5373581420898439,False
SOXX,2026-10-10T02:52:02+00:00,559.4000244140625,2026-10-30,Call,SOXX261030C00685000,685.0,1.2,,,,,0.0,False
SOXX,2026-10-10T02:52:02+00:00,559.4000244140625,2026-10-30,Call,SOXX261030C00695000,695.0,2.0,0.05,2.3,1.0,2.0,0.5112353564453125,False
SOXX,2026-10-10T02:52:02+00:00,559.4000244140625,2026-10-30,Call,SOXX261030C00700000,700.0,0.61,0.0,2.0,6.0,11.0,0.5095263891601562,False
SOXX,2026-10-10T02:52:02+00:00,559.4000244140625,2026-10-30,Call,SOXX261030C00710000,710.0,0.8,0.0,4.4,45.0,106.0,0.6224402990722657,False
SOXX,2026-10-10T02:52:02+00:00,559.4000244140625,2026-10-30,Call,SOXX261030C00720000,720.0,0.6,0.0,1.5,2.0,8.0,0.5344284838867188,False
SOXX,2026-10-10T02:52:02+00:00,559.4000244140625,2026-10-30,Put,SOXX261030P00395000,395.0,0.61,0.0,4.8,42.0,18.0,0.9094247338867187,False
SOXX,2026-10-10T02:52:02+00:00,559.4000244140625,2026-10-30,Put,SOXX261030P00400000,400.0,0.5,0.0,0.6,34.0,86.0,0.622074091796875,False
SOXX,2026-10-10T02:52:02+00:00,559.4000244140625,2026-10-30,Put,SOXX261030P00405000,405.0,0.62,0.0,4.9,4.0,4.0,0.8590101989746093,False
SOXX,2026-10-10T02:52:02+00:00,559.4000244140625,2026-10-30,Put,SOXX261030P00410000,410.0,0.5,0.0,1.5,16.0,11.0,0.6660189648437502,False
SOXX,2026-10-10T02:52:02+00:00,559.4000244140625,2026-10-30,Put,SOXX261030P00415000,415.0,1.35,0.0,1.5,3.0,4.0,0.6435582519531251,False
SOXX,2026-10-10T02:52:02+00:00,559.4000244140625,2026-10-30,Put,SOXX261030P00420000,420.0,0.67,0.0,1.2,2.0,21.0,0.5991251025390626,False
SOXX,2026-10-10T02:52:02+00:00,559.4000244140625,2026-10-30,Put,SOXX261030P00425000,425.0,0.75,0.0,1.5,1.0,60.0,0.5991251025390626,False
SOXX,2026-10-10T02:52:02+00:00,559.4000244140625,2026-10-30,Put,SOXX261030P00430000,430.0,0.65,0.0,1.5,1.0,7.0,0.5773968041992188,False
SOXX,2026-10-10T02:52:02+00:00,559.4000244140625,2026-10-30,Put,SOXX261030P00435000,435.0,1.4,0.0,4.9,4.0,15.0,0.70117486328125,False
SOXX,2026-10-10T02:52:02+00:00,559.4000244140625,2026-10-30,Put,SOXX261030P00440000,440.0,0.08,0.0,5.0,2.0,14.0,0.6787141503906251,False
SOXX,2026-10-10T02:52:02+00:00,559.4000244140625,2026-10-30,Put,SOXX261030P00445000,445.0,0.9,0.0,1.7,1.0,13.0,0.5241746801757812,False
SOXX,2026-10-10T02:52:02+00:00,559.4000244140625,2026-10-30,Put,SOXX261030P00450000,450.0,0.82,0.2,1.35,2.0,54.0,0.5488326367187502,False
SOXX,2026-10-10T02:52:02+00:00,559.4000244140625,2026-10-30,Put,SOXX261030P00455000,455.0,0.7,0.35,2.75,2.0,18.0,0.5411422839355471,False
SOXX,2026-10-10T02:52:02+00:00,559.4000244140625,2026-10-30,Put,SOXX261030P00460000,460.0,0.95,0.75,1.9,2.0,27.0,0.501103621826172,False
SOXX,2026-10-10T02:52:02+00:00,559.4000244140625,2026-10-30,Put,SOXX261030P00465000,465.0,1.45,1.2,1.7,2.0,47.0,0.504765694580078,False
SOXX,2026-10-10T02:52:02+00:00,559.4000244140625,2026-10-30,Put,SOXX261030P00470000,470.0,1.7,1.45,1.95,2011.0,48.0,0.49670913452148446,False
SOXX,2026-10-10T02:52:02+00:00,559.4000244140625,2026-10-30,Put,SOXX261030P00475000,475.0,1.9,1.55,2.25,5.0,895.0,0.48944602355957045,False
SOXX,2026-10-10T02:52:02+00:00,559.4000244140625,2026-10-30,Put,SOXX261030P00480000,480.0,2.4,1.7,2.95,3005.0,3106.0,0.499028447265625,False
SOXX,2026-10-10T02:52:02+00:00,559.4000244140625,2026-10-30,Put,SOXX261030P00482500,482.5,1.6,1.8,3.4,1.0,3.0,0.5059863854980469,False
SOXX,2026-10-10T02:52:02+00:00,559.4000244140625,2026-10-30,Put,SOXX261030P00485000,485.0,2.35,1.75,2.7,1.0,3522.0,0.4622856506347657,False
SOXX,2026-10-10T02:52:02+00:00,559.4000244140625,2026-10-30,Put,SOXX261030P00487500,487.5,2.65,1.9,3.2,1.0,30.0,0.4715629016113281,False
SOXX,2026-10-10T02:52:02+00:00,559.4000244140625,2026-10-30,Put,SOXX261030P00490000,490.0,2.7,2.2,3.1,157.0,358.0,0.4544732287597656,False
SOXX,2026-10-10T02:52:02+00:00,559.4000244140625,2026-10-30,Put,SOXX261030P00492500,492.5,2.95,1.6,4.4,15.0,32.0,0.49121602539062503,False
SOXX,2026-10-10T02:52:02+00:00,559.4000244140625,2026-10-30,Put,SOXX261030P00495000,495.0,3.16,1.6,5.0,4.0,25.0,0.49811292907714844,False
SOXX,2026-10-10T02:52:02+00:00,559.4000244140625,2026-10-30,Put,SOXX261030P00497500,497.5,3.3,2.2,3.7,3.0,31.0,0.4387873504638672,False
SOXX,2026-10-10T02:52:02+00:00,559.4000244140625,2026-10-30,Put,SOXX261030P00500000,500.0,3.55,3.2,3.8,11.0,10669.0,0.4290828576660156,False
SOXX,2026-10-10T02:52:02+00:00,559.4000244140625,2026-10-30,Put,SOXX261030P00502500,502.5,2.62,2.3,4.9,1.0,3.0,0.4525811578369141,False
SOXX,2026-10-10T02:52:02+00:00,559.4000244140625,2026-10-30,Put,SOXX261030P00505000,505.0,2.72,3.5,4.5,10.0,1542.0,0.42566492309570314,False
SOXX,2026-10-10T02:52:02+00:00,559.4000244140625,2026-10-30,Put,SOXX261030P00507500,507.5,3.5,3.6,4.9,1.0,4.0,0.4243221630859375,False
SOXX,2026-10-10T02:52:02+00:00,559.4000244140625,2026-10-30,Put,SOXX261030P00510000,510.0,4.56,4.3,5.2,10.0,160.0,0.41919526123046874,False
SOXX,2026-10-10T02:52:02+00:00,559.4000244140625,2026-10-30,Put,SOXX261030P00512500,512.5,2.0,3.2,7.9,1.0,2.0,0.4791922198486328,False
SOXX,2026-10-10T02:52:02+00:00,559.4000244140625,2026-10-30,Put,SOXX261030P00515000,515.0,5.13,3.8,6.5,6.0,380.0,0.4265804412841797,False
SOXX,2026-10-10T02:52:02+00:00,559.4000244140625,2026-10-30,Put,SOXX261030P00517500,517.5,6.3,4.9,7.0,1.0,2.0,0.42450526672363287,False
SOXX,2026-10-10T02:52:02+00:00,559.4000244140625,2026-10-30,Put,SOXX261030P00520000,520.0,6.54,5.8,6.9,58.0,545.0,0.40640852386474613,False
SOXX,2026-10-10T02:52:02+00:00,559.4000244140625,2026-10-30,Put,SOXX261030P00522500,522.5,2.65,4.4,8.2,4.0,25.0,0.4229794030761719,False
SOXX,2026-10-10T02:52:02+00:00,559.4000244140625,2026-10-30,Put,SOXX261030P00525000,525.0,7.91,5.0,8.6,4.0,95.0,0.41620456848144527,False
SOXX,2026-10-10T02:52:02+00:00,559.4000244140625,2026-10-30,Put,SOXX261030P00527500,527.5,42.57,5.5,9.2,,0.0,0.413519048461914,False
SOXX,2026-10-10T02:52:02+00:00,559.4000244140625,2026-10-30,Put,SOXX261030P00530000,530.0,7.81,6.1,10.0,16.0,65.0,0.41449560119628903,False
SOXX,2026-10-10T02:52:02+00:00,559.4000244140625,2026-10-30,Put,SOXX261030P00532500,532.5,8.66,7.7,10.4,2.0,12.0,0.40585921295166016,False
SOXX,2026-10-10T02:52:02+00:00,559.4000244140625,2026-10-30,Put,SOXX261030P00535000,535.0,8.95,8.9,10.7,13.0,171.0,0.39453730468750003,False
SOXX,2026-10-10T02:52:02+00:00,559.4000244140625,2026-10-30,Put,SOXX261030P00537500,537.5,10.48,9.1,11.4,3.0,21.0,0.3911804046630859,False
SOXX,2026-10-10T02:52:02+00:00,559.4000244140625,2026-10-30,Put,SOXX261030P00540000,540.0,11.0,10.3,11.4,95.0,86.0,0.372625902709961,False
SOXX,2026-10-10T02:52:02+00:00,559.4000244140625,2026-10-30,Put,SOXX261030P00542500,542.5,6.1,8.9,13.5,2.0,7.0,0.396063168334961,False
SOXX,2026-10-10T02:52:02+00:00,559.4000244140625,2026-10-30,Put,SOXX261030P00545000,545.0,12.93,11.8,14.0,1.0,22.0,0.386175571899414,False
SOXX,2026-10-10T02:52:02+00:00,559.4000244140625,2026-10-30,Put,SOXX261030P00547500,547.5,13.23,12.7,15.6,5.0,18.0,0.3970092037963867,False
SOXX,2026-10-10T02:52:02+00:00,559.4000244140625,2026-10-30,Put,SOXX261030P00550000,550.0,14.63,13.6,15.4,39.0,3219.0,0.3721376263427735,False
SOXX,2026-10-10T02:52:02+00:00,559.4000244140625,2026-10-30,Put,SOXX261030P00552500,552.5,9.3,13.4,17.7,61.0,63.0,0.3943542010498047,False
SOXX,2026-10-10T02:52:02+00:00,559.4000244140625,2026-10-30,Put,SOXX261030P00555000,555.0,16.1,15.7,17.2,22.0,202.0,0.36249416809082036,False
SOXX,2026-10-10T02:52:02+00:00,559.4000244140625,2026-10-30,Put,SOXX261030P00557500,557.5,18.85,16.7,20.0,13.0,15.0,0.39194333648681634,False
SOXX,2026-10-10T02:52:02+00:00,559.4000244140625,2026-10-30,Put,SOXX261030P00560000,560.0,18.7,17.3,20.9,4.0,248.0,0.38477177734374995,True
SOXX,2026-10-10T02:52:02+00:00,559.4000244140625,2026-10-30,Put,SOXX261030P00562500,562.5,20.05,19.0,20.8,1.0,9.0,0.3580386462402344,True
SOXX,2026-10-10T02:52:02+00:00,559.4000244140625,2026-10-30,Put,SOXX261030P00565000,565.0,21.9,19.4,23.3,10.0,18.0,0.3789429782104492,True
SOXX,2026-10-10T02:52:02+00:00,559.4000244140625,2026-10-30,Put,SOXX261030P00567500,567.5,22.55,21.1,24.4,212.0,435.0,0.372778489074707,True
SOXX,2026-10-10T02:52:02+00:00,559.4000244140625,2026-10-30,Put,SOXX261030P00570000,570.0,20.0,22.1,25.8,3.0,25.0,0.3713136599731446,True
SOXX,2026-10-10T02:52:02+00:00,559.4000244140625,2026-10-30,Put,SOXX261030P00572500,572.5,26.55,,,,,0.0,True
SOXX,2026-10-10T02:52:02+00:00,559.4000244140625,2026-10-30,Put,SOXX261030P00575000,575.0,28.0,25.2,29.3,200.0,28.0,0.37909556457519533,True
SOXX,2026-10-10T02:52:02+00:00,559.4000244140625,2026-10-30,Put,SOXX261030P00580000,580.0,30.2,27.5,31.9,3.0,41.0,0.3657900335693359,True
SOXX,2026-10-10T02:52:02+00:00,559.4000244140625,2026-10-30,Put,SOXX261030P00582500,582.5,31.98,30.1,34.3,1.0,16.0,0.3797669445800781,True
SOXX,2026-10-10T02:52:02+00:00,559.4000244140625,2026-10-30,Put,SOXX261030P00585000,585.0,33.7,31.8,34.6,5.0,78.0,0.3497379479980468,True
SOXX,2026-10-10T02:52:02+00:00,559.4000244140625,2026-10-30,Put,SOXX261030P00587500,587.5,27.3,32.6,37.4,1.0,3.0,0.37085590087890624,True
SOXX,2026-10-10T02:52:02+00:00,559.4000244140625,2026-10-30,Put,SOXX261030P00590000,590.0,28.72,35.4,39.4,1.0,92.0,0.3745179736328125,True
SOXX,2026-10-10T02:52:02+00:00,559.4000244140625,2026-10-30,Put,SOXX261030P00592500,592.5,29.12,37.3,41.5,11.0,14.0,0.3797669445800781,True
SOXX,2026-10-10T02:52:02+00:00,559.4000244140625,2026-10-30,Put,SOXX261030P00595000,595.0,30.7,39.6,43.5,4.0,26.0,0.3821472918701171,True
SOXX,2026-10-10T02:52:02+00:00,559.4000244140625,2026-10-30,Put,SOXX261030P00600000,600.0,34.2,43.3,46.4,2.0,19.0,0.3577945080566406,True
SOXX,2026-10-10T02:52:02+00:00,559.4000244140625,2026-10-30,Put,SOXX261030P00605000,605.0,37.5,47.5,50.7,109.0,115.0,0.3635317553710938,True
SOXX,2026-10-10T02:52:02+00:00,559.4000244140625,2026-10-30,Put,SOXX261030P00610000,610.0,53.32,,,,,0.0,True
SOXX,2026-10-10T02:52:02+00:00,559.4000244140625,2026-10-30,Put,SOXX261030P00615000,615.0,47.4,55.1,61.6,106.0,111.0,0.4337214831542969,True
SOXX,2026-10-10T02:52:02+00:00,559.4000244140625,2026-10-30,Put,SOXX261030P00630000,630.0,102.1,68.0,75.3,14.0,14.0,0.4602104760742188,True
SOXX,2026-10-10T02:52:02+00:00,559.4000244140625,2026-10-30,Put,SOXX261030P00640000,640.0,98.49,78.0,83.8,15.0,10.0,0.44690494506835937,True
SOXX,2026-10-10T02:52:02+00:00,559.4000244140625,2026-10-30,Put,SOXX261030P00650000,650.0,88.4,,,,,0.0,True
SOXX,2026-10-10T02:52:02+00:00,559.4000244140625,2026-10-30,Put,SOXX261030P00660000,660.0,100.3,96.3,104.6,1.0,24.0,0.5494429821777345,True
SOXX,2026-10-10T02:52:02+00:00,559.4000244140625,2026-10-30,Put,SOXX261030P00665000,665.0,103.0,102.8,109.6,,7.0,0.5668988623046876,True
SOXX,2026-10-10T02:52:02+00:00,559.4000244140625,2026-10-30,Put,SOXX261030P00670000,670.0,115.4,106.0,115.0,36.0,9.0,0.5995523443603517,True
SOXX,2026-10-10T02:52:02+00:00,559.4000244140625,2026-10-30,Put,SOXX261030P00680000,680.0,126.54,115.0,124.5,18.0,0.0,0.6138344281005861,True
NVDA,2026-10-10T02:52:03+00:00,229.27999877929688,2026-10-23,Call,NVDA261023C00165000,165.0,74.74,63.15,66.55,2.0,12.0,0.9536137451171874,True
NVDA,2026-10-10T02:52:03+00:00,229.27999877929688,2026-10-23,Call,NVDA261023C00170000,170.0,59.9,58.2,61.6,5.0,19.0,0.8945323046874999,True
NVDA,2026-10-10T02:52:03+00:00,229.27999877929688,2026-10-23,Call,NVDA261023C00175000,175.0,57.24,52.05,58.6,2.0,62.0,0.9174812939453125,True
NVDA,2026-10-10T02:52:03+00:00,229.27999877929688,2026-10-23,Call,NVDA261023C00180000,180.0,50.11,48.25,51.65,40.0,110.0,0.7622094091796876,True
NVDA,2026-10-10T02:52:03+00:00,229.27999877929688,2026-10-23,Call,NVDA261023C00185000,185.0,44.7,44.3,45.8,6.0,24.0,0.7121610815429689,True
NVDA,2026-10-10T02:52:03+00:00,229.27999877929688,2026-10-23,Call,NVDA261023C00190000,190.0,39.84,38.75,40.2,77.0,224.0,0.6674837939453127,True
NVDA,2026-10-10T02:52:03+00:00,229.27999877929688,2026-10-23,Call,NVDA261023C00195000,195.0,36.15,34.1,35.15,57.0,153.0,0.5864299169921875,True
NVDA,2026-10-10T02:52:03+00:00,229.27999877929688,2026-10-23,Call,NVDA261023C00200000,200.0,30.26,29.4,30.7,93.0,203.0,0.58789474609375,True
NVDA,2026-10-10T02:52:03+00:00,229.27999877929688,2026-10-23,Call,NVDA261023C00205000,205.0,24.75,24.8,25.5,119.0,286.0,0.4865773999023438,True
NVDA,2026-10-10T02:52:03+00:00,229.27999877929688,2026-10-23,Call,NVDA261023C00210000,210.0,20.4,20.1,20.5,100.0,1385.0,0.4096738720703125,True
NVDA,2026-10-10T02:52:03+00:00,229.27999877929688,2026-10-23,Call,NVDA261023C00215000,215.0,15.93,15.55,15.8,109.0,1585.0,0.358404853515625,True
NVDA,2026-10-10T02:52:03+00:00,229.27999877929688,2026-10-23,Call,NVDA261023C00220000,220.0,11.51,11.3,11.65,324.0,2562.0,0.33521172607421873,True
NVDA,2026-10-10T02:52:03+00:00,229.27999877929688,2026-10-23,Call,NVDA261023C00225000,225.0,7.93,7.8,7.95,219.0,4820.0,0.3127510131835937,True
NVDA,2026-10-10T02:52:03+00:00,229.27999877929688,2026-10-23,Call,NVDA261023C00230000,230.0,5.0,4.9,5.05,3511.0,4939.0,0.3011544494628906,False
NVDA,2026-10-10T02:52:03+00:00,229.27999877929688,2026-10-23,Call,NVDA261023C00235000,235.0,2.87,2.84,2.93,4089.0,13771.0,0.2926096130371093,False
NVDA,2026-10-10T02:52:03+00:00,229.27999877929688,2026-10-23,Call,NVDA261023C00240000,240.0,1.53,1.5,1.55,7079.0,56034.0,0.28711650390624993,False
NVDA,2026-10-10T02:52:03+00:00,229.27999877929688,2026-10-23,Call,NVDA261023C00245000,245.0,0.77,0.74,0.78,2332.0,13788.0,0.28711650390624993,False
NVDA,2026-10-10T02:52:03+00:00,229.27999877929688,2026-10-23,Call,NVDA261023C00250000,250.0,0.37,0.37,0.38,2517.0,9867.0,0.29053443847656246,False
NVDA,2026-10-10T02:52:03+00:00,229.27999877929688,2026-10-23,Call,NVDA261023C00255000,255.0,0.2,0.19,0.21,902.0,5993.0,0.30322962402343745,False
NVDA,2026-10-10T02:52:03+00:00,229.27999877929688,2026-10-23,Call,NVDA261023C00260000,260.0,0.12,0.11,0.12,1693.0,8302.0,0.31690136230468746,False
NVDA,2026-10-10T02:52:03+00:00,229.27999877929688,2026-10-23,Call,NVDA261023C00265000,265.0,0.07,0.07,0.08,239.0,1660.0,0.335944140625,False
NVDA,2026-10-10T02:52:03+00:00,229.27999877929688,2026-10-23,Call,NVDA261023C00270000,270.0,0.05,0.04,0.06,46.0,1683.0,0.35938140625,False
NVDA,2026-10-10T02:52:03+00:00,229.27999877929688,2026-10-23,Call,NVDA261023C00275000,275.0,0.03,0.03,0.05,1482.0,2382.0,0.38477177734374995,False
NVDA,2026-10-10T02:52:03+00:00,229.27999877929688,2026-10-23,Call,NVDA261023C00280000,280.0,0.03,0.02,0.04,1128.0,928.0,0.40820904296875,False
NVDA,2026-10-10T02:52:03+00:00,229.27999877929688,2026-10-23,Call,NVDA261023C00285000,285.0,0.01,0.01,0.03,4.0,350.0,0.42578699218750005,False
NVDA,2026-10-10T02:52:03+00:00,229.27999877929688,2026-10-23,Call,NVDA261023C00290000,290.0,0.01,0.01,0.03,2.0,337.0,0.45508357421875,False
NVDA,2026-10-10T02:52:03+00:00,229.27999877929688,2026-10-23,Call,NVDA261023C00295000,295.0,0.01,0.01,0.03,503.0,627.0,0.48438015625,False
NVDA,2026-10-10T02:52:03+00:00,229.27999877929688,2026-10-23,Put,NVDA261023P00165000,165.0,0.07,0.05,0.08,45.0,961.0,0.6914093359375001,False
NVDA,2026-10-10T02:52:03+00:00,229.27999877929688,2026-10-23,Put,NVDA261023P00170000,170.0,0.07,0.06,0.08,43.0,1063.0,0.64062859375,False
NVDA,2026-10-10T02:52:03+00:00,229.27999877929688,2026-10-23,Put,NVDA261023P00175000,175.0,0.09,0.08,0.1,314.0,664.0,0.6035195898437502,False
NVDA,2026-10-10T02:52:03+00:00,229.27999877929688,2026-10-23,Put,NVDA261023P00180000,180.0,0.11,0.09,0.11,193.0,1668.0,0.5546919531250001,False
NVDA,2026-10-10T02:52:03+00:00,229.27999877929688,2026-10-23,Put,NVDA261023P00185000,185.0,0.12,0.11,0.13,31.0,2648.0,0.5127001855468749,False
NVDA,2026-10-10T02:52:03+00:00,229.27999877929688,2026-10-23,Put,NVDA261023P00190000,190.0,0.15,0.14,0.15,361.0,3052.0,0.471684970703125,False
NVDA,2026-10-10T02:52:03+00:00,229.27999877929688,2026-10-23,Put,NVDA261023P00195000,195.0,0.18,0.18,0.2,2078.0,2293.0,0.43555251953125,False
NVDA,2026-10-10T02:52:03+00:00,229.27999877929688,2026-10-23,Put,NVDA261023P00200000,200.0,0.25,0.25,0.26,332.0,5260.0,0.39551385742187506,False
NVDA,2026-10-10T02:52:03+00:00,229.27999877929688,2026-10-23,Put,NVDA261023P00205000,205.0,0.37,0.36,0.39,710.0,8037.0,0.36499658447265626,False
NVDA,2026-10-10T02:52:03+00:00,229.27999877929688,2026-10-23,Put,NVDA261023P00210000,210.0,0.59,0.58,0.61,810.0,6817.0,0.335944140625,False
NVDA,2026-10-10T02:52:03+00:00,229.27999877929688,2026-10-23,Put,NVDA261023P00215000,215.0,1.02,1.01,1.05,1442.0,5452.0,0.31482618774414056,False
NVDA,2026-10-10T02:52:03+00:00,229.27999877929688,2026-10-23,Put,NVDA261023P00220000,220.0,1.85,1.81,1.86,1423.0,5022.0,0.29895720581054686,False
NVDA,2026-10-10T02:52:03+00:00,229.27999877929688,2026-10-23,Put,NVDA261023P00225000,225.0,3.17,3.15,3.25,1774.0,7024.0,0.28784891845703114,False
NVDA,2026-10-10T02:52:03+00:00,229.27999877929688,2026-10-23,Put,NVDA261023P00230000,230.0,5.3,5.25,5.35,1415.0,3771.0,0.27771718383789057,True
NVDA,2026-10-10T02:52:03+00:00,229.27999877929688,2026-10-23,Put,NVDA261023P00235000,235.0,8.15,8.15,8.35,220.0,4386.0,0.274421318359375,True
NVDA,2026-10-10T02:52:03+00:00,229.27999877929688,2026-10-23,Put,NVDA261023P00240000,240.0,12.0,11.65,12.05,96.0,2650.0,0.2700268310546875,True
NVDA,2026-10-10T02:52:03+00:00,229.27999877929688,2026-10-23,Put,NVDA261023P00245000,245.0,15.82,15.9,16.35,125.0,295.0,0.27027096923828126,True
NVDA,2026-10-10T02:52:03+00:00,229.27999877929688,2026-10-23,Put,NVDA261023P00250000,250.0,20.25,20.7,21.0,145.0,1139.0,0.2722240747070312,True
NVDA,2026-10-10T02:52:03+00:00,229.27999877929688,2026-10-23,Put,NVDA261023P00255000,255.0,25.06,25.45,26.0,24.0,122.0,0.32031929687499994,True
NVDA,2026-10-10T02:52:03+00:00,229.27999877929688,2026-10-23,Put,NVDA261023P00260000,260.0,28.02,30.15,31.35,10.0,4.0,0.4331111376953125,True
NVDA,2026-10-10T02:52:03+00:00,229.27999877929688,2026-10-23,Put,NVDA261023P00265000,265.0,28.15,34.8,36.35,4.0,0.0,0.4819387744140625,True
NVDA,2026-10-10T02:52:03+00:00,229.27999877929688,2026-10-23,Put,NVDA261023P00270000,270.0,39.35,39.8,41.35,3.0,0.0,0.5290574438476563,True
NVDA,2026-10-10T02:52:03+00:00,229.27999877929688,2026-10-23,Put,NVDA261023P00275000,275.0,39.5,44.8,46.35,4.0,0.0,0.5742230078125,True
NVDA,2026-10-10T02:52:03+00:00,229.27999877929688,2026-10-23,Put,NVDA261023P00280000,280.0,51.4,48.55,52.6,15.0,10.0,0.797853583984375,True
NVDA,2026-10-10T02:52:03+00:00,229.27999877929688,2026-10-30,Call,NVDA261030C00165000,165.0,66.51,62.2,68.85,3.0,5.0,0.9143074975585939,True
NVDA,2026-10-10T02:52:03+00:00,229.27999877929688,2026-10-30,Call,NVDA261030C00170000,170.0,53.15,57.25,63.85,4.0,22.0,0.850587431640625,True
NVDA,2026-10-10T02:52:03+00:00,229.27999877929688,2026-10-30,Call,NVDA261030C00175000,175.0,58.5,52.3,58.9,5.0,38.0,0.7912618530273439,True
NVDA,2026-10-10T02:52:03+00:00,229.27999877929688,2026-10-30,Call,NVDA261030C00180000,180.0,50.0,48.15,53.45,14.0,50.0,0.7517114672851561,True
NVDA,2026-10-10T02:52:03+00:00,229.27999877929688,2026-10-30,Call,NVDA261030C00185000,185.0,44.95,42.4,48.9,8.0,16.0,0.6667513793945314,True
NVDA,2026-10-10T02:52:03+00:00,229.27999877929688,2026-10-30,Call,NVDA261030C00190000,190.0,40.44,39.7,42.1,20.0,213.0,0.6306189282226562,True
NVDA,2026-10-10T02:52:03+00:00,229.27999877929688,2026-10-30,Call,NVDA261030C00195000,195.0,35.2,34.75,35.55,13.0,163.0,0.527470545654297,True
NVDA,2026-10-10T02:52:03+00:00,229.27999877929688,2026-10-30,Call,NVDA261030C00200000,200.0,30.3,30.1,30.6,31.0,940.0,0.4699760034179688,True
NVDA,2026-10-10T02:52:03+00:00,229.27999877929688,2026-10-30,Call,NVDA261030C00205000,205.0,25.8,24.9,26.2,23.0,525.0,0.4585015087890626,True
NVDA,2026-10-10T02:52:03+00:00,229.27999877929688,2026-10-30,Call,NVDA261030C00210000,210.0,21.1,20.8,21.4,106.0,891.0,0.40479110839843746,True
NVDA,2026-10-10T02:52:03+00:00,229.27999877929688,2026-10-30,Call,NVDA261030C00215000,215.0,16.6,16.5,16.95,54.0,956.0,0.36817038085937503,True
NVDA,2026-10-10T02:52:03+00:00,229.27999877929688,2026-10-30,Call,NVDA261030C00220000,220.0,12.9,12.55,12.85,216.0,1993.0,0.33924000610351557,True
NVDA,2026-10-10T02:52:03+00:00,229.27999877929688,2026-10-30,Call,NVDA261030C00225000,225.0,9.3,9.15,9.35,414.0,5649.0,0.32227240234374993,True
NVDA,2026-10-10T02:52:03+00:00,229.27999877929688,2026-10-30,Call,NVDA261030C00230000,230.0,6.4,6.4,6.5,6007.0,6935.0,0.311957564086914,False
NVDA,2026-10-10T02:52:03+00:00,229.27999877929688,2026-10-30,Call,NVDA261030C00235000,235.0,4.2,4.15,4.25,2820.0,7551.0,0.30286341674804684,False
NVDA,2026-10-10T02:52:03+00:00,229.27999877929688,2026-10-30,Call,NVDA261030C00240000,240.0,2.61,2.57,2.63,19064.0,12516.0,0.29688203124999996,False
NVDA,2026-10-10T02:52:03+00:00,229.27999877929688,2026-10-30,Call,NVDA261030C00245000,245.0,1.54,1.52,1.56,2529.0,11501.0,0.2941965112304687,False
NVDA,2026-10-10T02:52:03+00:00,229.27999877929688,2026-10-30,Call,NVDA261030C00250000,250.0,0.88,0.87,0.9,5193.0,15724.0,0.29444064941406245,False
NVDA,2026-10-10T02:52:03+00:00,229.27999877929688,2026-10-30,Call,NVDA261030C00255000,255.0,0.51,0.51,0.53,1071.0,12173.0,0.2990792749023437,False
NVDA,2026-10-10T02:52:03+00:00,229.27999877929688,2026-10-30,Call,NVDA261030C00260000,260.0,0.31,0.31,0.32,1295.0,8770.0,0.30664755859375,False
NVDA,2026-10-10T02:52:03+00:00,229.27999877929688,2026-10-30,Call,NVDA261030C00265000,265.0,0.19,0.19,0.2,528.0,2597.0,0.31592480957031244,False
NVDA,2026-10-10T02:52:03+00:00,229.27999877929688,2026-10-30,Call,NVDA261030C00270000,270.0,0.13,0.12,0.14,556.0,11064.0,0.33008482421874996,False
NVDA,2026-10-10T02:52:03+00:00,229.27999877929688,2026-10-30,Call,NVDA261030C00275000,275.0,0.1,0.09,0.1,203.0,1797.0,0.3437565625,False
NVDA,2026-10-10T02:52:03+00:00,229.27999877929688,2026-10-30,Call,NVDA261030C00280000,280.0,0.06,0.05,0.07,117.0,2315.0,0.35547519531249994,False
NVDA,2026-10-10T02:52:03+00:00,229.27999877929688,2026-10-30,Call,NVDA261030C00285000,285.0,0.05,0.04,0.06,9.0,818.0,0.37500625,False
NVDA,2026-10-10T02:52:03+00:00,229.27999877929688,2026-10-30,Call,NVDA261030C00290000,290.0,0.03,0.04,0.05,1.0,1225.0,0.39258419921875,False
NVDA,2026-10-10T02:52:03+00:00,229.27999877929688,2026-10-30,Call,NVDA261030C00295000,295.0,0.05,0.02,0.04,4.0,128.0,0.40820904296875,False
NVDA,2026-10-10T02:52:03+00:00,229.27999877929688,2026-10-30,Put,NVDA261030P00165000,165.0,0.11,0.09,0.12,5.0,199.0,0.5986368261718751,False
NVDA,2026-10-10T02:52:03+00:00,229.27999877929688,2026-10-30,Put,NVDA261030P00170000,170.0,0.12,0.11,0.13,478.0,1100.0,0.56055126953125,False
NVDA,2026-10-10T02:52:03+00:00,229.27999877929688,2026-10-30,Put,NVDA261030P00175000,175.0,0.13,0.13,0.15,50.0,991.0,0.523442265625,False
NVDA,2026-10-10T02:52:03+00:00,229.27999877929688,2026-10-30,Put,NVDA261030P00180000,180.0,0.17,0.16,0.18,88.0,936.0,0.4931691308593751,False
NVDA,2026-10-10T02:52:03+00:00,229.27999877929688,2026-10-30,Put,NVDA261030P00185000,185.0,0.21,0.19,0.22,31.0,1145.0,0.45898978515625005,False
NVDA,2026-10-10T02:52:03+00:00,229.27999877929688,2026-10-30,Put,NVDA261030P00190000,190.0,0.26,0.25,0.27,82.0,2194.0,0.4243221630859375,False
NVDA,2026-10-10T02:52:03+00:00,229.27999877929688,2026-10-30,Put,NVDA261030P00195000,195.0,0.34,0.33,0.35,313.0,2476.0,0.39331661376953125,False
NVDA,2026-10-10T02:52:03+00:00,229.27999877929688,2026-10-30,Put,NVDA261030P00200000,200.0,0.49,0.47,0.5,463.0,9223.0,0.36865865722656255,False
NVDA,2026-10-10T02:52:03+00:00,229.27999877929688,2026-10-30,Put,NVDA261030P00205000,205.0,0.7,0.7,0.74,653.0,3791.0,0.34632001342773433,False
NVDA,2026-10-10T02:52:03+00:00,229.27999877929688,2026-10-30,Put,NVDA261030P00210000,210.0,1.13,1.11,1.15,673.0,6704.0,0.3283758569335937,False
NVDA,2026-10-10T02:52:03+00:00,229.27999877929688,2026-10-30,Put,NVDA261030P00215000,215.0,1.79,1.77,1.83,1441.0,6364.0,0.3143379113769531,False
NVDA,2026-10-10T02:52:03+00:00,229.27999877929688,2026-10-30,Put,NVDA261030P00220000,220.0,2.88,2.81,2.88,1059.0,7254.0,0.30213100219726563,False
NVDA,2026-10-10T02:52:03+00:00,229.27999877929688,2026-10-30,Put,NVDA261030P00225000,225.0,4.45,4.35,4.45,1159.0,6753.0,0.292853751220703,False
NVDA,2026-10-10T02:52:03+00:00,229.27999877929688,2026-10-30,Put,NVDA261030P00230000,230.0,6.6,6.5,6.6,1000.0,6106.0,0.28375960388183585,True
NVDA,2026-10-10T02:52:03+00:00,229.27999877929688,2026-10-30,Put,NVDA261030P00235000,235.0,9.36,9.25,9.4,224.0,3266.0,0.27558097473144527,True
NVDA,2026-10-10T02:52:03+00:00,229.27999877929688,2026-10-30,Put,NVDA261030P00240000,240.0,12.7,12.65,12.95,220.0,2572.0,0.27466545654296876,True
NVDA,2026-10-10T02:52:03+00:00,229.27999877929688,2026-10-30,Put,NVDA261030P00245000,245.0,16.7,16.1,17.1,11.0,244.0,0.28162339477539056,True
NVDA,2026-10-10T02:52:03+00:00,229.27999877929688,2026-10-30,Put,NVDA261030P00250000,250.0,20.7,20.7,21.35,30.0,399.0,0.26758544921875,True
NVDA,2026-10-10T02:52:03+00:00,229.27999877929688,2026-10-30,Put,NVDA261030P00255000,255.0,25.7,25.4,26.1,40.0,84.0,0.278327529296875,True
NVDA,2026-10-10T02:52:03+00:00,229.27999877929688,2026-10-30,Put,NVDA261030P00260000,260.0,30.53,30.1,31.2,10.0,171.0,0.33301448242187504,True
NVDA,2026-10-10T02:52:03+00:00,229.27999877929688,2026-10-30,Put,NVDA261030P00265000,265.0,34.39,35.05,36.55,78.0,3.0,0.41919526123046874,True
NVDA,2026-10-10T02:52:03+00:00,229.27999877929688,2026-10-30,Put,NVDA261030P00270000,270.0,40.55,40.05,41.55,2.0,1.0,0.4592339233398438,True
NVDA,2026-10-10T02:52:03+00:00,229.27999877929688,2026-10-30,Put,NVDA261030P00280000,280.0,50.9,48.0,53.3,2.0,20.0,0.7126493579101563,True
TSLA,2026-10-10T02:52:04+00:00,382.70001220703125,2026-10-23,Call,TSLA261023C00270000,270.0,108.33,110.65,117.25,1.0,6.0,1.0556687841796877,True
TSLA,2026-10-10T02:52:04+00:00,382.70001220703125,2026-10-23,Call,TSLA261023C00275000,275.0,98.15,105.7,112.3,1.0,2.0,1.0168506188964845,True
TSLA,2026-10-10T02:52:04+00:00,382.70001220703125,2026-10-23,Call,TSLA261023C00280000,280.0,104.64,102.55,105.6,4.0,4.0,0.9816896362304688,True
TSLA,2026-10-10T02:52:04+00:00,382.70001220703125,2026-10-23,Call,TSLA261023C00285000,285.0,88.4,95.75,102.35,2.0,16.0,0.9321295849609376,True
TSLA,2026-10-10T02:52:04+00:00,382.70001220703125,2026-10-23,Call,TSLA261023C00290000,290.0,82.95,90.75,97.4,14.0,3.0,0.8901378173828124,True
TSLA,2026-10-10T02:52:04+00:00,382.70001220703125,2026-10-23,Call,TSLA261023C00295000,295.0,81.85,85.85,92.4,4.0,4.0,0.851563984375,True
TSLA,2026-10-10T02:52:04+00:00,382.70001220703125,2026-10-23,Call,TSLA261023C00300000,300.0,84.63,82.65,85.6,77.0,52.0,0.80664255859375,True
TSLA,2026-10-10T02:52:04+00:00,382.70001220703125,2026-10-23,Call,TSLA261023C00305000,305.0,83.44,77.15,82.55,3.0,50.0,0.8398453515625,True
TSLA,2026-10-10T02:52:04+00:00,382.70001220703125,2026-10-23,Call,TSLA261023C00310000,310.0,78.0,71.45,77.15,1.0,150.0,0.7375514526367187,True
TSLA,2026-10-10T02:52:04+00:00,382.70001220703125,2026-10-23,Call,TSLA261023C00315000,315.0,59.1,67.85,72.7,15.0,32.0,0.7824728784179689,True
TSLA,2026-10-10T02:52:04+00:00,382.70001220703125,2026-10-23,Call,TSLA261023C00320000,320.0,64.0,62.85,65.3,104.0,119.0,0.6257361645507813,True
TSLA,2026-10-10T02:52:04+00:00,382.70001220703125,2026-10-23,Call,TSLA261023C00325000,325.0,60.25,58.85,60.5,14.0,104.0,0.6383092810058593,True
TSLA,2026-10-10T02:52:04+00:00,382.70001220703125,2026-10-23,Call,TSLA261023C00330000,330.0,55.95,53.5,55.5,41.0,132.0,0.5783733569335938,True
TSLA,2026-10-10T02:52:04+00:00,382.70001220703125,2026-10-23,Call,TSLA261023C00335000,335.0,49.79,49.4,50.85,11.0,226.0,0.5806926696777344,True
TSLA,2026-10-10T02:52:04+00:00,382.70001220703125,2026-10-23,Call,TSLA261023C00340000,340.0,46.15,44.3,47.25,6.0,192.0,0.5753216296386718,True
TSLA,2026-10-10T02:52:04+00:00,382.70001220703125,2026-10-23,Call,TSLA261023C00345000,345.0,41.91,40.35,41.7,23.0,365.0,0.540287800292969,True
TSLA,2026-10-10T02:52:04+00:00,382.70001220703125,2026-10-23,Call,TSLA261023C00350000,350.0,36.8,36.2,36.75,75.0,734.0,0.5134326000976561,True
TSLA,2026-10-10T02:52:04+00:00,382.70001220703125,2026-10-23,Call,TSLA261023C00355000,355.0,32.57,32.15,33.0,39.0,403.0,0.5130663928222656,True
TSLA,2026-10-10T02:52:04+00:00,382.70001220703125,2026-10-23,Call,TSLA261023C00360000,360.0,29.45,28.2,29.1,220.0,1293.0,0.5025684509277344,True
TSLA,2026-10-10T02:52:04+00:00,382.70001220703125,2026-10-23,Call,TSLA261023C00365000,365.0,25.18,24.8,25.45,292.0,2020.0,0.5001270690917969,True
TSLA,2026-10-10T02:52:04+00:00,382.70001220703125,2026-10-23,Call,TSLA261023C00370000,370.0,21.83,21.55,22.15,282.0,989.0,0.5086108709716797,True
TSLA,2026-10-10T02:52:04+00:00,382.70001220703125,2026-10-23,Call,TSLA261023C00375000,375.0,19.5,18.55,18.8,977.0,1944.0,0.4943898217773438,True
TSLA,2026-10-10T02:52:04+00:00,382.70001220703125,2026-10-23,Call,TSLA261023C00380000,380.0,16.16,15.9,16.3,2157.0,3389.0,0.5006153454589843,True
TSLA,2026-10-10T02:52:04+00:00,382.70001220703125,2026-10-23,Call,TSLA261023C00385000,385.0,13.7,13.5,13.65,3544.0,4234.0,0.49268085449218757,False
TSLA,2026-10-10T02:52:04+00:00,382.70001220703125,2026-10-23,Call,TSLA261023C00390000,390.0,11.42,11.35,11.5,2786.0,2924.0,0.49268085449218757,False
TSLA,2026-10-10T02:52:04+00:00,382.70001220703125,2026-10-23,Call,TSLA261023C00395000,395.0,9.69,9.45,9.65,551.0,1263.0,0.49408464904785165,False
TSLA,2026-10-10T02:52:04+00:00,382.70001220703125,2026-10-23,Call,TSLA261023C00400000,400.0,7.9,7.85,8.0,2895.0,4708.0,0.49408464904785165,False
TSLA,2026-10-10T02:52:04+00:00,382.70001220703125,2026-10-23,Call,TSLA261023C00405000,405.0,6.55,6.45,6.6,592.0,1667.0,0.4950001672363281,False
TSLA,2026-10-10T02:52:04+00:00,382.70001220703125,2026-10-23,Call,TSLA261023C00410000,410.0,5.36,5.25,5.45,1755.0,1878.0,0.49774672180175783,False
TSLA,2026-10-10T02:52:04+00:00,382.70001220703125,2026-10-23,Call,TSLA261023C00415000,415.0,4.45,4.3,4.45,650.0,1189.0,0.49927258544921876,False
TSLA,2026-10-10T02:52:04+00:00,382.70001220703125,2026-10-23,Call,TSLA261023C00420000,420.0,3.53,3.45,3.6,1665.0,2750.0,0.5003101727294923,False
TSLA,2026-10-10T02:52:04+00:00,382.70001220703125,2026-10-23,Call,TSLA261023C00425000,425.0,2.9,2.8,2.91,472.0,1746.0,0.5023243127441408,False
TSLA,2026-10-10T02:52:04+00:00,382.70001220703125,2026-10-23,Call,TSLA261023C00430000,430.0,2.3,2.27,2.35,574.0,1827.0,0.5023243127441408,False
TSLA,2026-10-10T02:52:04+00:00,382.70001220703125,2026-10-23,Call,TSLA261023C00435000,435.0,1.87,1.82,1.9,255.0,869.0,0.5053760400390624,False
TSLA,2026-10-10T02:52:04+00:00,382.70001220703125,2026-10-23,Call,TSLA261023C00440000,440.0,1.53,1.46,1.52,354.0,1315.0,0.5081836291503907,False
TSLA,2026-10-10T02:52:04+00:00,382.70001220703125,2026-10-23,Call,TSLA261023C00445000,445.0,1.21,1.17,1.23,102.0,845.0,0.5119677709960937,False
TSLA,2026-10-10T02:52:04+00:00,382.70001220703125,2026-10-23,Call,TSLA261023C00450000,450.0,0.96,0.95,1.0,930.0,3115.0,0.5168505346679688,False
TSLA,2026-10-10T02:52:04+00:00,382.70001220703125,2026-10-23,Call,TSLA261023C00455000,455.0,0.79,0.77,0.82,197.0,868.0,0.5222215747070311,False
TSLA,2026-10-10T02:52:04+00:00,382.70001220703125,2026-10-23,Call,TSLA261023C00460000,460.0,0.68,0.63,0.67,109.0,2979.0,0.5278367529296876,False
TSLA,2026-10-10T02:52:04+00:00,382.70001220703125,2026-10-23,Call,TSLA261023C00465000,465.0,0.56,0.52,0.56,108.0,996.0,0.5346726220703125,False
TSLA,2026-10-10T02:52:04+00:00,382.70001220703125,2026-10-23,Call,TSLA261023C00470000,470.0,0.47,0.43,0.48,113.0,456.0,0.5424850439453126,False
TSLA,2026-10-10T02:52:04+00:00,382.70001220703125,2026-10-23,Call,TSLA261023C00475000,475.0,0.37,0.37,0.4,180.0,351.0,0.5502974658203126,False
TSLA,2026-10-10T02:52:04+00:00,382.70001220703125,2026-10-23,Call,TSLA261023C00480000,480.0,0.35,0.3,0.34,122.0,842.0,0.5566450585937501,False
TSLA,2026-10-10T02:52:04+00:00,382.70001220703125,2026-10-23,Call,TSLA261023C00485000,485.0,0.32,0.26,0.3,25.0,505.0,0.5664105859375,False
TSLA,2026-10-10T02:52:04+00:00,382.70001220703125,2026-10-23,Call,TSLA261023C00490000,490.0,0.25,0.23,0.25,42.0,188.0,0.5742230078125,False
TSLA,2026-10-10T02:52:04+00:00,382.70001220703125,2026-10-23,Call,TSLA261023C00495000,495.0,0.22,0.2,0.24,7.0,261.0,0.5874064697265625,False
TSLA,2026-10-10T02:52:04+00:00,382.70001220703125,2026-10-23,Put,TSLA261023P00270000,270.0,0.19,0.15,0.2,171.0,391.0,0.772463212890625,False
TSLA,2026-10-10T02:52:04+00:00,382.70001220703125,2026-10-23,Put,TSLA261023P00275000,275.0,0.17,0.18,0.23,10.0,382.0,0.75195560546875,False
TSLA,2026-10-10T02:52:04+00:00,382.70001220703125,2026-10-23,Put,TSLA261023P00280000,280.0,0.23,0.2,0.25,1219.0,1010.0,0.7246121289062499,False
TSLA,2026-10-10T02:52:04+00:00,382.70001220703125,2026-10-23,Put,TSLA261023P00285000,285.0,0.22,0.23,0.28,13.0,247.0,0.700198310546875,False
TSLA,2026-10-10T02:52:04+00:00,382.70001220703125,2026-10-23,Put,TSLA261023P00290000,290.0,0.28,0.26,0.29,101.0,582.0,0.6709017285156251,False
TSLA,2026-10-10T02:52:04+00:00,382.70001220703125,2026-10-23,Put,TSLA261023P00295000,295.0,0.34,0.3,0.33,74.0,353.0,0.6479527392578125,False
TSLA,2026-10-10T02:52:04+00:00,382.70001220703125,2026-10-23,Put,TSLA261023P00300000,300.0,0.37,0.35,0.39,148.0,2275.0,0.6269568554687501,False
TSLA,2026-10-10T02:52:04+00:00,382.70001220703125,2026-10-23,Put,TSLA261023P00305000,305.0,0.45,0.4,0.45,627.0,635.0,0.6040078662109377,False
TSLA,2026-10-10T02:52:04+00:00,382.70001220703125,2026-10-23,Put,TSLA261023P00310000,310.0,0.49,0.48,0.52,118.0,1840.0,0.5830119824218749,False
TSLA,2026-10-10T02:52:04+00:00,382.70001220703125,2026-10-23,Put,TSLA261023P00315000,315.0,0.57,0.57,0.63,108.0,967.0,0.5639692041015626,False
TSLA,2026-10-10T02:52:04+00:00,382.70001220703125,2026-10-23,Put,TSLA261023P00320000,320.0,0.69,0.69,0.76,218.0,1007.0,0.5454147021484376,False
TSLA,2026-10-10T02:52:04+00:00,382.70001220703125,2026-10-23,Put,TSLA261023P00325000,325.0,0.85,0.86,0.93,190.0,966.0,0.5290574438476563,False
TSLA,2026-10-10T02:52:04+00:00,382.70001220703125,2026-10-23,Put,TSLA261023P00330000,330.0,1.1,1.1,1.15,627.0,1245.0,0.5148974291992188,False
TSLA,2026-10-10T02:52:04+00:00,382.70001220703125,2026-10-23,Put,TSLA261023P00335000,335.0,1.37,1.42,1.48,357.0,1241.0,0.5041553491210937,False
TSLA,2026-10-10T02:52:04+00:00,382.70001220703125,2026-10-23,Put,TSLA261023P00340000,340.0,1.77,1.82,1.91,631.0,1797.0,0.4973194799804688,False
TSLA,2026-10-10T02:52:04+00:00,382.70001220703125,2026-10-23,Put,TSLA261023P00345000,345.0,2.46,2.39,2.52,444.0,1439.0,0.49231464721679696,False
TSLA,2026-10-10T02:52:04+00:00,382.70001220703125,2026-10-23,Put,TSLA261023P00350000,350.0,3.15,3.15,3.25,805.0,1989.0,0.48560084716796875,False
TSLA,2026-10-10T02:52:04+00:00,382.70001220703125,2026-10-23,Put,TSLA261023P00355000,355.0,4.15,4.05,4.2,402.0,1356.0,0.4815725671386719,False
TSLA,2026-10-10T02:52:04+00:00,382.70001220703125,2026-10-23,Put,TSLA261023P00360000,360.0,5.27,5.2,5.4,869.0,2148.0,0.4794363580322265,False
TSLA,2026-10-10T02:52:04+00:00,382.70001220703125,2026-10-23,Put,TSLA261023P00365000,365.0,6.67,6.65,6.85,372.0,855.0,0.4778494598388672,False
TSLA,2026-10-10T02:52:04+00:00,382.70001220703125,2026-10-23,Put,TSLA261023P00370000,370.0,8.33,8.35,8.5,1032.0,2072.0,0.4742484216308594,False
TSLA,2026-10-10T02:52:04+00:00,382.70001220703125,2026-10-23,Put,TSLA261023P00375000,375.0,10.29,10.3,10.55,718.0,1357.0,0.4754080780029296,False
TSLA,2026-10-10T02:52:04+00:00,382.70001220703125,2026-10-23,Put,TSLA261023P00380000,380.0,12.65,12.6,12.8,752.0,1164.0,0.4736991107177735,False
TSLA,2026-10-10T02:52:04+00:00,382.70001220703125,2026-10-23,Put,TSLA261023P00385000,385.0,15.29,15.1,15.4,1295.0,226.0,0.47437049072265625,True
TSLA,2026-10-10T02:52:04+00:00,382.70001220703125,2026-10-23,Put,TSLA261023P00390000,390.0,17.73,17.8,18.25,280.0,179.0,0.47412635253906255,True
TSLA,2026-10-10T02:52:04+00:00,382.70001220703125,2026-10-23,Put,TSLA261023P00395000,395.0,20.53,20.9,21.4,77.0,111.0,0.4749808361816406,True
TSLA,2026-10-10T02:52:04+00:00,382.70001220703125,2026-10-23,Put,TSLA261023P00400000,400.0,24.5,24.2,24.8,353.0,1239.0,0.4758963543701171,True
TSLA,2026-10-10T02:52:04+00:00,382.70001220703125,2026-10-23,Put,TSLA261023P00405000,405.0,29.1,27.35,28.75,10.0,375.0,0.4892629199218751,True
TSLA,2026-10-10T02:52:04+00:00,382.70001220703125,2026-10-23,Put,TSLA261023P00410000,410.0,31.93,30.5,32.3,3.0,504.0,0.478948081665039,True
TSLA,2026-10-10T02:52:04+00:00,382.70001220703125,2026-10-23,Put,TSLA261023P00415000,415.0,35.15,34.7,36.4,15.0,36.0,0.4833425689697266,True
TSLA,2026-10-10T02:52:04+00:00,382.70001220703125,2026-10-23,Put,TSLA261023P00420000,420.0,38.75,39.4,41.0,20.0,52.0,0.5053760400390624,True
TSLA,2026-10-10T02:52:04+00:00,382.70001220703125,2026-10-23,Put,TSLA261023P00425000,425.0,48.1,40.8,47.5,1.0,15.0,0.6176796044921876,True
TSLA,2026-10-10T02:52:04+00:00,382.70001220703125,2026-10-23,Put,TSLA261023P00430000,430.0,47.0,46.2,51.85,1.0,13.0,0.6263465100097658,True
TSLA,2026-10-10T02:52:04+00:00,382.70001220703125,2026-10-23,Put,TSLA261023P00435000,435.0,50.88,49.65,56.5,1.0,23.0,0.646365841064453,True
TSLA,2026-10-10T02:52:04+00:00,382.70001220703125,2026-10-23,Put,TSLA261023P00440000,440.0,61.01,55.85,59.9,2.0,64.0,0.588993367919922,True
TSLA,2026-10-10T02:52:04+00:00,382.70001220703125,2026-10-23,Put,TSLA261023P00445000,445.0,68.2,61.9,66.1,10.0,20.0,0.5560347131347658,True
TSLA,2026-10-10T02:52:04+00:00,382.70001220703125,2026-10-23,Put,TSLA261023P00450000,450.0,77.4,65.85,70.85,1.0,25.0,0.5251512329101562,True
TSLA,2026-10-10T02:52:04+00:00,382.70001220703125,2026-10-23,Put,TSLA261023P00455000,455.0,82.32,68.7,75.6,1.0,1.0,0.7319362744140624,True
TSLA,2026-10-10T02:52:04+00:00,382.70001220703125,2026-10-23,Put,TSLA261023P00480000,480.0,120.53,93.35,100.1,,0.0,0.8468032897949218,True
TSLA,2026-10-10T02:52:04+00:00,382.70001220703125,2026-10-23,Put,TSLA261023P00495000,495.0,129.4,108.3,115.05,,0.0,0.9246833703613282,True
TSLA,2026-10-10T02:52:04+00:00,382.70001220703125,2026-10-30,Call,TSLA261030C00275000,275.0,99.49,106.0,112.65,10.0,12.0,0.8693860717773438,True
TSLA,2026-10-10T02:52:04+00:00,382.70001220703125,2026-10-30,Call,TSLA261030C00280000,280.0,103.81,102.0,105.75,4.0,25.0,0.7763694238281251,True
TSLA,2026-10-10T02:52:04+00:00,382.70001220703125,2026-10-30,Call,TSLA261030C00285000,285.0,89.34,96.05,102.75,45.0,54.0,0.7994404821777343,True
TSLA,2026-10-10T02:52:04+00:00,382.70001220703125,2026-10-30,Call,TSLA261030C00290000,290.0,93.89,91.95,95.8,4.0,27.0,0.7033721069335939,True
TSLA,2026-10-10T02:52:04+00:00,382.70001220703125,2026-10-30,Call,TSLA261030C00295000,295.0,76.0,86.2,92.85,,1.0,0.7346217944335938,True
TSLA,2026-10-10T02:52:04+00:00,382.70001220703125,2026-10-30,Call,TSLA261030C00300000,300.0,85.2,81.3,87.95,1.0,31.0,0.7053252124023439,True
TSLA,2026-10-10T02:52:04+00:00,382.70001220703125,2026-10-30,Call,TSLA261030C00305000,305.0,77.21,76.45,83.05,2.0,49.0,0.6776155285644532,True
TSLA,2026-10-10T02:52:04+00:00,382.70001220703125,2026-10-30,Call,TSLA261030C00310000,310.0,74.5,72.9,77.45,1.0,25.0,0.6711458666992189,True
TSLA,2026-10-10T02:52:04+00:00,382.70001220703125,2026-10-30,Call,TSLA261030C00315000,315.0,63.05,66.95,73.05,25.0,66.0,0.6197547790527345,True
TSLA,2026-10-10T02:52:04+00:00,382.70001220703125,2026-10-30,Call,TSLA261030C00320000,320.0,65.65,63.6,65.75,15.0,93.0,0.5583540258789064,True
TSLA,2026-10-10T02:52:04+00:00,382.70001220703125,2026-10-30,Call,TSLA261030C00325000,325.0,60.59,58.4,62.65,3.0,102.0,0.5758099060058592,True
TSLA,2026-10-10T02:52:04+00:00,382.70001220703125,2026-10-30,Call,TSLA261030C00330000,330.0,57.25,53.8,57.95,3.0,36.0,0.555790574951172,True
TSLA,2026-10-10T02:52:04+00:00,382.70001220703125,2026-10-30,Call,TSLA261030C00335000,335.0,55.35,49.95,52.0,4.0,82.0,0.5205126074218749,True
TSLA,2026-10-10T02:52:04+00:00,382.70001220703125,2026-10-30,Call,TSLA261030C00340000,340.0,46.57,45.25,48.0,2.0,134.0,0.5107470800781251,True
TSLA,2026-10-10T02:52:04+00:00,382.70001220703125,2026-10-30,Call,TSLA261030C00345000,345.0,43.33,41.65,44.35,2.0,525.0,0.5261277856445312,True
TSLA,2026-10-10T02:52:04+00:00,382.70001220703125,2026-10-30,Call,TSLA261030C00350000,350.0,38.74,37.7,38.9,58.0,435.0,0.5147753601074219,True
TSLA,2026-10-10T02:52:04+00:00,382.70001220703125,2026-10-30,Call,TSLA261030C00355000,355.0,34.38,33.85,35.0,30.0,1606.0,0.5056812127685546,True
TSLA,2026-10-10T02:52:04+00:00,382.70001220703125,2026-10-30,Call,TSLA261030C00360000,360.0,31.08,29.95,31.1,288.0,1246.0,0.4915211981201172,True
TSLA,2026-10-10T02:52:04+00:00,382.70001220703125,2026-10-30,Call,TSLA261030C00365000,365.0,28.0,26.8,27.5,484.0,1340.0,0.48175567077636716,True
TSLA,2026-10-10T02:52:04+00:00,382.70001220703125,2026-10-30,Call,TSLA261030C00370000,370.0,24.1,23.6,24.55,468.0,1657.0,0.48541774353027345,True
TSLA,2026-10-10T02:52:04+00:00,382.70001220703125,2026-10-30,Call,TSLA261030C00375000,375.0,21.32,20.8,21.0,886.0,1828.0,0.4655815161132813,True
TSLA,2026-10-10T02:52:04+00:00,382.70001220703125,2026-10-30,Call,TSLA261030C00380000,380.0,18.42,18.05,18.6,1238.0,2041.0,0.47199014343261714,True
TSLA,2026-10-10T02:52:04+00:00,382.70001220703125,2026-10-30,Call,TSLA261030C00385000,385.0,15.78,15.65,15.9,1278.0,2315.0,0.4637199624633789,False
TSLA,2026-10-10T02:52:04+00:00,382.70001220703125,2026-10-30,Call,TSLA261030C00390000,390.0,13.75,13.5,13.65,1627.0,2291.0,0.46143116699218756,False
TSLA,2026-10-10T02:52:04+00:00,382.70001220703125,2026-10-30,Call,TSLA261030C00395000,395.0,11.74,11.55,11.7,573.0,940.0,0.4612480633544922,False
TSLA,2026-10-10T02:52:04+00:00,382.70001220703125,2026-10-30,Call,TSLA261030C00400000,400.0,10.0,9.85,9.95,2672.0,8794.0,0.46057668334960944,False
TSLA,2026-10-10T02:52:04+00:00,382.70001220703125,2026-10-30,Call,TSLA261030C00405000,405.0,8.41,8.3,8.45,360.0,941.0,0.4612480633544922,False
TSLA,2026-10-10T02:52:04+00:00,382.70001220703125,2026-10-30,Call,TSLA261030C00410000,410.0,7.2,7.0,7.15,1144.0,2677.0,0.46234668518066413,False
TSLA,2026-10-10T02:52:04+00:00,382.70001220703125,2026-10-30,Call,TSLA261030C00415000,415.0,6.01,5.85,6.0,428.0,1341.0,0.46271289245605474,False
TSLA,2026-10-10T02:52:04+00:00,382.70001220703125,2026-10-30,Call,TSLA261030C00420000,420.0,5.03,4.9,5.0,1056.0,3146.0,0.46289599609375004,False
TSLA,2026-10-10T02:52:04+00:00,382.70001220703125,2026-10-30,Call,TSLA261030C00425000,425.0,4.14,4.1,4.2,736.0,2281.0,0.4652763433837891,False
TSLA,2026-10-10T02:52:04+00:00,382.70001220703125,2026-10-30,Call,TSLA261030C00430000,430.0,3.5,3.4,3.5,472.0,1705.0,0.4669242761230469,False
TSLA,2026-10-10T02:52:04+00:00,382.70001220703125,2026-10-30,Call,TSLA261030C00435000,435.0,2.88,2.81,2.87,366.0,1001.0,0.4668632415771484,False
TSLA,2026-10-10T02:52:04+00:00,382.70001220703125,2026-10-30,Call,TSLA261030C00440000,440.0,2.33,2.33,2.38,1173.0,1700.0,0.4689994506835938,False
TSLA,2026-10-10T02:52:04+00:00,382.70001220703125,2026-10-30,Call,TSLA261030C00445000,445.0,1.99,1.93,1.97,527.0,595.0,0.47119669433593747,False
TSLA,2026-10-10T02:52:04+00:00,382.70001220703125,2026-10-30,Call,TSLA261030C00450000,450.0,1.65,1.59,1.63,1123.0,1771.0,0.47363807617187503,False
TSLA,2026-10-10T02:52:04+00:00,382.70001220703125,2026-10-30,Call,TSLA261030C00455000,455.0,1.39,1.32,1.36,294.0,475.0,0.4770560107421875,False
TSLA,2026-10-10T02:52:04+00:00,382.70001220703125,2026-10-30,Call,TSLA261030C00460000,460.0,1.12,1.09,1.13,155.0,696.0,0.4802298071289062,False
TSLA,2026-10-10T02:52:04+00:00,382.70001220703125,2026-10-30,Call,TSLA261030C00465000,465.0,0.95,0.91,0.95,188.0,783.0,0.4846242944335938,False
TSLA,2026-10-10T02:52:04+00:00,382.70001220703125,2026-10-30,Call,TSLA261030C00470000,470.0,0.8,0.76,0.8,366.0,1379.0,0.48901878173828134,False
TSLA,2026-10-10T02:52:04+00:00,382.70001220703125,2026-10-30,Call,TSLA261030C00475000,475.0,0.69,0.64,0.68,105.0,832.0,0.49414568359375005,False
TSLA,2026-10-10T02:52:04+00:00,382.70001220703125,2026-10-30,Call,TSLA261030C00480000,480.0,0.56,0.55,0.58,256.0,481.0,0.4995167236328125,False
TSLA,2026-10-10T02:52:04+00:00,382.70001220703125,2026-10-30,Call,TSLA261030C00485000,485.0,0.5,0.48,0.5,77.0,303.0,0.5036670727539063,False
TSLA,2026-10-10T02:52:04+00:00,382.70001220703125,2026-10-30,Call,TSLA261030C00490000,490.0,0.43,0.41,0.43,28.0,235.0,0.5090381127929688,False
TSLA,2026-10-10T02:52:04+00:00,382.70001220703125,2026-10-30,Call,TSLA261030C00495000,495.0,0.38,0.36,0.38,24.0,398.0,0.5161181201171875,False
TSLA,2026-10-10T02:52:04+00:00,382.70001220703125,2026-10-30,Put,TSLA261030P00270000,270.0,0.26,0.25,0.28,12.0,329.0,0.6669955175781253,False
TSLA,2026-10-10T02:52:04+00:00,382.70001220703125,2026-10-30,Put,TSLA261030P00275000,275.0,0.3,0.28,0.31,12.0,103.0,0.6455113574218749,False
TSLA,2026-10-10T02:52:04+00:00,382.70001220703125,2026-10-30,Put,TSLA261030P00280000,280.0,0.32,0.32,0.35,28.0,546.0,0.6259803027343751,False
TSLA,2026-10-10T02:52:04+00:00,382.70001220703125,2026-10-30,Put,TSLA261030P00285000,285.0,0.39,0.36,0.39,6.0,324.0,0.6054726953125001,False
TSLA,2026-10-10T02:52:04+00:00,382.70001220703125,2026-10-30,Put,TSLA261030P00290000,290.0,0.42,0.41,0.43,67.0,599.0,0.5844768115234374,False
TSLA,2026-10-10T02:52:04+00:00,382.70001220703125,2026-10-30,Put,TSLA261030P00295000,295.0,0.46,0.47,0.5,19.0,506.0,0.5668988623046876,False
TSLA,2026-10-10T02:52:04+00:00,382.70001220703125,2026-10-30,Put,TSLA261030P00300000,300.0,0.53,0.55,0.57,227.0,2158.0,0.5488326367187502,False
TSLA,2026-10-10T02:52:04+00:00,382.70001220703125,2026-10-30,Put,TSLA261030P00305000,305.0,0.65,0.64,0.68,62.0,865.0,0.5327195166015625,False
TSLA,2026-10-10T02:52:04+00:00,382.70001220703125,2026-10-30,Put,TSLA261030P00310000,310.0,0.78,0.76,0.8,103.0,815.0,0.5168505346679688,False
TSLA,2026-10-10T02:52:04+00:00,382.70001220703125,2026-10-30,Put,TSLA261030P00315000,315.0,0.92,0.92,0.96,108.0,1258.0,0.5029346582031251,False
TSLA,2026-10-10T02:52:04+00:00,382.70001220703125,2026-10-30,Put,TSLA261030P00320000,320.0,1.13,1.13,1.17,146.0,1562.0,0.4924367163085938,False
TSLA,2026-10-10T02:52:04+00:00,382.70001220703125,2026-10-30,Put,TSLA261030P00325000,325.0,1.37,1.4,1.45,120.0,806.0,0.4820608435058594,False
TSLA,2026-10-10T02:52:04+00:00,382.70001220703125,2026-10-30,Put,TSLA261030P00330000,330.0,1.74,1.75,1.8,498.0,991.0,0.4722953161621094,False
TSLA,2026-10-10T02:52:04+00:00,382.70001220703125,2026-10-30,Put,TSLA261030P00335000,335.0,2.21,2.2,2.26,385.0,805.0,0.4644828942871094,False
TSLA,2026-10-10T02:52:04+00:00,382.70001220703125,2026-10-30,Put,TSLA261030P00340000,340.0,2.65,2.78,2.84,785.0,2493.0,0.4578911633300782,False
TSLA,2026-10-10T02:52:04+00:00,382.70001220703125,2026-10-30,Put,TSLA261030P00345000,345.0,3.53,3.5,3.6,495.0,1177.0,0.45386288330078123,False
TSLA,2026-10-10T02:52:04+00:00,382.70001220703125,2026-10-30,Put,TSLA261030P00350000,350.0,4.45,4.4,4.5,735.0,2874.0,0.44922425781249997,False
TSLA,2026-10-10T02:52:04+00:00,382.70001220703125,2026-10-30,Put,TSLA261030P00355000,355.0,5.6,5.5,5.65,324.0,2095.0,0.4475763250732422,False
TSLA,2026-10-10T02:52:04+00:00,382.70001220703125,2026-10-30,Put,TSLA261030P00360000,360.0,6.84,6.85,6.95,395.0,2629.0,0.4440973559570312,False
TSLA,2026-10-10T02:52:04+00:00,382.70001220703125,2026-10-30,Put,TSLA261030P00365000,365.0,8.17,8.4,8.55,286.0,1293.0,0.4434259759521484,False
TSLA,2026-10-10T02:52:04+00:00,382.70001220703125,2026-10-30,Put,TSLA261030P00370000,370.0,10.3,10.2,10.35,650.0,2506.0,0.4417780432128906,False
TSLA,2026-10-10T02:52:04+00:00,382.70001220703125,2026-10-30,Put,TSLA261030P00375000,375.0,12.38,12.25,12.4,373.0,1159.0,0.4403742486572265,False
TSLA,2026-10-10T02:52:04+00:00,382.70001220703125,2026-10-30,Put,TSLA261030P00380000,380.0,14.55,14.6,14.75,1737.0,1756.0,0.44043528320312497,False
TSLA,2026-10-10T02:52:04+00:00,382.70001220703125,2026-10-30,Put,TSLA261030P00385000,385.0,17.15,17.15,17.3,1215.0,285.0,0.43921459228515625,True
TSLA,2026-10-10T02:52:04+00:00,382.70001220703125,2026-10-30,Put,TSLA261030P00390000,390.0,19.73,19.65,20.1,297.0,911.0,0.4381159704589844,True
TSLA,2026-10-10T02:52:04+00:00,382.70001220703125,2026-10-30,Put,TSLA261030P00395000,395.0,22.32,22.4,23.25,8.0,182.0,0.4402216622924804,True
TSLA,2026-10-10T02:52:04+00:00,382.70001220703125,2026-10-30,Put,TSLA261030P00400000,400.0,25.1,25.3,26.6,39.0,222.0,0.44171700866699215,True
TSLA,2026-10-10T02:52:04+00:00,382.70001220703125,2026-10-30,Put,TSLA261030P00405000,405.0,29.0,28.5,30.85,1.0,19.0,0.4643608251953125,True
TSLA,2026-10-10T02:52:04+00:00,382.70001220703125,2026-10-30,Put,TSLA261030P00410000,410.0,32.34,32.65,35.0,6.0,65.0,0.479924634399414,True
TSLA,2026-10-10T02:52:04+00:00,382.70001220703125,2026-10-30,Put,TSLA261030P00415000,415.0,43.05,34.95,39.1,6.0,19.0,0.48981223083496106,True
TSLA,2026-10-10T02:52:04+00:00,382.70001220703125,2026-10-30,Put,TSLA261030P00420000,420.0,40.55,40.4,42.0,27.0,29.0,0.451726674194336,True
TSLA,2026-10-10T02:52:04+00:00,382.70001220703125,2026-10-30,Put,TSLA261030P00425000,425.0,50.28,42.8,48.05,1.0,16.0,0.5248460601806642,True
TSLA,2026-10-10T02:52:04+00:00,382.70001220703125,2026-10-30,Put,TSLA261030P00430000,430.0,47.52,48.55,50.5,8.0,56.0,0.453557710571289,True
TSLA,2026-10-10T02:52:04+00:00,382.70001220703125,2026-10-30,Put,TSLA261030P00435000,435.0,66.79,51.15,56.7,1.0,1.0,0.536259520263672,True
TSLA,2026-10-10T02:52:04+00:00,382.70001220703125,2026-10-30,Put,TSLA261030P00440000,440.0,56.23,56.8,59.8,2.0,10.0,0.47559118164062497,True
TSLA,2026-10-10T02:52:04+00:00,382.70001220703125,2026-10-30,Put,TSLA261030P00445000,445.0,74.05,59.6,66.6,15.0,16.0,0.5910075079345705,True
TSLA,2026-10-10T02:52:04+00:00,382.70001220703125,2026-10-30,Put,TSLA261030P00450000,450.0,65.37,65.8,69.4,1.0,26.0,0.5045215563964844,True
TSLA,2026-10-10T02:52:04+00:00,382.70001220703125,2026-10-30,Put,TSLA261030P00455000,455.0,72.45,69.0,75.95,15.0,16.0,0.6154823608398439,True
TSLA,2026-10-10T02:52:04+00:00,382.70001220703125,2026-10-30,Put,TSLA261030P00470000,470.0,90.75,83.55,90.4,,1.0,0.662234822998047,True
TSLA,2026-10-10T02:52:04+00:00,382.70001220703125,2026-10-30,Put,TSLA261030P00475000,475.0,115.55,88.5,95.3,6.0,1.0,0.6803010485839844,True
MU,2026-10-10T02:52:04+00:00,1029.0,2026-10-19,Call,MU261019C00845000,845.0,220.21,,,,,0.0,True
MU,2026-10-10T02:52:04+00:00,1029.0,2026-10-19,Call,MU261019C00850000,850.0,222.91,,,,,0.0,True
MU,2026-10-10T02:52:04+00:00,1029.0,2026-10-19,Call,MU261019C00920000,920.0,147.09,,,,,0.0,True
MU,2026-10-10T02:52:04+00:00,1029.0,2026-10-19,Call,MU261019C00940000,940.0,111.25,,,,,0.0,True
MU,2026-10-10T02:52:04+00:00,1029.0,2026-10-19,Call,MU261019C00970000,970.0,79.45,,,,,0.0,True
MU,2026-10-10T02:52:04+00:00,1029.0,2026-10-19,Call,MU261019C00975000,975.0,75.23,,,,,0.0,True
MU,2026-10-10T02:52:04+00:00,1029.0,2026-10-19,Call,MU261019C00980000,980.0,99.73,,,,,0.0,True
MU,2026-10-10T02:52:04+00:00,1029.0,2026-10-19,Call,MU261019C00990000,990.0,63.22,,,,,0.0,True
MU,2026-10-10T02:52:04+00:00,1029.0,2026-10-19,Call,MU261019C01000000,1000.0,58.36,,,,,0.0,True
MU,2026-10-10T02:52:04+00:00,1029.0,2026-10-19,Call,MU261019C01005000,1005.0,49.82,,,,,0.0,True
MU,2026-10-10T02:52:04+00:00,1029.0,2026-10-19,Call,MU261019C01010000,1010.0,47.5,,,,,0.0,True
MU,2026-10-10T02:52:04+00:00,1029.0,2026-10-19,Call,MU261019C01015000,1015.0,48.53,,,,,0.0,True
MU,2026-10-10T02:52:04+00:00,1029.0,2026-10-19,Call,MU261019C01020000,1020.0,39.7,,,,,0.0,True
MU,2026-10-10T02:52:04+00:00,1029.0,2026-10-19,Call,MU261019C01025000,1025.0,36.8,,,,,0.0,True
MU,2026-10-10T02:52:04+00:00,1029.0,2026-10-19,Call,MU261019C01030000,1030.0,40.9,,,,,0.0,False
MU,2026-10-10T02:52:04+00:00,1029.0,2026-10-19,Call,MU261019C01035000,1035.0,32.73,,,,,0.0,False
MU,2026-10-10T02:52:04+00:00,1029.0,2026-10-19,Call,MU261019C01040000,1040.0,29.95,,,,,0.0,False
MU,2026-10-10T02:52:04+00:00,1029.0,2026-10-19,Call,MU261019C01045000,1045.0,30.32,,,,,0.0,False
MU,2026-10-10T02:52:04+00:00,1029.0,2026-10-19,Call,MU261019C01050000,1050.0,26.0,,,,,0.0,False
MU,2026-10-10T02:52:04+00:00,1029.0,2026-10-19,Call,MU261019C01055000,1055.0,23.73,,,,,0.0,False
MU,2026-10-10T02:52:04+00:00,1029.0,2026-10-19,Call,MU261019C01060000,1060.0,21.85,,,,,0.0,False
MU,2026-10-10T02:52:04+00:00,1029.0,2026-10-19,Call,MU261019C01065000,1065.0,22.5,,,,,0.0,False
MU,2026-10-10T02:52:04+00:00,1029.0,2026-10-19,Call,MU261019C01070000,1070.0,18.48,,,,,0.0,False
MU,2026-10-10T02:52:04+00:00,1029.0,2026-10-19,Call,MU261019C01075000,1075.0,17.0,,,,,0.0,False
MU,2026-10-10T02:52:04+00:00,1029.0,2026-10-19,Call,MU261019C01080000,1080.0,15.5,,,,,0.0,False
MU,2026-10-10T02:52:04+00:00,1029.0,2026-10-19,Call,MU261019C01085000,1085.0,13.7,,,,,0.0,False
MU,2026-10-10T02:52:04+00:00,1029.0,2026-10-19,Call,MU261019C01090000,1090.0,12.92,,,,,0.0,False
MU,2026-10-10T02:52:04+00:00,1029.0,2026-10-19,Call,MU261019C01095000,1095.0,12.34,,,,,0.0,False
MU,2026-10-10T02:52:04+00:00,1029.0,2026-10-19,Call,MU261019C01100000,1100.0,10.5,,,,,0.0,False
MU,2026-10-10T02:52:04+00:00,1029.0,2026-10-19,Call,MU261019C01105000,1105.0,9.52,,,,,0.0,False
MU,2026-10-10T02:52:04+00:00,1029.0,2026-10-19,Call,MU261019C01110000,1110.0,8.64,,,,,0.0,False
MU,2026-10-10T02:52:04+00:00,1029.0,2026-10-19,Call,MU261019C01115000,1115.0,7.96,,,,,0.0,False
MU,2026-10-10T02:52:04+00:00,1029.0,2026-10-19,Call,MU261019C01120000,1120.0,8.4,,,,,0.0,False
MU,2026-10-10T02:52:04+00:00,1029.0,2026-10-19,Call,MU261019C01125000,1125.0,7.05,,,,,0.0,False
MU,2026-10-10T02:52:04+00:00,1029.0,2026-10-19,Call,MU261019C01130000,1130.0,7.03,,,,,0.0,False
MU,2026-10-10T02:52:04+00:00,1029.0,2026-10-19,Call,MU261019C01135000,1135.0,15.35,,,,,0.0,False
MU,2026-10-10T02:52:04+00:00,1029.0,2026-10-19,Call,MU261019C01140000,1140.0,5.8,,,,,0.0,False
MU,2026-10-10T02:52:04+00:00,1029.0,2026-10-19,Call,MU261019C01150000,1150.0,4.3,,,,,0.0,False
MU,2026-10-10T02:52:04+00:00,1029.0,2026-10-19,Call,MU261019C01155000,1155.0,4.16,,,,,0.0,False
MU,2026-10-10T02:52:04+00:00,1029.0,2026-10-19,Call,MU261019C01160000,1160.0,4.62,,,,,0.0,False
MU,2026-10-10T02:52:04+00:00,1029.0,2026-10-19,Call,MU261019C01170000,1170.0,3.3,,,,,0.0,False
MU,2026-10-10T02:52:04+00:00,1029.0,2026-10-19,Call,MU261019C01175000,1175.0,5.88,,,,,0.0,False
MU,2026-10-10T02:52:04+00:00,1029.0,2026-10-19,Call,MU261019C01180000,1180.0,8.3,,,,,0.0,False
MU,2026-10-10T02:52:04+00:00,1029.0,2026-10-19,Call,MU261019C01190000,1190.0,5.43,,,,,0.0,False
MU,2026-10-10T02:52:04+00:00,1029.0,2026-10-19,Call,MU261019C01195000,1195.0,5.25,,,,,0.0,False
MU,2026-10-10T02:52:04+00:00,1029.0,2026-10-19,Call,MU261019C01200000,1200.0,2.01,,,,,0.0,False
MU,2026-10-10T02:52:04+00:00,1029.0,2026-10-19,Call,MU261019C01210000,1210.0,3.0,,,,,0.0,False
MU,2026-10-10T02:52:04+00:00,1029.0,2026-10-19,Call,MU261019C01220000,1220.0,3.22,,,,,0.0,False
MU,2026-10-10T02:52:04+00:00,1029.0,2026-10-19,Call,MU261019C01225000,1225.0,4.65,,,,,0.0,False
MU,2026-10-10T02:52:04+00:00,1029.0,2026-10-19,Call,MU261019C01230000,1230.0,2.32,,,,,0.0,False
MU,2026-10-10T02:52:04+00:00,1029.0,2026-10-19,Call,MU261019C01240000,1240.0,2.14,,,,,0.0,False
MU,2026-10-10T02:52:04+00:00,1029.0,2026-10-19,Call,MU261019C01250000,1250.0,1.5,,,,,0.0,False
MU,2026-10-10T02:52:04+00:00,1029.0,2026-10-19,Call,MU261019C01255000,1255.0,1.55,,,,,0.0,False
MU,2026-10-10T02:52:04+00:00,1029.0,2026-10-19,Call,MU261019C01265000,1265.0,1.25,,,,,0.0,False
MU,2026-10-10T02:52:04+00:00,1029.0,2026-10-19,Call,MU261019C01270000,1270.0,1.87,,,,,0.0,False
MU,2026-10-10T02:52:04+00:00,1029.0,2026-10-19,Call,MU261019C01280000,1280.0,1.57,,,,,0.0,False
MU,2026-10-10T02:52:04+00:00,1029.0,2026-10-19,Call,MU261019C01330000,1330.0,1.26,,,,,0.0,False
MU,2026-10-10T02:52:04+00:00,1029.0,2026-10-21,Call,MU261021C00920000,920.0,131.95,,,,,0.0,True
MU,2026-10-10T02:52:04+00:00,1029.0,2026-10-21,Call,MU261021C00940000,940.0,114.6,,,,,0.0,True
MU,2026-10-10T02:52:04+00:00,1029.0,2026-10-21,Call,MU261021C00970000,970.0,90.5,,,,,0.0,True
MU,2026-10-10T02:52:04+00:00,1029.0,2026-10-21,Call,MU261021C00975000,975.0,112.25,,,,,0.0,True
MU,2026-10-10T02:52:04+00:00,1029.0,2026-10-21,Call,MU261021C00980000,980.0,85.0,,,,,0.0,True
MU,2026-10-10T02:52:04+00:00,1029.0,2026-10-21,Call,MU261021C00990000,990.0,80.0,,,,,0.0,True
MU,2026-10-10T02:52:04+00:00,1029.0,2026-10-21,Call,MU261021C01000000,1000.0,64.6,,,,,0.0,True
MU,2026-10-10T02:52:04+00:00,1029.0,2026-10-21,Call,MU261021C01005000,1005.0,76.15,,,,,0.0,True
MU,2026-10-10T02:52:04+00:00,1029.0,2026-10-21,Call,MU261021C01010000,1010.0,87.7,,,,,0.0,True
MU,2026-10-10T02:52:04+00:00,1029.0,2026-10-21,Call,MU261021C01015000,1015.0,74.45,,,,,0.0,True
MU,2026-10-10T02:52:04+00:00,1029.0,2026-10-21,Call,MU261021C01020000,1020.0,45.0,,,,,0.0,True
MU,2026-10-10T02:52:04+00:00,1029.0,2026-10-21,Call,MU261021C01025000,1025.0,76.0,,,,,0.0,True
MU,2026-10-10T02:52:04+00:00,1029.0,2026-10-21,Call,MU261021C01030000,1030.0,38.6,,,,,0.0,False
MU,2026-10-10T02:52:04+00:00,1029.0,2026-10-21,Call,MU261021C01035000,1035.0,32.65,,,,,0.0,False
MU,2026-10-10T02:52:04+00:00,1029.0,2026-10-21,Call,MU261021C01040000,1040.0,38.15,,,,,0.0,False
MU,2026-10-10T02:52:04+00:00,1029.0,2026-10-21,Call,MU261021C01045000,1045.0,32.0,,,,,0.0,False
MU,2026-10-10T02:52:04+00:00,1029.0,2026-10-21,Call,MU261021C01050000,1050.0,29.8,,,,,0.0,False
MU,2026-10-10T02:52:04+00:00,1029.0,2026-10-21,Call,MU261021C01060000,1060.0,26.41,,,,,0.0,False
MU,2026-10-10T02:52:04+00:00,1029.0,2026-10-21,Call,MU261021C01065000,1065.0,24.9,,,,,0.0,False
MU,2026-10-10T02:52:04+00:00,1029.0,2026-10-21,Call,MU261021C01070000,1070.0,22.6,,,,,0.0,False
MU,2026-10-10T02:52:04+00:00,1029.0,2026-10-21,Call,MU261021C01075000,1075.0,20.5,,,,,0.0,False
MU,2026-10-10T02:52:04+00:00,1029.0,2026-10-21,Call,MU261021C01080000,1080.0,18.88,,,,,0.0,False
MU,2026-10-10T02:52:04+00:00,1029.0,2026-10-21,Call,MU261021C01085000,1085.0,17.09,,,,,0.0,False
MU,2026-10-10T02:52:04+00:00,1029.0,2026-10-21,Call,MU261021C01090000,1090.0,15.8,,,,,0.0,False
MU,2026-10-10T02:52:04+00:00,1029.0,2026-10-21,Call,MU261021C01095000,1095.0,15.0,,,,,0.0,False
MU,2026-10-10T02:52:04+00:00,1029.0,2026-10-21,Call,MU261021C01100000,1100.0,14.3,,,,,0.0,False
MU,2026-10-10T02:52:04+00:00,1029.0,2026-10-21,Call,MU261021C01105000,1105.0,13.5,,,,,0.0,False
MU,2026-10-10T02:52:04+00:00,1029.0,2026-10-21,Call,MU261021C01110000,1110.0,11.51,,,,,0.0,False
MU,2026-10-10T02:52:04+00:00,1029.0,2026-10-21,Call,MU261021C01115000,1115.0,10.5,,,,,0.0,False
MU,2026-10-10T02:52:04+00:00,1029.0,2026-10-21,Call,MU261021C01120000,1120.0,9.67,,,,,0.0,False
MU,2026-10-10T02:52:04+00:00,1029.0,2026-10-21,Call,MU261021C01125000,1125.0,8.95,,,,,0.0,False
MU,2026-10-10T02:52:04+00:00,1029.0,2026-10-21,Call,MU261021C01130000,1130.0,9.75,,,,,0.0,False
MU,2026-10-10T02:52:04+00:00,1029.0,2026-10-21,Call,MU261021C01135000,1135.0,7.81,,,,,0.0,False
MU,2026-10-10T02:52:04+00:00,1029.0,2026-10-21,Call,MU261021C01140000,1140.0,7.0,,,,,0.0,False
MU,2026-10-10T02:52:04+00:00,1029.0,2026-10-21,Call,MU261021C01145000,1145.0,14.95,,,,,0.0,False
MU,2026-10-10T02:52:04+00:00,1029.0,2026-10-21,Call,MU261021C01150000,1150.0,6.22,,,,,0.0,False
MU,2026-10-10T02:52:04+00:00,1029.0,2026-10-21,Call,MU261021C01155000,1155.0,12.85,,,,,0.0,False
MU,2026-10-10T02:52:04+00:00,1029.0,2026-10-21,Call,MU261021C01160000,1160.0,5.4,,,,,0.0,False
MU,2026-10-10T02:52:04+00:00,1029.0,2026-10-21,Call,MU261021C01165000,1165.0,5.42,,,,,0.0,False
MU,2026-10-10T02:52:04+00:00,1029.0,2026-10-21,Call,MU261021C01170000,1170.0,7.05,,,,,0.0,False
MU,2026-10-10T02:52:04+00:00,1029.0,2026-10-21,Call,MU261021C01175000,1175.0,11.75,,,,,0.0,False
MU,2026-10-10T02:52:04+00:00,1029.0,2026-10-21,Call,MU261021C01180000,1180.0,5.77,,,,,0.0,False
MU,2026-10-10T02:52:04+00:00,1029.0,2026-10-21,Call,MU261021C01185000,1185.0,5.84,,,,,0.0,False
MU,2026-10-10T02:52:04+00:00,1029.0,2026-10-21,Call,MU261021C01190000,1190.0,5.1,,,,,0.0,False
MU,2026-10-10T02:52:04+00:00,1029.0,2026-10-21,Call,MU261021C01195000,1195.0,4.7,,,,,0.0,False
MU,2026-10-10T02:52:04+00:00,1029.0,2026-10-21,Call,MU261021C01200000,1200.0,3.02,,,,,0.0,False
MU,2026-10-10T02:52:04+00:00,1029.0,2026-10-21,Call,MU261021C01205000,1205.0,4.75,,,,,0.0,False
MU,2026-10-10T02:52:04+00:00,1029.0,2026-10-21,Call,MU261021C01210000,1210.0,2.85,,,,,0.0,False
MU,2026-10-10T02:52:04+00:00,1029.0,2026-10-21,Call,MU261021C01215000,1215.0,3.62,,,,,0.0,False
MU,2026-10-10T02:52:04+00:00,1029.0,2026-10-21,Call,MU261021C01220000,1220.0,3.54,,,,,0.0,False
MU,2026-10-10T02:52:04+00:00,1029.0,2026-10-21,Call,MU261021C01225000,1225.0,5.37,,,,,0.0,False
MU,2026-10-10T02:52:04+00:00,1029.0,2026-10-21,Call,MU261021C01230000,1230.0,3.7,,,,,0.0,False
MU,2026-10-10T02:52:04+00:00,1029.0,2026-10-21,Call,MU261021C01235000,1235.0,2.7,,,,,0.0,False
MU,2026-10-10T02:52:04+00:00,1029.0,2026-10-21,Call,MU261021C01255000,1255.0,3.0,,,,,0.0,False
MU,2026-10-10T02:52:04+00:00,1029.0,2026-10-21,Call,MU261021C01280000,1280.0,2.71,,,,,0.0,False
XLE,2026-10-10T02:52:06+00:00,65.08000183105469,2026-10-23,Call,XLE261023C00053000,53.0,9.38,11.2,13.7,1.0,0.0,0.77929908203125,True
XLE,2026-10-10T02:52:06+00:00,65.08000183105469,2026-10-23,Call,XLE261023C00055000,55.0,8.2,8.65,11.2,14.0,13.0,0.9545902978515625,True
XLE,2026-10-10T02:52:06+00:00,65.08000183105469,2026-10-23,Call,XLE261023C00056000,56.0,9.68,8.15,10.3,,0.0,0.9174812939453125,True
XLE,2026-10-10T02:52:06+00:00,65.08000183105469,2026-10-23,Call,XLE261023C00056500,56.5,5.41,7.15,9.7,,1.0,0.8530288134765626,True
XLE,2026-10-10T02:52:06+00:00,65.08000183105469,2026-10-23,Call,XLE261023C00057000,57.0,5.05,7.05,9.2,,1.0,0.8193377441406249,True
XLE,2026-10-10T02:52:06+00:00,65.08000183105469,2026-10-23,Call,XLE261023C00058000,58.0,4.37,6.45,8.35,1.0,22.0,0.7934590966796875,True
XLE,2026-10-10T02:52:06+00:00,65.08000183105469,2026-10-23,Call,XLE261023C00058500,58.5,6.97,5.95,7.7,1.0,27.0,0.717776259765625,True
XLE,2026-10-10T02:52:06+00:00,65.08000183105469,2026-10-23,Call,XLE261023C00059000,59.0,4.45,5.45,6.9,2.0,101.0,0.5991251025390626,True
XLE,2026-10-10T02:52:06+00:00,65.08000183105469,2026-10-23,Call,XLE261023C00059500,59.5,3.25,4.75,6.85,10.0,10.0,0.6884796777343751,True
XLE,2026-10-10T02:52:06+00:00,65.08000183105469,2026-10-23,Call,XLE261023C00060000,60.0,3.73,4.7,5.85,1.0,71.0,0.5205126074218749,True
XLE,2026-10-10T02:52:06+00:00,65.08000183105469,2026-10-23,Call,XLE261023C00060500,60.5,2.68,3.8,5.95,2.0,57.0,0.641605146484375,True
XLE,2026-10-10T02:52:06+00:00,65.08000183105469,2026-10-23,Call,XLE261023C00061000,61.0,4.42,3.75,5.05,8.0,190.0,0.5073291455078125,True
XLE,2026-10-10T02:52:06+00:00,65.08000183105469,2026-10-23,Call,XLE261023C00061500,61.5,3.68,3.3,4.45,3.0,56.0,0.44824770507812495,True
XLE,2026-10-10T02:52:06+00:00,65.08000183105469,2026-10-23,Call,XLE261023C00062000,62.0,3.88,3.3,4.75,8.0,583.0,0.5961954443359375,True
XLE,2026-10-10T02:52:06+00:00,65.08000183105469,2026-10-23,Call,XLE261023C00062500,62.5,3.1,2.02,5.05,2.0,860.0,0.7260769580078125,True
XLE,2026-10-10T02:52:06+00:00,65.08000183105469,2026-10-23,Call,XLE261023C00063000,63.0,2.81,0.6,3.25,2.0,1176.0,0.40869731933593745,True
XLE,2026-10-10T02:52:06+00:00,65.08000183105469,2026-10-23,Call,XLE261023C00063500,63.5,2.6,1.81,2.87,3.0,257.0,0.39453730468750003,True
XLE,2026-10-10T02:52:06+00:00,65.08000183105469,2026-10-23,Call,XLE261023C00064000,64.0,2.05,0.91,3.55,42.0,404.0,0.5910685424804689,True
XLE,2026-10-10T02:52:06+00:00,65.08000183105469,2026-10-23,Call,XLE261023C00064500,64.5,1.6,0.49,2.14,6.0,559.0,0.3627993408203125,True
XLE,2026-10-10T02:52:06+00:00,65.08000183105469,2026-10-23,Call,XLE261023C00065000,65.0,1.28,0.58,1.98,96.0,860.0,0.38184211914062494,True
XLE,2026-10-10T02:52:06+00:00,65.08000183105469,2026-10-23,Call,XLE261023C00065500,65.5,1.05,0.29,1.76,228.0,331.0,0.38477177734374995,False
XLE,2026-10-10T02:52:06+00:00,65.08000183105469,2026-10-23,Call,XLE261023C00066000,66.0,0.9,0.55,1.32,233.0,872.0,0.34009448974609374,False
XLE,2026-10-10T02:52:06+00:00,65.08000183105469,2026-10-23,Call,XLE261023C00066500,66.5,0.68,0.0,1.39,265.0,543.0,0.39331661376953125,False
XLE,2026-10-10T02:52:06+00:00,65.08000183105469,2026-10-23,Call,XLE261023C00067000,67.0,0.53,0.12,0.78,155.0,779.0,0.3012765185546875,False
XLE,2026-10-10T02:52:06+00:00,65.08000183105469,2026-10-23,Call,XLE261023C00067500,67.5,0.43,0.0,0.78,101.0,635.0,0.33350275878906255,False
XLE,2026-10-10T02:52:06+00:00,65.08000183105469,2026-10-23,Call,XLE261023C00068000,68.0,0.36,0.0,1.02,118.0,163.0,0.4184628466796875,False
XLE,2026-10-10T02:52:06+00:00,65.08000183105469,2026-10-23,Call,XLE261023C00068500,68.5,0.23,0.0,2.05,95.0,101.0,0.6709017285156251,False
XLE,2026-10-10T02:52:06+00:00,65.08000183105469,2026-10-23,Call,XLE261023C00069000,69.0,0.24,0.05,0.45,2.0,312.0,0.3354558642578125,False
XLE,2026-10-10T02:52:06+00:00,65.08000183105469,2026-10-23,Call,XLE261023C00069500,69.5,0.18,0.0,0.75,1.0,141.0,0.4414118359375,False
XLE,2026-10-10T02:52:06+00:00,65.08000183105469,2026-10-23,Call,XLE261023C00070000,70.0,0.11,0.01,0.79,1092.0,123.0,0.47852083984375,False
XLE,2026-10-10T02:52:06+00:00,65.08000183105469,2026-10-23,Call,XLE261023C00070500,70.5,0.07,0.0,0.89,4.0,48.0,0.5302781347656251,False
XLE,2026-10-10T02:52:06+00:00,65.08000183105469,2026-10-23,Call,XLE261023C00071000,71.0,0.09,0.0,2.19,2.0,90.0,0.6079140771484376,False
XLE,2026-10-10T02:52:06+00:00,65.08000183105469,2026-10-23,Call,XLE261023C00075000,75.0,0.01,0.0,0.23,16.0,44.0,0.5029346582031251,False
XLE,2026-10-10T02:52:06+00:00,65.08000183105469,2026-10-23,Call,XLE261023C00080000,80.0,0.04,0.0,0.75,1.0,1.0,0.7460962890625,False
XLE,2026-10-10T02:52:06+00:00,65.08000183105469,2026-10-23,Put,XLE261023P00050000,50.0,0.01,0.0,0.22,2.0,12.0,0.7382838671874999,False
XLE,2026-10-10T02:52:06+00:00,65.08000183105469,2026-10-23,Put,XLE261023P00051000,51.0,0.03,0.0,1.32,3.0,2.0,1.040043862304688,False
XLE,2026-10-10T02:52:06+00:00,65.08000183105469,2026-10-23,Put,XLE261023P00052000,52.0,0.01,0.0,0.04,32.0,36.0,0.5468795312500001,False
XLE,2026-10-10T02:52:06+00:00,65.08000183105469,2026-10-23,Put,XLE261023P00053000,53.0,0.32,0.0,2.13,2.0,33.0,1.0712937060546879,False
XLE,2026-10-10T02:52:06+00:00,65.08000183105469,2026-10-23,Put,XLE261023P00054000,54.0,0.02,0.0,1.23,3.0,118.0,0.8369156933593749,False
XLE,2026-10-10T02:52:06+00:00,65.08000183105469,2026-10-23,Put,XLE261023P00055000,55.0,0.02,0.01,0.24,2.0,121.0,0.5195360546875,False
XLE,2026-10-10T02:52:06+00:00,65.08000183105469,2026-10-23,Put,XLE261023P00056000,56.0,0.04,0.0,2.14,3.0,606.0,0.8715833154296875,False
XLE,2026-10-10T02:52:06+00:00,65.08000183105469,2026-10-23,Put,XLE261023P00056500,56.5,0.13,0.0,2.13,114.0,156.0,0.8364274169921874,False
XLE,2026-10-10T02:52:06+00:00,65.08000183105469,2026-10-23,Put,XLE261023P00057000,57.0,0.04,0.0,0.3,1.0,111.0,0.5293015820312501,False
XLE,2026-10-10T02:52:06+00:00,65.08000183105469,2026-10-23,Put,XLE261023P00057500,57.5,0.06,0.0,0.06,5.0,303.0,0.35156898437499995,False
XLE,2026-10-10T02:52:06+00:00,65.08000183105469,2026-10-23,Put,XLE261023P00058000,58.0,0.14,0.0,1.03,25.0,302.0,0.5620160986328125,False
XLE,2026-10-10T02:52:06+00:00,65.08000183105469,2026-10-23,Put,XLE261023P00058500,58.5,0.06,0.0,1.55,24.0,703.0,0.6176796044921876,False
XLE,2026-10-10T02:52:06+00:00,65.08000183105469,2026-10-23,Put,XLE261023P00059000,59.0,0.06,0.02,0.17,4.0,369.0,0.3632876171875,False
XLE,2026-10-10T02:52:06+00:00,65.08000183105469,2026-10-23,Put,XLE261023P00059500,59.5,0.11,0.0,0.91,1.0,261.0,0.5927775097656252,False
XLE,2026-10-10T02:52:06+00:00,65.08000183105469,2026-10-23,Put,XLE261023P00060000,60.0,0.06,0.02,0.25,339.0,413.0,0.35108070800781244,False
XLE,2026-10-10T02:52:06+00:00,65.08000183105469,2026-10-23,Put,XLE261023P00060500,60.5,0.1,0.0,0.51,205.0,547.0,0.414068359375,False
XLE,2026-10-10T02:52:06+00:00,65.08000183105469,2026-10-23,Put,XLE261023P00061000,61.0,0.14,0.05,0.2,118.0,593.0,0.27930408203124996,False
XLE,2026-10-10T02:52:06+00:00,65.08000183105469,2026-10-23,Put,XLE261023P00061500,61.5,0.2,0.05,0.6,51.0,296.0,0.37842418457031246,False
XLE,2026-10-10T02:52:06+00:00,65.08000183105469,2026-10-23,Put,XLE261023P00062000,62.0,0.2,0.04,0.29,443.0,720.0,0.25830819824218754,False
XLE,2026-10-10T02:52:06+00:00,65.08000183105469,2026-10-23,Put,XLE261023P00062500,62.5,0.32,0.14,0.42,71.0,377.0,0.26709717285156254,False
XLE,2026-10-10T02:52:06+00:00,65.08000183105469,2026-10-23,Put,XLE261023P00063000,63.0,0.41,0.21,1.0,124.0,682.0,0.3715883154296875,False
XLE,2026-10-10T02:52:06+00:00,65.08000183105469,2026-10-23,Put,XLE261023P00063500,63.5,0.5,0.0,1.28,85.0,228.0,0.39234006103515623,False
XLE,2026-10-10T02:52:06+00:00,65.08000183105469,2026-10-23,Put,XLE261023P00064000,64.0,0.72,0.14,1.31,202.0,374.0,0.3569400244140625,False
XLE,2026-10-10T02:52:06+00:00,65.08000183105469,2026-10-23,Put,XLE261023P00064500,64.5,0.87,0.51,1.0,143.0,346.0,0.2507399145507812,False
XLE,2026-10-10T02:52:06+00:00,65.08000183105469,2026-10-23,Put,XLE261023P00065000,65.0,0.91,0.53,1.65,500.0,75.0,0.3325262060546875,False
XLE,2026-10-10T02:52:06+00:00,65.08000183105469,2026-10-23,Put,XLE261023P00065500,65.5,1.4,1.17,3.15,182.0,25.0,0.5756878369140624,True
XLE,2026-10-10T02:52:06+00:00,65.08000183105469,2026-10-23,Put,XLE261023P00066000,66.0,1.5,0.8,2.78,34.0,68.0,0.44751529052734373,True
XLE,2026-10-10T02:52:06+00:00,65.08000183105469,2026-10-23,Put,XLE261023P00067000,67.0,2.0,1.63,3.7,1.0,24.0,0.5097705273437501,True
XLE,2026-10-10T02:52:06+00:00,65.08000183105469,2026-10-23,Put,XLE261023P00068000,68.0,5.8,2.5,3.8,5.0,21.0,0.38721315917968746,True
XLE,2026-10-10T02:52:06+00:00,65.08000183105469,2026-10-23,Put,XLE261023P00068500,68.5,5.05,2.75,4.4,,12.0,0.44043528320312497,True
XLE,2026-10-10T02:52:06+00:00,65.08000183105469,2026-10-23,Put,XLE261023P00069000,69.0,5.41,3.3,4.75,6.0,21.0,0.43408769042968753,True
XLE,2026-10-10T02:52:06+00:00,65.08000183105469,2026-10-23,Put,XLE261023P00070000,70.0,6.35,4.45,6.3,2.0,16.0,0.6201209863281252,True
XLE,2026-10-10T02:52:06+00:00,65.08000183105469,2026-10-23,Put,XLE261023P00071000,71.0,6.04,5.2,7.8,20.0,0.0,0.790041162109375,True
XLE,2026-10-10T02:52:06+00:00,65.08000183105469,2026-10-30,Call,XLE261030C00050000,50.0,12.6,13.5,17.0,9.0,9.0,0.6523472265625001,True
XLE,2026-10-10T02:52:06+00:00,65.08000183105469,2026-10-30,Call,XLE261030C00053000,53.0,11.05,10.25,14.0,47.0,18.0,1.0986373193359378,True
XLE,2026-10-10T02:52:06+00:00,65.08000183105469,2026-10-30,Call,XLE261030C00055000,55.0,8.7,9.2,11.35,1.0,5.0,0.8178729150390623,True
XLE,2026-10-10T02:52:06+00:00,65.08000183105469,2026-10-30,Call,XLE261030C00056000,56.0,8.17,7.55,11.4,8.0,15.0,0.5117236328125,True
XLE,2026-10-10T02:52:06+00:00,65.08000183105469,2026-10-30,Call,XLE261030C00057000,57.0,6.94,7.05,9.75,9.0,58.0,0.7954122021484374,True
XLE,2026-10-10T02:52:06+00:00,65.08000183105469,2026-10-30,Call,XLE261030C00058000,58.0,7.93,5.35,9.15,1.0,45.0,0.8178729150390623,True
XLE,2026-10-10T02:52:06+00:00,65.08000183105469,2026-10-30,Call,XLE261030C00059000,59.0,4.2,6.0,6.85,21.0,45.0,0.4770560107421875,True
XLE,2026-10-10T02:52:06+00:00,65.08000183105469,2026-10-30,Call,XLE261030C00059500,59.5,4.95,5.45,6.3,3.0,17.0,0.43945873046875,True
XLE,2026-10-10T02:52:06+00:00,65.08000183105469,2026-10-30,Call,XLE261030C00060000,60.0,6.03,3.45,7.75,61.0,140.0,0.8017597949218749,True
XLE,2026-10-10T02:52:06+00:00,65.08000183105469,2026-10-30,Call,XLE261030C00060500,60.5,2.72,3.25,6.65,2.0,3.0,0.657229990234375,True
XLE,2026-10-10T02:52:06+00:00,65.08000183105469,2026-10-30,Call,XLE261030C00061000,61.0,4.85,3.85,6.15,1.0,60.0,0.6245154736328126,True
XLE,2026-10-10T02:52:06+00:00,65.08000183105469,2026-10-30,Call,XLE261030C00061500,61.5,4.28,2.25,5.8,1.0,35.0,0.6181678808593751,True
XLE,2026-10-10T02:52:06+00:00,65.08000183105469,2026-10-30,Call,XLE261030C00062000,62.0,3.82,3.35,4.25,72.0,141.0,0.3952697192382813,True
XLE,2026-10-10T02:52:06+00:00,65.08000183105469,2026-10-30,Call,XLE261030C00062500,62.5,3.51,2.65,5.2,4.0,232.0,0.6181678808593751,True
XLE,2026-10-10T02:52:06+00:00,65.08000183105469,2026-10-30,Call,XLE261030C00063000,63.0,3.0,2.2,3.55,6.0,536.0,0.38623660644531244,True
XLE,2026-10-10T02:52:06+00:00,65.08000183105469,2026-10-30,Call,XLE261030C00063500,63.5,2.8,1.23,3.95,4.0,497.0,0.5034229345703125,True
XLE,2026-10-10T02:52:06+00:00,65.08000183105469,2026-10-30,Call,XLE261030C00064000,64.0,2.17,1.79,2.93,36.0,511.0,0.38086556640624997,True
XLE,2026-10-10T02:52:06+00:00,65.08000183105469,2026-10-30,Call,XLE261030C00064500,64.5,2.28,1.51,2.38,2.0,221.0,0.334967587890625,True
XLE,2026-10-10T02:52:06+00:00,65.08000183105469,2026-10-30,Call,XLE261030C00065000,65.0,1.72,0.55,2.64,27.0,1853.0,0.41797457031249996,True
XLE,2026-10-10T02:52:06+00:00,65.08000183105469,2026-10-30,Call,XLE261030C00065500,65.5,1.42,0.24,1.93,45.0,353.0,0.3415593188476562,False
XLE,2026-10-10T02:52:06+00:00,65.08000183105469,2026-10-30,Call,XLE261030C00066000,66.0,1.28,1.0,1.99,166.0,525.0,0.38623660644531244,False
XLE,2026-10-10T02:52:06+00:00,65.08000183105469,2026-10-30,Call,XLE261030C00066500,66.5,0.99,0.1,1.35,101.0,372.0,0.31445998046874996,False
XLE,2026-10-10T02:52:06+00:00,65.08000183105469,2026-10-30,Call,XLE261030C00067000,67.0,0.8,0.3,1.25,63.0,350.0,0.3276434423828125,False
XLE,2026-10-10T02:52:06+00:00,65.08000183105469,2026-10-30,Call,XLE261030C00067500,67.5,0.71,0.01,1.14,100.0,10113.0,0.33667655517578127,False
XLE,2026-10-10T02:52:06+00:00,65.08000183105469,2026-10-30,Call,XLE261030C00068000,68.0,0.56,0.45,0.72,212.0,229.0,0.28565167480468745,False
XLE,2026-10-10T02:52:06+00:00,65.08000183105469,2026-10-30,Call,XLE261030C00068500,68.5,0.61,0.0,2.19,147.0,285.0,0.5712933496093751,False
XLE,2026-10-10T02:52:06+00:00,65.08000183105469,2026-10-30,Call,XLE261030C00069000,69.0,0.41,0.0,1.21,23.0,153.0,0.4265194067382813,False
XLE,2026-10-10T02:52:06+00:00,65.08000183105469,2026-10-30,Call,XLE261030C00069500,69.5,0.33,0.0,0.7,48.0,37.0,0.3501041552734374,False
XLE,2026-10-10T02:52:06+00:00,65.08000183105469,2026-10-30,Call,XLE261030C00070000,70.0,0.26,0.15,1.0,84.0,502.0,0.43335527587890627,False
XLE,2026-10-10T02:52:06+00:00,65.08000183105469,2026-10-30,Call,XLE261030C00070500,70.5,0.24,0.0,0.95,83.0,185.0,0.445318046875,False
XLE,2026-10-10T02:52:06+00:00,65.08000183105469,2026-10-30,Call,XLE261030C00071000,71.0,0.12,0.0,1.59,2.0,159.0,0.5918009570312501,False
XLE,2026-10-10T02:52:06+00:00,65.08000183105469,2026-10-30,Call,XLE261030C00071500,71.5,0.16,0.0,1.07,25.0,172.0,0.5127001855468749,False
XLE,2026-10-10T02:52:06+00:00,65.08000183105469,2026-10-30,Call,XLE261030C00075000,75.0,0.01,0.0,1.0,1.0,555.0,0.5039112109375,False
XLE,2026-10-10T02:52:06+00:00,65.08000183105469,2026-10-30,Put,XLE261030P00050000,50.0,0.01,0.0,0.49,1.0,5.0,0.7041045214843751,False
XLE,2026-10-10T02:52:06+00:00,65.08000183105469,2026-10-30,Put,XLE261030P00053000,53.0,0.02,0.0,0.75,2.0,218.0,0.63867548828125,False
XLE,2026-10-10T02:52:06+00:00,65.08000183105469,2026-10-30,Put,XLE261030P00054000,54.0,0.03,0.0,0.25,2.0,307.0,0.5371140039062501,False
XLE,2026-10-10T02:52:06+00:00,65.08000183105469,2026-10-30,Put,XLE261030P00055000,55.0,0.02,0.0,0.43,4.0,850.0,0.570316796875,False
XLE,2026-10-10T02:52:06+00:00,65.08000183105469,2026-10-30,Put,XLE261030P00056000,56.0,0.03,0.03,0.1,1.0,358.0,0.370123486328125,False
XLE,2026-10-10T02:52:06+00:00,65.08000183105469,2026-10-30,Put,XLE261030P00057000,57.0,0.03,0.0,0.55,5.0,214.0,0.5170946728515625,False
XLE,2026-10-10T02:52:06+00:00,65.08000183105469,2026-10-30,Put,XLE261030P00058000,58.0,0.04,0.06,0.19,87.0,606.0,0.344733115234375,False
XLE,2026-10-10T02:52:06+00:00,65.08000183105469,2026-10-30,Put,XLE261030P00059000,59.0,0.12,0.06,0.4,106.0,6447.0,0.37793590820312495,False
XLE,2026-10-10T02:52:06+00:00,65.08000183105469,2026-10-30,Put,XLE261030P00059500,59.5,0.16,0.0,0.46,22.0,169.0,0.37256486816406253,False
XLE,2026-10-10T02:52:06+00:00,65.08000183105469,2026-10-30,Put,XLE261030P00060000,60.0,0.18,0.05,0.23,28.0,736.0,0.2797923583984374,False
XLE,2026-10-10T02:52:06+00:00,65.08000183105469,2026-10-30,Put,XLE261030P00060500,60.5,0.18,0.0,2.39,4.0,246.0,0.7163114306640624,False
XLE,2026-10-10T02:52:06+00:00,65.08000183105469,2026-10-30,Put,XLE261030P00061000,61.0,0.31,0.07,0.81,192.0,497.0,0.38086556640624997,False
XLE,2026-10-10T02:52:06+00:00,65.08000183105469,2026-10-30,Put,XLE261030P00061500,61.5,0.29,0.25,0.7,2.0,263.0,0.3305731005859375,False
XLE,2026-10-10T02:52:06+00:00,65.08000183105469,2026-10-30,Put,XLE261030P00062000,62.0,0.43,0.3,1.08,163.0,636.0,0.37842418457031246,False
XLE,2026-10-10T02:52:06+00:00,65.08000183105469,2026-10-30,Put,XLE261030P00062500,62.5,0.56,0.27,1.47,12.0,1558.0,0.418951123046875,False
XLE,2026-10-10T02:52:06+00:00,65.08000183105469,2026-10-30,Put,XLE261030P00063000,63.0,0.72,0.34,1.29,124.0,1065.0,0.3549869189453124,False
XLE,2026-10-10T02:52:06+00:00,65.08000183105469,2026-10-30,Put,XLE261030P00063500,63.5,0.82,0.0,2.05,72.0,113.0,0.450200810546875,False
XLE,2026-10-10T02:52:06+00:00,65.08000183105469,2026-10-30,Put,XLE261030P00064000,64.0,1.03,0.64,1.99,352.0,161.0,0.40381455566406255,False
XLE,2026-10-10T02:52:06+00:00,65.08000183105469,2026-10-30,Put,XLE261030P00064500,64.5,1.18,1.05,2.18,102.0,107.0,0.3969786865234375,False
XLE,2026-10-10T02:52:06+00:00,65.08000183105469,2026-10-30,Put,XLE261030P00065000,65.0,1.48,1.2,2.4,81.0,59.0,0.3920959228515625,False
XLE,2026-10-10T02:52:06+00:00,65.08000183105469,2026-10-30,Put,XLE261030P00065500,65.5,1.78,0.01,3.35,161.0,125.0,0.5022022436523439,True
XLE,2026-10-10T02:52:06+00:00,65.08000183105469,2026-10-30,Put,XLE261030P00066000,66.0,1.75,0.5,3.8,9.0,13.0,0.5297898583984376,True
XLE,2026-10-10T02:52:06+00:00,65.08000183105469,2026-10-30,Put,XLE261030P00066500,66.5,2.31,0.38,4.1,108.0,6.0,0.5312546875,True
XLE,2026-10-10T02:52:06+00:00,65.08000183105469,2026-10-30,Put,XLE261030P00067000,67.0,2.64,1.1,4.75,5.0,10.0,0.58789474609375,True
XLE,2026-10-10T02:52:06+00:00,65.08000183105469,2026-10-30,Put,XLE261030P00067500,67.5,4.02,0.97,5.25,2.0,3.0,0.6189002954101563,True
XLE,2026-10-10T02:52:06+00:00,65.08000183105469,2026-10-30,Put,XLE261030P00070000,70.0,5.15,4.1,6.15,1.0,5.0,0.47803256347656253,True
