date,shares_outstanding,nav,source_url,source_note
2010-02-09,38400380.0,0.2083333335,https://accounts.profunds.com/etfdata/ByFund/TQQQ-historical_nav.csv,ProShares official daily NAV file
2010-02-10,38400380.0,0.2069583335,https://accounts.profunds.com/etfdata/ByFund/TQQQ-historical_nav.csv,ProShares official daily NAV file
2010-02-11,38400380.0,0.21619791675,https://accounts.profunds.com/etfdata/ByFund/TQQQ-historical_nav.csv,ProShares official daily NAV file
2010-02-12,38400380.0,0.2174270835,https://accounts.profunds.com/etfdata/ByFund/TQQQ-historical_nav.csv,ProShares official daily NAV file
2010-02-16,38400380.0,0.2259375,https://accounts.profunds.com/etfdata/ByFund/TQQQ-historical_nav.csv,ProShares official daily NAV file
2010-02-17,38400380.0,0.22935416675,https://accounts.profunds.com/etfdata/ByFund/TQQQ-historical_nav.csv,ProShares official daily NAV file
2010-02-18,38400380.0,0.2341458335,https://accounts.profunds.com/etfdata/ByFund/TQQQ-historical_nav.csv,ProShares official daily NAV file
2010-02-19,38400380.0,0.2341145835,https://accounts.profunds.com/etfdata/ByFund/TQQQ-historical_nav.csv,ProShares official daily NAV file
2010-02-22,38400380.0,0.23201041675,https://accounts.profunds.com/etfdata/ByFund/TQQQ-historical_nav.csv,ProShares official daily NAV file
2010-02-23,96000380.0,0.2228645835,https://accounts.profunds.com/etfdata/ByFund/TQQQ-historical_nav.csv,ProShares official daily NAV file
2010-02-24,96000380.0,0.22994791675,https://accounts.profunds.com/etfdata/ByFund/TQQQ-historical_nav.csv,ProShares official daily NAV file
2010-02-25,96000380.0,0.23010416675,https://accounts.profunds.com/etfdata/ByFund/TQQQ-historical_nav.csv,ProShares official daily NAV file
2010-02-26,96000380.0,0.23229166675,https://accounts.profunds.com/etfdata/ByFund/TQQQ-historical_nav.csv,ProShares official daily NAV file
2010-03-01,96000380.0,0.2428645835,https://accounts.profunds.com/etfdata/ByFund/TQQQ-historical_nav.csv,ProShares official daily NAV file
2010-03-02,96000380.0,0.2447708335,https://accounts.profunds.com/etfdata/ByFund/TQQQ-historical_nav.csv,ProShares official daily NAV file
2010-03-03,96000380.0,0.24497916675,https://accounts.profunds.com/etfdata/ByFund/TQQQ-historical_nav.csv,ProShares official daily NAV file
2010-03-04,96000380.0,0.24815625,https://accounts.profunds.com/etfdata/ByFund/TQQQ-historical_nav.csv,ProShares official daily NAV file
2010-03-05,96000380.0,0.25966666675,https://accounts.profunds.com/etfdata/ByFund/TQQQ-historical_nav.csv,ProShares official daily NAV file
2010-03-08,96000380.0,0.2606770835,https://accounts.profunds.com/etfdata/ByFund/TQQQ-historical_nav.csv,ProShares official daily NAV file
2010-03-09,96000380.0,0.2650520835,https://accounts.profunds.com/etfdata/ByFund/TQQQ-historical_nav.csv,ProShares official daily NAV file
2010-03-10,96000380.0,0.27171875,https://accounts.profunds.com/etfdata/ByFund/TQQQ-historical_nav.csv,ProShares official daily NAV file
2010-03-11,96000380.0,0.27451041675,https://accounts.profunds.com/etfdata/ByFund/TQQQ-historical_nav.csv,ProShares official daily NAV file
2010-03-12,96000380.0,0.2747708335,https://accounts.profunds.com/etfdata/ByFund/TQQQ-historical_nav.csv,ProShares official daily NAV file
2010-03-15,96000380.0,0.2728958335,https://accounts.profunds.com/etfdata/ByFund/TQQQ-historical_nav.csv,ProShares official daily NAV file
2010-03-16,96000380.0,0.2780520835,https://accounts.profunds.com/etfdata/ByFund/TQQQ-historical_nav.csv,ProShares official daily NAV file
2010-03-17,96000380.0,0.2797708335,https://accounts.profunds.com/etfdata/ByFund/TQQQ-historical_nav.csv,ProShares official daily NAV file
2010-03-18,96000380.0,0.2830520835,https://accounts.profunds.com/etfdata/ByFund/TQQQ-historical_nav.csv,ProShares official daily NAV file
2010-03-19,96000380.0,0.2780208335,https://accounts.profunds.com/etfdata/ByFund/TQQQ-historical_nav.csv,ProShares official daily NAV file
2010-03-22,96000380.0,0.28541666675,https://accounts.profunds.com/etfdata/ByFund/TQQQ-historical_nav.csv,ProShares official daily NAV file
2010-03-23,96000380.0,0.29140625,https://accounts.profunds.com/etfdata/ByFund/TQQQ-historical_nav.csv,ProShares official daily NAV file
2010-03-24,96000380.0,0.28640625,https://accounts.profunds.com/etfdata/ByFund/TQQQ-historical_nav.csv,ProShares official daily NAV file
2010-03-25,134400380.0,0.2851875,https://accounts.profunds.com/etfdata/ByFund/TQQQ-historical_nav.csv,ProShares official daily NAV file
2010-03-26,134400380.0,0.28666666675,https://accounts.profunds.com/etfdata/ByFund/TQQQ-historical_nav.csv,ProShares official daily NAV file
2010-03-29,134400380.0,0.29044791675,https://accounts.profunds.com/etfdata/ByFund/TQQQ-historical_nav.csv,ProShares official daily NAV file
2010-03-30,115200380.0,0.29341666675,https://accounts.profunds.com/etfdata/ByFund/TQQQ-historical_nav.csv,ProShares official daily NAV file
2010-03-31,115200380.0,0.28916666675,https://accounts.profunds.com/etfdata/ByFund/TQQQ-historical_nav.csv,ProShares official daily NAV file
2010-04-01,115200380.0,0.2896145835,https://accounts.profunds.com/etfdata/ByFund/TQQQ-historical_nav.csv,ProShares official daily NAV file
2010-04-05,115200380.0,0.29779166675,https://accounts.profunds.com/etfdata/ByFund/TQQQ-historical_nav.csv,ProShares official daily NAV file
2010-04-06,115200380.0,0.29966666675,https://accounts.profunds.com/etfdata/ByFund/TQQQ-historical_nav.csv,ProShares official daily NAV file
2010-04-07,115200380.0,0.2975833335,https://accounts.profunds.com/etfdata/ByFund/TQQQ-historical_nav.csv,ProShares official daily NAV file
2010-04-08,115200380.0,0.29909375,https://accounts.profunds.com/etfdata/ByFund/TQQQ-historical_nav.csv,ProShares official daily NAV file
2010-04-09,115200380.0,0.30526041675,https://accounts.profunds.com/etfdata/ByFund/TQQQ-historical_nav.csv,ProShares official daily NAV file
2010-04-12,115200380.0,0.3058333335,https://accounts.profunds.com/etfdata/ByFund/TQQQ-historical_nav.csv,ProShares official daily NAV file
2010-04-13,115200380.0,0.3097708335,https://accounts.profunds.com/etfdata/ByFund/TQQQ-historical_nav.csv,ProShares official daily NAV file
2010-04-14,115200380.0,0.3213333335,https://accounts.profunds.com/etfdata/ByFund/TQQQ-historical_nav.csv,ProShares official daily NAV file
2010-04-15,115200380.0,0.3259375,https://accounts.profunds.com/etfdata/ByFund/TQQQ-historical_nav.csv,ProShares official daily NAV file
2010-04-16,115200380.0,0.313625,https://accounts.profunds.com/etfdata/ByFund/TQQQ-historical_nav.csv,ProShares official daily NAV file
2010-04-19,153600380.0,0.31385416675,https://accounts.profunds.com/etfdata/ByFund/TQQQ-historical_nav.csv,ProShares official daily NAV file
2010-04-20,153600380.0,0.3185208335,https://accounts.profunds.com/etfdata/ByFund/TQQQ-historical_nav.csv,ProShares official daily NAV file
2010-04-21,134400380.0,0.32369791675,https://accounts.profunds.com/etfdata/ByFund/TQQQ-historical_nav.csv,ProShares official daily NAV file
2010-04-22,134400380.0,0.3288020835,https://accounts.profunds.com/etfdata/ByFund/TQQQ-historical_nav.csv,ProShares official daily NAV file
2010-04-23,134400380.0,0.333625,https://accounts.profunds.com/etfdata/ByFund/TQQQ-historical_nav.csv,ProShares official daily NAV file
2010-04-26,134400380.0,0.330625,https://accounts.profunds.com/etfdata/ByFund/TQQQ-historical_nav.csv,ProShares official daily NAV file
2010-04-27,134400380.0,0.3098958335,https://accounts.profunds.com/etfdata/ByFund/TQQQ-historical_nav.csv,ProShares official daily NAV file
2010-04-28,134400380.0,0.3105208335,https://accounts.profunds.com/etfdata/ByFund/TQQQ-historical_nav.csv,ProShares official daily NAV file
2010-04-29,134400380.0,0.326875,https://accounts.profunds.com/etfdata/ByFund/TQQQ-historical_nav.csv,ProShares official daily NAV file
2010-04-30,134400380.0,0.30669791675,https://accounts.profunds.com/etfdata/ByFund/TQQQ-historical_nav.csv,ProShares official daily NAV file
2010-05-03,134400380.0,0.3207083335,https://accounts.profunds.com/etfdata/ByFund/TQQQ-historical_nav.csv,ProShares official daily NAV file
2010-05-04,134400380.0,0.291125,https://accounts.profunds.com/etfdata/ByFund/TQQQ-historical_nav.csv,ProShares official daily NAV file
2010-05-05,134400380.0,0.28654166675,https://accounts.profunds.com/etfdata/ByFund/TQQQ-historical_nav.csv,ProShares official daily NAV file
2010-05-06,134400380.0,0.2581770835,https://accounts.profunds.com/etfdata/ByFund/TQQQ-historical_nav.csv,ProShares official daily NAV file
2010-05-07,134400380.0,0.24,https://accounts.profunds.com/etfdata/ByFund/TQQQ-historical_nav.csv,ProShares official daily NAV file
2010-05-10,134400380.0,0.2763333335,https://accounts.profunds.com/etfdata/ByFund/TQQQ-historical_nav.csv,ProShares official daily NAV file
2010-05-11,134400380.0,0.2753958335,https://accounts.profunds.com/etfdata/ByFund/TQQQ-historical_nav.csv,ProShares official daily NAV file
2010-05-12,134400380.0,0.29041666675,https://accounts.profunds.com/etfdata/ByFund/TQQQ-historical_nav.csv,ProShares official daily NAV file
2010-05-13,134400380.0,0.2770833335,https://accounts.profunds.com/etfdata/ByFund/TQQQ-historical_nav.csv,ProShares official daily NAV file
2010-05-14,134400380.0,0.26072916675,https://accounts.profunds.com/etfdata/ByFund/TQQQ-historical_nav.csv,ProShares official daily NAV file
2010-05-17,153600380.0,0.2641458335,https://accounts.profunds.com/etfdata/ByFund/TQQQ-historical_nav.csv,ProShares official daily NAV file
2010-05-18,153600380.0,0.2525520835,https://accounts.profunds.com/etfdata/ByFund/TQQQ-historical_nav.csv,ProShares official daily NAV file
2010-05-19,153600380.0,0.24703125,https://accounts.profunds.com/etfdata/ByFund/TQQQ-historical_nav.csv,ProShares official daily NAV file
2010-05-20,153600380.0,0.218125,https://accounts.profunds.com/etfdata/ByFund/TQQQ-historical_nav.csv,ProShares official daily NAV file
2010-05-21,153600380.0,0.2263020835,https://accounts.profunds.com/etfdata/ByFund/TQQQ-historical_nav.csv,ProShares official daily NAV file
2010-05-24,192000380.0,0.2234895835,https://accounts.profunds.com/etfdata/ByFund/TQQQ-historical_nav.csv,ProShares official daily NAV file
2010-05-25,192000380.0,0.2236770835,https://accounts.profunds.com/etfdata/ByFund/TQQQ-historical_nav.csv,ProShares official daily NAV file
2010-05-26,192000380.0,0.2167708335,https://accounts.profunds.com/etfdata/ByFund/TQQQ-historical_nav.csv,ProShares official daily NAV file
2010-05-27,192000380.0,0.24078125,https://accounts.profunds.com/etfdata/ByFund/TQQQ-historical_nav.csv,ProShares official daily NAV file
2010-05-28,192000380.0,0.2367708335,https://accounts.profunds.com/etfdata/ByFund/TQQQ-historical_nav.csv,ProShares official daily NAV file
2010-06-01,192000380.0,0.2300520835,https://accounts.profunds.com/etfdata/ByFund/TQQQ-historical_nav.csv,ProShares official daily NAV file
2010-06-02,192000380.0,0.24703125,https://accounts.profunds.com/etfdata/ByFund/TQQQ-historical_nav.csv,ProShares official daily NAV file
2010-06-03,192000380.0,0.2533645835,https://accounts.profunds.com/etfdata/ByFund/TQQQ-historical_nav.csv,ProShares official daily NAV file
2010-06-04,192000380.0,0.2278645835,https://accounts.profunds.com/etfdata/ByFund/TQQQ-historical_nav.csv,ProShares official daily NAV file
2010-06-07,211200380.0,0.2151875,https://accounts.profunds.com/etfdata/ByFund/TQQQ-historical_nav.csv,ProShares official daily NAV file
2010-06-08,211200380.0,0.2142708335,https://accounts.profunds.com/etfdata/ByFund/TQQQ-historical_nav.csv,ProShares official daily NAV file
2010-06-09,211200380.0,0.2083333335,https://accounts.profunds.com/etfdata/ByFund/TQQQ-historical_nav.csv,ProShares official daily NAV file
2010-06-10,211200380.0,0.2263020835,https://accounts.profunds.com/etfdata/ByFund/TQQQ-historical_nav.csv,ProShares official daily NAV file
2010-06-11,211200380.0,0.2325833335,https://accounts.profunds.com/etfdata/ByFund/TQQQ-historical_nav.csv,ProShares official daily NAV file
2010-06-14,230400380.0,0.23201041675,https://accounts.profunds.com/etfdata/ByFund/TQQQ-historical_nav.csv,ProShares official daily NAV file
2010-06-15,230400380.0,0.25154166675,https://accounts.profunds.com/etfdata/ByFund/TQQQ-historical_nav.csv,ProShares official daily NAV file
2010-06-16,230400380.0,0.25463541675,https://accounts.profunds.com/etfdata/ByFund/TQQQ-historical_nav.csv,ProShares official daily NAV file
2010-06-17,230400380.0,0.2568020835,https://accounts.profunds.com/etfdata/ByFund/TQQQ-historical_nav.csv,ProShares official daily NAV file
2010-06-18,230400380.0,0.2578958335,https://accounts.profunds.com/etfdata/ByFund/TQQQ-historical_nav.csv,ProShares official daily NAV file
2010-06-21,249600380.0,0.25076041675,https://accounts.profunds.com/etfdata/ByFund/TQQQ-historical_nav.csv,ProShares official daily NAV file
2010-06-22,249600380.0,0.2446875,https://accounts.profunds.com/etfdata/ByFund/TQQQ-historical_nav.csv,ProShares official daily NAV file
2010-06-23,249600380.0,0.2422708335,https://accounts.profunds.com/etfdata/ByFund/TQQQ-historical_nav.csv,ProShares official daily NAV file
2010-06-24,268800380.0,0.2307083335,https://accounts.profunds.com/etfdata/ByFund/TQQQ-historical_nav.csv,ProShares official daily NAV file
2010-06-25,268800380.0,0.2284895835,https://accounts.profunds.com/etfdata/ByFund/TQQQ-historical_nav.csv,ProShares official daily NAV file
2010-06-28,268800380.0,0.2274270835,https://accounts.profunds.com/etfdata/ByFund/TQQQ-historical_nav.csv,ProShares official daily NAV file
2010-06-29,307200380.0,0.2007083335,https://accounts.profunds.com/etfdata/ByFund/TQQQ-historical_nav.csv,ProShares official daily NAV file
2010-06-30,288000380.0,0.19216666675,https://accounts.profunds.com/etfdata/ByFund/TQQQ-historical_nav.csv,ProShares official daily NAV file
2010-07-01,288000380.0,0.1905520835,https://accounts.profunds.com/etfdata/ByFund/TQQQ-historical_nav.csv,ProShares official daily NAV file
2010-07-02,288000380.0,0.188625,https://accounts.profunds.com/etfdata/ByFund/TQQQ-historical_nav.csv,ProShares official daily NAV file
2010-07-06,307200380.0,0.19065625,https://accounts.profunds.com/etfdata/ByFund/TQQQ-historical_nav.csv,ProShares official daily NAV file
2010-07-07,307200380.0,0.2088020835,https://accounts.profunds.com/etfdata/ByFund/TQQQ-historical_nav.csv,ProShares official daily NAV file
2010-07-08,307200380.0,0.2118020835,https://accounts.profunds.com/etfdata/ByFund/TQQQ-historical_nav.csv,ProShares official daily NAV file
2010-07-09,307200380.0,0.21765625,https://accounts.profunds.com/etfdata/ByFund/TQQQ-historical_nav.csv,ProShares official daily NAV file
2010-07-12,307200380.0,0.2198958335,https://accounts.profunds.com/etfdata/ByFund/TQQQ-historical_nav.csv,ProShares official daily NAV file
2010-07-13,326400380.0,0.22857291675,https://accounts.profunds.com/etfdata/ByFund/TQQQ-historical_nav.csv,ProShares official daily NAV file
2010-07-14,326400380.0,0.23166666675,https://accounts.profunds.com/etfdata/ByFund/TQQQ-historical_nav.csv,ProShares official daily NAV file
2010-07-15,345600380.0,0.2327083335,https://accounts.profunds.com/etfdata/ByFund/TQQQ-historical_nav.csv,ProShares official daily NAV file
2010-07-16,345600380.0,0.21291666675,https://accounts.profunds.com/etfdata/ByFund/TQQQ-historical_nav.csv,ProShares official daily NAV file
2010-07-19,345600380.0,0.21846875,https://accounts.profunds.com/etfdata/ByFund/TQQQ-historical_nav.csv,ProShares official daily NAV file
2010-07-20,345600380.0,0.2261770835,https://accounts.profunds.com/etfdata/ByFund/TQQQ-historical_nav.csv,ProShares official daily NAV file
2010-07-21,345600380.0,0.2175,https://accounts.profunds.com/etfdata/ByFund/TQQQ-historical_nav.csv,ProShares official daily NAV file
2010-07-22,345600380.0,0.2339375,https://accounts.profunds.com/etfdata/ByFund/TQQQ-historical_nav.csv,ProShares official daily NAV file
2010-07-23,345600380.0,0.23857291675,https://accounts.profunds.com/etfdata/ByFund/TQQQ-historical_nav.csv,ProShares official daily NAV file
2010-07-26,345600380.0,0.24425,https://accounts.profunds.com/etfdata/ByFund/TQQQ-historical_nav.csv,ProShares official daily NAV file
2010-07-27,345600380.0,0.243625,https://accounts.profunds.com/etfdata/ByFund/TQQQ-historical_nav.csv,ProShares official daily NAV file
2010-07-28,345600380.0,0.2374270835,https://accounts.profunds.com/etfdata/ByFund/TQQQ-historical_nav.csv,ProShares official daily NAV file
2010-07-29,326400380.0,0.2327083335,https://accounts.profunds.com/etfdata/ByFund/TQQQ-historical_nav.csv,ProShares official daily NAV file
2010-07-30,326400380.0,0.2341458335,https://accounts.profunds.com/etfdata/ByFund/TQQQ-historical_nav.csv,ProShares official daily NAV file
2010-08-02,326400380.0,0.247375,https://accounts.profunds.com/etfdata/ByFund/TQQQ-historical_nav.csv,ProShares official daily NAV file
2010-08-03,326400380.0,0.24453125,https://accounts.profunds.com/etfdata/ByFund/TQQQ-historical_nav.csv,ProShares official daily NAV file
2010-08-04,326400380.0,0.2514375,https://accounts.profunds.com/etfdata/ByFund/TQQQ-historical_nav.csv,ProShares official daily NAV file
2010-08-05,326400380.0,0.2497708335,https://accounts.profunds.com/etfdata/ByFund/TQQQ-historical_nav.csv,ProShares official daily NAV file
2010-08-06,326400380.0,0.24890625,https://accounts.profunds.com/etfdata/ByFund/TQQQ-historical_nav.csv,ProShares official daily NAV file
2010-08-09,326400380.0,0.25372916675,https://accounts.profunds.com/etfdata/ByFund/TQQQ-historical_nav.csv,ProShares official daily NAV file
2010-08-10,326400380.0,0.24744791675,https://accounts.profunds.com/etfdata/ByFund/TQQQ-historical_nav.csv,ProShares official daily NAV file
2010-08-11,326400380.0,0.22640625,https://accounts.profunds.com/etfdata/ByFund/TQQQ-historical_nav.csv,ProShares official daily NAV file
2010-08-12,326400380.0,0.22151041675,https://accounts.profunds.com/etfdata/ByFund/TQQQ-historical_nav.csv,ProShares official daily NAV file
2010-08-13,326400380.0,0.21669791675,https://accounts.profunds.com/etfdata/ByFund/TQQQ-historical_nav.csv,ProShares official daily NAV file
2010-08-16,326400380.0,0.21763541675,https://accounts.profunds.com/etfdata/ByFund/TQQQ-historical_nav.csv,ProShares official daily NAV file
2010-08-17,326400380.0,0.22635416675,https://accounts.profunds.com/etfdata/ByFund/TQQQ-historical_nav.csv,ProShares official daily NAV file
2010-08-18,326400380.0,0.22841666675,https://accounts.profunds.com/etfdata/ByFund/TQQQ-historical_nav.csv,ProShares official daily NAV file
2010-08-19,326400380.0,0.21810416675,https://accounts.profunds.com/etfdata/ByFund/TQQQ-historical_nav.csv,ProShares official daily NAV file
2010-08-20,326400380.0,0.21909375,https://accounts.profunds.com/etfdata/ByFund/TQQQ-historical_nav.csv,ProShares official daily NAV file
2010-08-23,326400380.0,0.21276041675,https://accounts.profunds.com/etfdata/ByFund/TQQQ-historical_nav.csv,ProShares official daily NAV file
2010-08-24,307200380.0,0.20109375,https://accounts.profunds.com/etfdata/ByFund/TQQQ-historical_nav.csv,ProShares official daily NAV file
2010-08-25,307200380.0,0.20654166675,https://accounts.profunds.com/etfdata/ByFund/TQQQ-historical_nav.csv,ProShares official daily NAV file
2010-08-26,307200380.0,0.19901041675,https://accounts.profunds.com/etfdata/ByFund/TQQQ-historical_nav.csv,ProShares official daily NAV file
2010-08-27,307200380.0,0.2066145835,https://accounts.profunds.com/etfdata/ByFund/TQQQ-historical_nav.csv,ProShares official daily NAV file
2010-08-30,307200380.0,0.19984375,https://accounts.profunds.com/etfdata/ByFund/TQQQ-historical_nav.csv,ProShares official daily NAV file
2010-08-31,307200380.0,0.19826041675,https://accounts.profunds.com/etfdata/ByFund/TQQQ-historical_nav.csv,ProShares official daily NAV file
2010-09-01,307200380.0,0.2159375,https://accounts.profunds.com/etfdata/ByFund/TQQQ-historical_nav.csv,ProShares official daily NAV file
2010-09-02,307200380.0,0.22322916675,https://accounts.profunds.com/etfdata/ByFund/TQQQ-historical_nav.csv,ProShares official daily NAV file
2010-09-03,288000380.0,0.23409375,https://accounts.profunds.com/etfdata/ByFund/TQQQ-historical_nav.csv,ProShares official daily NAV file
2010-09-07,288000380.0,0.2289375,https://accounts.profunds.com/etfdata/ByFund/TQQQ-historical_nav.csv,ProShares official daily NAV file
2010-09-08,288000380.0,0.23760416675,https://accounts.profunds.com/etfdata/ByFund/TQQQ-historical_nav.csv,ProShares official daily NAV file
2010-09-09,288000380.0,0.23997916675,https://accounts.profunds.com/etfdata/ByFund/TQQQ-historical_nav.csv,ProShares official daily NAV file
2010-09-10,288000380.0,0.24232291675,https://accounts.profunds.com/etfdata/ByFund/TQQQ-historical_nav.csv,ProShares official daily NAV file
2010-09-13,288000380.0,0.2535208335,https://accounts.profunds.com/etfdata/ByFund/TQQQ-historical_nav.csv,ProShares official daily NAV file
2010-09-14,288000380.0,0.25625,https://accounts.profunds.com/etfdata/ByFund/TQQQ-historical_nav.csv,ProShares official daily NAV file
2010-09-15,288000380.0,0.2606770835,https://accounts.profunds.com/etfdata/ByFund/TQQQ-historical_nav.csv,ProShares official daily NAV file
2010-09-16,288000380.0,0.2640625,https://accounts.profunds.com/etfdata/ByFund/TQQQ-historical_nav.csv,ProShares official daily NAV file
2010-09-17,288000380.0,0.26713541675,https://accounts.profunds.com/etfdata/ByFund/TQQQ-historical_nav.csv,ProShares official daily NAV file
2010-09-20,288000380.0,0.28091666675,https://accounts.profunds.com/etfdata/ByFund/TQQQ-historical_nav.csv,ProShares official daily NAV file
2010-09-21,288000380.0,0.28076041675,https://accounts.profunds.com/etfdata/ByFund/TQQQ-historical_nav.csv,ProShares official daily NAV file
2010-09-22,288000380.0,0.27810416675,https://accounts.profunds.com/etfdata/ByFund/TQQQ-historical_nav.csv,ProShares official daily NAV file
2010-09-23,288000380.0,0.27784375,https://accounts.profunds.com/etfdata/ByFund/TQQQ-historical_nav.csv,ProShares official daily NAV file
2010-09-24,288000380.0,0.29534375,https://accounts.profunds.com/etfdata/ByFund/TQQQ-historical_nav.csv,ProShares official daily NAV file
2010-09-27,288000380.0,0.2897708335,https://accounts.profunds.com/etfdata/ByFund/TQQQ-historical_nav.csv,ProShares official daily NAV file
2010-09-28,288000380.0,0.2903125,https://accounts.profunds.com/etfdata/ByFund/TQQQ-historical_nav.csv,ProShares official daily NAV file
2010-09-29,288000380.0,0.2888020835,https://accounts.profunds.com/etfdata/ByFund/TQQQ-historical_nav.csv,ProShares official daily NAV file
2010-09-30,288000380.0,0.2841458335,https://accounts.profunds.com/etfdata/ByFund/TQQQ-historical_nav.csv,ProShares official daily NAV file
2010-10-01,288000380.0,0.28346875,https://accounts.profunds.com/etfdata/ByFund/TQQQ-historical_nav.csv,ProShares official daily NAV file
2010-10-04,288000380.0,0.2744583335,https://accounts.profunds.com/etfdata/ByFund/TQQQ-historical_nav.csv,ProShares official daily NAV file
2010-10-05,288000380.0,0.29494791675,https://accounts.profunds.com/etfdata/ByFund/TQQQ-historical_nav.csv,ProShares official daily NAV file
2010-10-06,288000380.0,0.2870625,https://accounts.profunds.com/etfdata/ByFund/TQQQ-historical_nav.csv,ProShares official daily NAV file
2010-10-07,288000380.0,0.2892708335,https://accounts.profunds.com/etfdata/ByFund/TQQQ-historical_nav.csv,ProShares official daily NAV file
2010-10-08,288000380.0,0.2958645835,https://accounts.profunds.com/etfdata/ByFund/TQQQ-historical_nav.csv,ProShares official daily NAV file
2010-10-11,288000380.0,0.2958645835,https://accounts.profunds.com/etfdata/ByFund/TQQQ-historical_nav.csv,ProShares official daily NAV file
2010-10-12,288000380.0,0.3022395835,https://accounts.profunds.com/etfdata/ByFund/TQQQ-historical_nav.csv,ProShares official daily NAV file
2010-10-13,288000380.0,0.30921875,https://accounts.profunds.com/etfdata/ByFund/TQQQ-historical_nav.csv,ProShares official daily NAV file
2010-10-14,288000380.0,0.30791666675,https://accounts.profunds.com/etfdata/ByFund/TQQQ-historical_nav.csv,ProShares official daily NAV file
2010-10-15,268800380.0,0.327375,https://accounts.profunds.com/etfdata/ByFund/TQQQ-historical_nav.csv,ProShares official daily NAV file
2010-10-18,268800380.0,0.3303645835,https://accounts.profunds.com/etfdata/ByFund/TQQQ-historical_nav.csv,ProShares official daily NAV file
2010-10-19,268800380.0,0.31416666675,https://accounts.profunds.com/etfdata/ByFund/TQQQ-historical_nav.csv,ProShares official daily NAV file
2010-10-20,268800380.0,0.32140625,https://accounts.profunds.com/etfdata/ByFund/TQQQ-historical_nav.csv,ProShares official daily NAV file
2010-10-21,268800380.0,0.32341666675,https://accounts.profunds.com/etfdata/ByFund/TQQQ-historical_nav.csv,ProShares official daily NAV file
2010-10-22,288000380.0,0.32994791675,https://accounts.profunds.com/etfdata/ByFund/TQQQ-historical_nav.csv,ProShares official daily NAV file
2010-10-25,288000380.0,0.33432291675,https://accounts.profunds.com/etfdata/ByFund/TQQQ-historical_nav.csv,ProShares official daily NAV file
2010-10-26,288000380.0,0.3369270835,https://accounts.profunds.com/etfdata/ByFund/TQQQ-historical_nav.csv,ProShares official daily NAV file
2010-10-27,288000380.0,0.3402083335,https://accounts.profunds.com/etfdata/ByFund/TQQQ-historical_nav.csv,ProShares official daily NAV file
2010-10-28,288000380.0,0.3420625,https://accounts.profunds.com/etfdata/ByFund/TQQQ-historical_nav.csv,ProShares official daily NAV file
2010-10-29,288000380.0,0.33951041675,https://accounts.profunds.com/etfdata/ByFund/TQQQ-historical_nav.csv,ProShares official daily NAV file
2010-11-01,288000380.0,0.34138541675,https://accounts.profunds.com/etfdata/ByFund/TQQQ-historical_nav.csv,ProShares official daily NAV file
2010-11-02,268800380.0,0.35253125,https://accounts.profunds.com/etfdata/ByFund/TQQQ-historical_nav.csv,ProShares official daily NAV file
2010-11-03,268800380.0,0.35596875,https://accounts.profunds.com/etfdata/ByFund/TQQQ-historical_nav.csv,ProShares official daily NAV file
2010-11-04,288000380.0,0.37044791675,https://accounts.profunds.com/etfdata/ByFund/TQQQ-historical_nav.csv,ProShares official daily NAV file
2010-11-05,288000380.0,0.3698958335,https://accounts.profunds.com/etfdata/ByFund/TQQQ-historical_nav.csv,ProShares official daily NAV file
2010-11-08,307200380.0,0.371125,https://accounts.profunds.com/etfdata/ByFund/TQQQ-historical_nav.csv,ProShares official daily NAV file
2010-11-09,307200380.0,0.3650520835,https://accounts.profunds.com/etfdata/ByFund/TQQQ-historical_nav.csv,ProShares official daily NAV file
2010-11-10,307200380.0,0.3705520835,https://accounts.profunds.com/etfdata/ByFund/TQQQ-historical_nav.csv,ProShares official daily NAV file
2010-11-11,307200380.0,0.36315625,https://accounts.profunds.com/etfdata/ByFund/TQQQ-historical_nav.csv,ProShares official daily NAV file
2010-11-12,307200380.0,0.34546875,https://accounts.profunds.com/etfdata/ByFund/TQQQ-historical_nav.csv,ProShares official daily NAV file
2010-11-15,307200380.0,0.3422708335,https://accounts.profunds.com/etfdata/ByFund/TQQQ-historical_nav.csv,ProShares official daily NAV file
2010-11-16,307200380.0,0.3244270835,https://accounts.profunds.com/etfdata/ByFund/TQQQ-historical_nav.csv,ProShares official daily NAV file
2010-11-17,307200380.0,0.32753125,https://accounts.profunds.com/etfdata/ByFund/TQQQ-historical_nav.csv,ProShares official daily NAV file
2010-11-18,307200380.0,0.34375,https://accounts.profunds.com/etfdata/ByFund/TQQQ-historical_nav.csv,ProShares official daily NAV file
2010-11-19,307200380.0,0.3445625,https://accounts.profunds.com/etfdata/ByFund/TQQQ-historical_nav.csv,ProShares official daily NAV file
2010-11-22,326400380.0,0.3523958335,https://accounts.profunds.com/etfdata/ByFund/TQQQ-historical_nav.csv,ProShares official daily NAV file
2010-11-23,345600380.0,0.3355520835,https://accounts.profunds.com/etfdata/ByFund/TQQQ-historical_nav.csv,ProShares official daily NAV file
2010-11-24,345600380.0,0.35638541675,https://accounts.profunds.com/etfdata/ByFund/TQQQ-historical_nav.csv,ProShares official daily NAV file
2010-11-26,345600380.0,0.35310416675,https://accounts.profunds.com/etfdata/ByFund/TQQQ-historical_nav.csv,ProShares official daily NAV file
2010-11-29,345600380.0,0.3484895835,https://accounts.profunds.com/etfdata/ByFund/TQQQ-historical_nav.csv,ProShares official daily NAV file
2010-11-30,345600380.0,0.3352083335,https://accounts.profunds.com/etfdata/ByFund/TQQQ-historical_nav.csv,ProShares official daily NAV file
2010-12-01,345600380.0,0.3569270835,https://accounts.profunds.com/etfdata/ByFund/TQQQ-historical_nav.csv,ProShares official daily NAV file
2010-12-02,345600380.0,0.3680520835,https://accounts.profunds.com/etfdata/ByFund/TQQQ-historical_nav.csv,ProShares official daily NAV file
2010-12-03,345600380.0,0.3710208335,https://accounts.profunds.com/etfdata/ByFund/TQQQ-historical_nav.csv,ProShares official daily NAV file
2010-12-06,345600380.0,0.37029166675,https://accounts.profunds.com/etfdata/ByFund/TQQQ-historical_nav.csv,ProShares official daily NAV file
2010-12-07,345600380.0,0.3700520835,https://accounts.profunds.com/etfdata/ByFund/TQQQ-historical_nav.csv,ProShares official daily NAV file
2010-12-08,345600380.0,0.37578125,https://accounts.profunds.com/etfdata/ByFund/TQQQ-historical_nav.csv,ProShares official daily NAV file
2010-12-09,345600380.0,0.3763333335,https://accounts.profunds.com/etfdata/ByFund/TQQQ-historical_nav.csv,ProShares official daily NAV file
2010-12-10,345600380.0,0.38338541675,https://accounts.profunds.com/etfdata/ByFund/TQQQ-historical_nav.csv,ProShares official daily NAV file
2010-12-13,345600380.0,0.37925,https://accounts.profunds.com/etfdata/ByFund/TQQQ-historical_nav.csv,ProShares official daily NAV file
2010-12-14,345600380.0,0.38185416675,https://accounts.profunds.com/etfdata/ByFund/TQQQ-historical_nav.csv,ProShares official daily NAV file
2010-12-15,345600380.0,0.37666666675,https://accounts.profunds.com/etfdata/ByFund/TQQQ-historical_nav.csv,ProShares official daily NAV file
2010-12-16,345600380.0,0.38466666675,https://accounts.profunds.com/etfdata/ByFund/TQQQ-historical_nav.csv,ProShares official daily NAV file
2010-12-17,326400380.0,0.38484375,https://accounts.profunds.com/etfdata/ByFund/TQQQ-historical_nav.csv,ProShares official daily NAV file
2010-12-20,326400380.0,0.3871875,https://accounts.profunds.com/etfdata/ByFund/TQQQ-historical_nav.csv,ProShares official daily NAV file
2010-12-21,326400380.0,0.39322916675,https://accounts.profunds.com/etfdata/ByFund/TQQQ-historical_nav.csv,ProShares official daily NAV file
2010-12-22,326400380.0,0.39388541675,https://accounts.profunds.com/etfdata/ByFund/TQQQ-historical_nav.csv,ProShares official daily NAV file
2010-12-23,326400380.0,0.39088541675,https://accounts.profunds.com/etfdata/ByFund/TQQQ-historical_nav.csv,ProShares official daily NAV file
2010-12-27,326400380.0,0.39065625,https://accounts.profunds.com/etfdata/ByFund/TQQQ-historical_nav.csv,ProShares official daily NAV file
2010-12-28,326400380.0,0.38935416675,https://accounts.profunds.com/etfdata/ByFund/TQQQ-historical_nav.csv,ProShares official daily NAV file
2010-12-29,326400380.0,0.39154166675,https://accounts.profunds.com/etfdata/ByFund/TQQQ-historical_nav.csv,ProShares official daily NAV file
2010-12-30,326400380.0,0.38841666675,https://accounts.profunds.com/etfdata/ByFund/TQQQ-historical_nav.csv,ProShares official daily NAV file
2010-12-31,326400380.0,0.3842708335,https://accounts.profunds.com/etfdata/ByFund/TQQQ-historical_nav.csv,ProShares official daily NAV file
2011-01-03,326400380.0,0.4031770835,https://accounts.profunds.com/etfdata/ByFund/TQQQ-historical_nav.csv,ProShares official daily NAV file
2011-01-04,326400380.0,0.40169791675,https://accounts.profunds.com/etfdata/ByFund/TQQQ-historical_nav.csv,ProShares official daily NAV file
2011-01-05,326400380.0,0.4118020835,https://accounts.profunds.com/etfdata/ByFund/TQQQ-historical_nav.csv,ProShares official daily NAV file
2011-01-06,326400380.0,0.4156770835,https://accounts.profunds.com/etfdata/ByFund/TQQQ-historical_nav.csv,ProShares official daily NAV file
2011-01-07,326400380.0,0.41515625,https://accounts.profunds.com/etfdata/ByFund/TQQQ-historical_nav.csv,ProShares official daily NAV file
2011-01-10,326400380.0,0.419375,https://accounts.profunds.com/etfdata/ByFund/TQQQ-historical_nav.csv,ProShares official daily NAV file
2011-01-11,326400380.0,0.42169791675,https://accounts.profunds.com/etfdata/ByFund/TQQQ-historical_nav.csv,ProShares official daily NAV file
2011-01-12,326400380.0,0.43057291675,https://accounts.profunds.com/etfdata/ByFund/TQQQ-historical_nav.csv,ProShares official daily NAV file
2011-01-13,326400380.0,0.43096875,https://accounts.profunds.com/etfdata/ByFund/TQQQ-historical_nav.csv,ProShares official daily NAV file
2011-01-14,326400380.0,0.4409895835,https://accounts.profunds.com/etfdata/ByFund/TQQQ-historical_nav.csv,ProShares official daily NAV file
2011-01-18,326400380.0,0.44404166675,https://accounts.profunds.com/etfdata/ByFund/TQQQ-historical_nav.csv,ProShares official daily NAV file
2011-01-19,326400380.0,0.4294270835,https://accounts.profunds.com/etfdata/ByFund/TQQQ-historical_nav.csv,ProShares official daily NAV file
2011-01-20,326400380.0,0.41979166675,https://accounts.profunds.com/etfdata/ByFund/TQQQ-historical_nav.csv,ProShares official daily NAV file
2011-01-21,326400380.0,0.40997916675,https://accounts.profunds.com/etfdata/ByFund/TQQQ-historical_nav.csv,ProShares official daily NAV file
2011-01-24,345600380.0,0.42729166675,https://accounts.profunds.com/etfdata/ByFund/TQQQ-historical_nav.csv,ProShares official daily NAV file
2011-01-25,345600380.0,0.4292708335,https://accounts.profunds.com/etfdata/ByFund/TQQQ-historical_nav.csv,ProShares official daily NAV file
2011-01-26,345600380.0,0.435,https://accounts.profunds.com/etfdata/ByFund/TQQQ-historical_nav.csv,ProShares official daily NAV file
2011-01-27,326400380.0,0.44388541675,https://accounts.profunds.com/etfdata/ByFund/TQQQ-historical_nav.csv,ProShares official daily NAV file
2011-01-28,326400380.0,0.4098958335,https://accounts.profunds.com/etfdata/ByFund/TQQQ-historical_nav.csv,ProShares official daily NAV file
2011-01-31,326400380.0,0.41604166675,https://accounts.profunds.com/etfdata/ByFund/TQQQ-historical_nav.csv,ProShares official daily NAV file
2011-02-01,326400380.0,0.43953125,https://accounts.profunds.com/etfdata/ByFund/TQQQ-historical_nav.csv,ProShares official daily NAV file
2011-02-02,326400380.0,0.43729166675,https://accounts.profunds.com/etfdata/ByFund/TQQQ-historical_nav.csv,ProShares official daily NAV file
2011-02-03,326400380.0,0.4386458335,https://accounts.profunds.com/etfdata/ByFund/TQQQ-historical_nav.csv,ProShares official daily NAV file
2011-02-04,326400380.0,0.44716666675,https://accounts.profunds.com/etfdata/ByFund/TQQQ-historical_nav.csv,ProShares official daily NAV file
2011-02-07,326400380.0,0.45354166675,https://accounts.profunds.com/etfdata/ByFund/TQQQ-historical_nav.csv,ProShares official daily NAV file
2011-02-08,326400380.0,0.46201041675,https://accounts.profunds.com/etfdata/ByFund/TQQQ-historical_nav.csv,ProShares official daily NAV file
2011-02-09,326400380.0,0.4603125,https://accounts.profunds.com/etfdata/ByFund/TQQQ-historical_nav.csv,ProShares official daily NAV file
2011-02-10,326400380.0,0.4624270835,https://accounts.profunds.com/etfdata/ByFund/TQQQ-historical_nav.csv,ProShares official daily NAV file
2011-02-11,326400380.0,0.47119791675,https://accounts.profunds.com/etfdata/ByFund/TQQQ-historical_nav.csv,ProShares official daily NAV file
2011-02-14,326400380.0,0.47494791675,https://accounts.profunds.com/etfdata/ByFund/TQQQ-historical_nav.csv,ProShares official daily NAV file
2011-02-15,326400380.0,0.47310416675,https://accounts.profunds.com/etfdata/ByFund/TQQQ-historical_nav.csv,ProShares official daily NAV file
2011-02-16,326400380.0,0.48260416675,https://accounts.profunds.com/etfdata/ByFund/TQQQ-historical_nav.csv,ProShares official daily NAV file
2011-02-17,326400380.0,0.48247916675,https://accounts.profunds.com/etfdata/ByFund/TQQQ-historical_nav.csv,ProShares official daily NAV file
2011-02-18,326400380.0,0.47940625,https://accounts.profunds.com/etfdata/ByFund/TQQQ-historical_nav.csv,ProShares official daily NAV file
2011-02-22,326400380.0,0.4375,https://accounts.profunds.com/etfdata/ByFund/TQQQ-historical_nav.csv,ProShares official daily NAV file
2011-02-23,326400380.0,0.42541666675,https://accounts.profunds.com/etfdata/ByFund/TQQQ-historical_nav.csv,ProShares official daily NAV file
2011-02-24,326400000.0,0.4321875,https://accounts.profunds.com/etfdata/ByFund/TQQQ-historical_nav.csv,ProShares official daily NAV file
2011-02-25,326400000.0,0.4506770835,https://accounts.profunds.com/etfdata/ByFund/TQQQ-historical_nav.csv,ProShares official daily NAV file
2011-02-28,326400000.0,0.45338541675,https://accounts.profunds.com/etfdata/ByFund/TQQQ-historical_nav.csv,ProShares official daily NAV file
2011-03-01,336000000.0,0.43265625,https://accounts.profunds.com/etfdata/ByFund/TQQQ-historical_nav.csv,ProShares official daily NAV file
2011-03-02,336000000.0,0.4391145835,https://accounts.profunds.com/etfdata/ByFund/TQQQ-historical_nav.csv,ProShares official daily NAV file
2011-03-03,336000000.0,0.4645833335,https://accounts.profunds.com/etfdata/ByFund/TQQQ-historical_nav.csv,ProShares official daily NAV file
2011-03-04,336000000.0,0.45760416675,https://accounts.profunds.com/etfdata/ByFund/TQQQ-historical_nav.csv,ProShares official daily NAV file
2011-03-07,336000000.0,0.43901041675,https://accounts.profunds.com/etfdata/ByFund/TQQQ-historical_nav.csv,ProShares official daily NAV file
2011-03-08,355200000.0,0.44432291675,https://accounts.profunds.com/etfdata/ByFund/TQQQ-historical_nav.csv,ProShares official daily NAV file
2011-03-09,364800000.0,0.43588541675,https://accounts.profunds.com/etfdata/ByFund/TQQQ-historical_nav.csv,ProShares official daily NAV file
2011-03-10,336000000.0,0.4142708335,https://accounts.profunds.com/etfdata/ByFund/TQQQ-historical_nav.csv,ProShares official daily NAV file
2011-03-11,336000000.0,0.4223958335,https://accounts.profunds.com/etfdata/ByFund/TQQQ-historical_nav.csv,ProShares official daily NAV file
2011-03-14,336000000.0,0.4178125,https://accounts.profunds.com/etfdata/ByFund/TQQQ-historical_nav.csv,ProShares official daily NAV file
2011-03-15,336000000.0,0.40078125,https://accounts.profunds.com/etfdata/ByFund/TQQQ-historical_nav.csv,ProShares official daily NAV file
2011-03-16,374400000.0,0.370625,https://accounts.profunds.com/etfdata/ByFund/TQQQ-historical_nav.csv,ProShares official daily NAV file
2011-03-17,374400000.0,0.38182291675,https://accounts.profunds.com/etfdata/ByFund/TQQQ-historical_nav.csv,ProShares official daily NAV file
2011-03-18,393600000.0,0.3796875,https://accounts.profunds.com/etfdata/ByFund/TQQQ-historical_nav.csv,ProShares official daily NAV file
2011-03-21,393600000.0,0.4009895835,https://accounts.profunds.com/etfdata/ByFund/TQQQ-historical_nav.csv,ProShares official daily NAV file
2011-03-22,393600000.0,0.39854166675,https://accounts.profunds.com/etfdata/ByFund/TQQQ-historical_nav.csv,ProShares official daily NAV file
2011-03-23,403200000.0,0.40515625,https://accounts.profunds.com/etfdata/ByFund/TQQQ-historical_nav.csv,ProShares official daily NAV file
2011-03-24,403200000.0,0.4273958335,https://accounts.profunds.com/etfdata/ByFund/TQQQ-historical_nav.csv,ProShares official daily NAV file
2011-03-25,403200000.0,0.4297395835,https://accounts.profunds.com/etfdata/ByFund/TQQQ-historical_nav.csv,ProShares official daily NAV file
2011-03-28,460800000.0,0.42234375,https://accounts.profunds.com/etfdata/ByFund/TQQQ-historical_nav.csv,ProShares official daily NAV file
2011-03-29,460800000.0,0.4346875,https://accounts.profunds.com/etfdata/ByFund/TQQQ-historical_nav.csv,ProShares official daily NAV file
2011-03-30,460800000.0,0.44088541675,https://accounts.profunds.com/etfdata/ByFund/TQQQ-historical_nav.csv,ProShares official daily NAV file
2011-03-31,460800000.0,0.44234375,https://accounts.profunds.com/etfdata/ByFund/TQQQ-historical_nav.csv,ProShares official daily NAV file
2011-04-01,460800000.0,0.4444270835,https://accounts.profunds.com/etfdata/ByFund/TQQQ-historical_nav.csv,ProShares official daily NAV file
2011-04-04,460800000.0,0.4397395835,https://accounts.profunds.com/etfdata/ByFund/TQQQ-historical_nav.csv,ProShares official daily NAV file
2011-04-05,460800000.0,0.43588541675,https://accounts.profunds.com/etfdata/ByFund/TQQQ-historical_nav.csv,ProShares official daily NAV file
2011-04-06,460800000.0,0.43838541675,https://accounts.profunds.com/etfdata/ByFund/TQQQ-historical_nav.csv,ProShares official daily NAV file
2011-04-07,460800000.0,0.4386458335,https://accounts.profunds.com/etfdata/ByFund/TQQQ-historical_nav.csv,ProShares official daily NAV file
2011-04-08,460800000.0,0.43203125,https://accounts.profunds.com/etfdata/ByFund/TQQQ-historical_nav.csv,ProShares official daily NAV file
2011-04-11,460800000.0,0.4283333335,https://accounts.profunds.com/etfdata/ByFund/TQQQ-historical_nav.csv,ProShares official daily NAV file
2011-04-12,460800000.0,0.41932291675,https://accounts.profunds.com/etfdata/ByFund/TQQQ-historical_nav.csv,ProShares official daily NAV file
2011-04-13,460800000.0,0.42932291675,https://accounts.profunds.com/etfdata/ByFund/TQQQ-historical_nav.csv,ProShares official daily NAV file
2011-04-14,460800000.0,0.42640625,https://accounts.profunds.com/etfdata/ByFund/TQQQ-historical_nav.csv,ProShares official daily NAV file
2011-04-15,460800000.0,0.42432291675,https://accounts.profunds.com/etfdata/ByFund/TQQQ-historical_nav.csv,ProShares official daily NAV file
2011-04-18,451200000.0,0.41588541675,https://accounts.profunds.com/etfdata/ByFund/TQQQ-historical_nav.csv,ProShares official daily NAV file
2011-04-19,441600000.0,0.42369791675,https://accounts.profunds.com/etfdata/ByFund/TQQQ-historical_nav.csv,ProShares official daily NAV file
2011-04-20,451200000.0,0.45182291675,https://accounts.profunds.com/etfdata/ByFund/TQQQ-historical_nav.csv,ProShares official daily NAV file
2011-04-21,451200000.0,0.4630208335,https://accounts.profunds.com/etfdata/ByFund/TQQQ-historical_nav.csv,ProShares official daily NAV file
2011-04-25,345600000.0,0.46666666675,https://accounts.profunds.com/etfdata/ByFund/TQQQ-historical_nav.csv,ProShares official daily NAV file
2011-04-26,345600000.0,0.4739583335,https://accounts.profunds.com/etfdata/ByFund/TQQQ-historical_nav.csv,ProShares official daily NAV file
2011-04-27,345600000.0,0.4842708335,https://accounts.profunds.com/etfdata/ByFund/TQQQ-historical_nav.csv,ProShares official daily NAV file
2011-04-28,345600000.0,0.4821875,https://accounts.profunds.com/etfdata/ByFund/TQQQ-historical_nav.csv,ProShares official daily NAV file
2011-04-29,326400000.0,0.47890625,https://accounts.profunds.com/etfdata/ByFund/TQQQ-historical_nav.csv,ProShares official daily NAV file
2011-05-02,326400000.0,0.47869791675,https://accounts.profunds.com/etfdata/ByFund/TQQQ-historical_nav.csv,ProShares official daily NAV file
2011-05-03,326400000.0,0.471875,https://accounts.profunds.com/etfdata/ByFund/TQQQ-historical_nav.csv,ProShares official daily NAV file
2011-05-04,326400000.0,0.46921875,https://accounts.profunds.com/etfdata/ByFund/TQQQ-historical_nav.csv,ProShares official daily NAV file
2011-05-05,316800000.0,0.4619270835,https://accounts.profunds.com/etfdata/ByFund/TQQQ-historical_nav.csv,ProShares official daily NAV file
2011-05-06,316800000.0,0.4665625,https://accounts.profunds.com/etfdata/ByFund/TQQQ-historical_nav.csv,ProShares official daily NAV file
2011-05-09,316800000.0,0.4711458335,https://accounts.profunds.com/etfdata/ByFund/TQQQ-historical_nav.csv,ProShares official daily NAV file
2011-05-10,307200000.0,0.48322916675,https://accounts.profunds.com/etfdata/ByFund/TQQQ-historical_nav.csv,ProShares official daily NAV file
2011-05-11,307200000.0,0.47229166675,https://accounts.profunds.com/etfdata/ByFund/TQQQ-historical_nav.csv,ProShares official daily NAV file
2011-05-12,307200000.0,0.4809895835,https://accounts.profunds.com/etfdata/ByFund/TQQQ-historical_nav.csv,ProShares official daily NAV file
2011-05-13,307200000.0,0.46385416675,https://accounts.profunds.com/etfdata/ByFund/TQQQ-historical_nav.csv,ProShares official daily NAV file
2011-05-16,307200000.0,0.4395833335,https://accounts.profunds.com/etfdata/ByFund/TQQQ-historical_nav.csv,ProShares official daily NAV file
2011-05-17,297600000.0,0.4434895835,https://accounts.profunds.com/etfdata/ByFund/TQQQ-historical_nav.csv,ProShares official daily NAV file
2011-05-18,297600000.0,0.45453125,https://accounts.profunds.com/etfdata/ByFund/TQQQ-historical_nav.csv,ProShares official daily NAV file
2011-05-19,297600000.0,0.45854166675,https://accounts.profunds.com/etfdata/ByFund/TQQQ-historical_nav.csv,ProShares official daily NAV file
2011-05-20,297600000.0,0.44791666675,https://accounts.profunds.com/etfdata/ByFund/TQQQ-historical_nav.csv,ProShares official daily NAV file
2011-05-23,297600000.0,0.4281770835,https://accounts.profunds.com/etfdata/ByFund/TQQQ-historical_nav.csv,ProShares official daily NAV file
2011-05-24,288000000.0,0.42072916675,https://accounts.profunds.com/etfdata/ByFund/TQQQ-historical_nav.csv,ProShares official daily NAV file
2011-05-25,288000000.0,0.4250520835,https://accounts.profunds.com/etfdata/ByFund/TQQQ-historical_nav.csv,ProShares official daily NAV file
2011-05-26,288000000.0,0.43328125,https://accounts.profunds.com/etfdata/ByFund/TQQQ-historical_nav.csv,ProShares official daily NAV file
2011-05-27,288000000.0,0.4390625,https://accounts.profunds.com/etfdata/ByFund/TQQQ-historical_nav.csv,ProShares official daily NAV file
2011-05-31,288000000.0,0.45953125,https://accounts.profunds.com/etfdata/ByFund/TQQQ-historical_nav.csv,ProShares official daily NAV file
2011-06-01,278400000.0,0.4308333335,https://accounts.profunds.com/etfdata/ByFund/TQQQ-historical_nav.csv,ProShares official daily NAV file
2011-06-02,278400000.0,0.4331770835,https://accounts.profunds.com/etfdata/ByFund/TQQQ-historical_nav.csv,ProShares official daily NAV file
2011-06-03,278400000.0,0.4139583335,https://accounts.profunds.com/etfdata/ByFund/TQQQ-historical_nav.csv,ProShares official daily NAV file
2011-06-06,278400000.0,0.40421875,https://accounts.profunds.com/etfdata/ByFund/TQQQ-historical_nav.csv,ProShares official daily NAV file
2011-06-07,288000000.0,0.4013020835,https://accounts.profunds.com/etfdata/ByFund/TQQQ-historical_nav.csv,ProShares official daily NAV file
2011-06-08,288000000.0,0.3928125,https://accounts.profunds.com/etfdata/ByFund/TQQQ-historical_nav.csv,ProShares official daily NAV file
2011-06-09,288000000.0,0.39479166675,https://accounts.profunds.com/etfdata/ByFund/TQQQ-historical_nav.csv,ProShares official daily NAV file
2011-06-10,288000000.0,0.37609375,https://accounts.profunds.com/etfdata/ByFund/TQQQ-historical_nav.csv,ProShares official daily NAV file
2011-06-13,288000000.0,0.37671875,https://accounts.profunds.com/etfdata/ByFund/TQQQ-historical_nav.csv,ProShares official daily NAV file
2011-06-14,297600000.0,0.3909895835,https://accounts.profunds.com/etfdata/ByFund/TQQQ-historical_nav.csv,ProShares official daily NAV file
2011-06-15,297600000.0,0.3694270835,https://accounts.profunds.com/etfdata/ByFund/TQQQ-historical_nav.csv,ProShares official daily NAV file
2011-06-16,297600000.0,0.36484375,https://accounts.profunds.com/etfdata/ByFund/TQQQ-historical_nav.csv,ProShares official daily NAV file
2011-06-17,307200000.0,0.36135416675,https://accounts.profunds.com/etfdata/ByFund/TQQQ-historical_nav.csv,ProShares official daily NAV file
2011-06-20,307200000.0,0.36697916675,https://accounts.profunds.com/etfdata/ByFund/TQQQ-historical_nav.csv,ProShares official daily NAV file
2011-06-21,307200000.0,0.3906770835,https://accounts.profunds.com/etfdata/ByFund/TQQQ-historical_nav.csv,ProShares official daily NAV file
2011-06-22,316800000.0,0.38234375,https://accounts.profunds.com/etfdata/ByFund/TQQQ-historical_nav.csv,ProShares official daily NAV file
2011-06-23,316800000.0,0.39229166675,https://accounts.profunds.com/etfdata/ByFund/TQQQ-historical_nav.csv,ProShares official daily NAV file
2011-06-24,316800000.0,0.37234375,https://accounts.profunds.com/etfdata/ByFund/TQQQ-historical_nav.csv,ProShares official daily NAV file
2011-06-27,336000000.0,0.3900520835,https://accounts.profunds.com/etfdata/ByFund/TQQQ-historical_nav.csv,ProShares official daily NAV file
2011-06-28,336000000.0,0.40744791675,https://accounts.profunds.com/etfdata/ByFund/TQQQ-historical_nav.csv,ProShares official daily NAV file
2011-06-29,336000000.0,0.41213541675,https://accounts.profunds.com/etfdata/ByFund/TQQQ-historical_nav.csv,ProShares official daily NAV file
2011-06-30,336000000.0,0.42854166675,https://accounts.profunds.com/etfdata/ByFund/TQQQ-historical_nav.csv,ProShares official daily NAV file
2011-07-01,336000000.0,0.44875,https://accounts.profunds.com/etfdata/ByFund/TQQQ-historical_nav.csv,ProShares official daily NAV file
2011-07-05,336000000.0,0.45447916675,https://accounts.profunds.com/etfdata/ByFund/TQQQ-historical_nav.csv,ProShares official daily NAV file
2011-07-06,336000000.0,0.45875,https://accounts.profunds.com/etfdata/ByFund/TQQQ-historical_nav.csv,ProShares official daily NAV file
2011-07-07,336000000.0,0.47854166675,https://accounts.profunds.com/etfdata/ByFund/TQQQ-historical_nav.csv,ProShares official daily NAV file
2011-07-08,336000000.0,0.474375,https://accounts.profunds.com/etfdata/ByFund/TQQQ-historical_nav.csv,ProShares official daily NAV file
2011-07-11,336000000.0,0.44854166675,https://accounts.profunds.com/etfdata/ByFund/TQQQ-historical_nav.csv,ProShares official daily NAV file
2011-07-12,336000000.0,0.438125,https://accounts.profunds.com/etfdata/ByFund/TQQQ-historical_nav.csv,ProShares official daily NAV file
2011-07-13,316800000.0,0.44296875,https://accounts.profunds.com/etfdata/ByFund/TQQQ-historical_nav.csv,ProShares official daily NAV file
2011-07-14,316800000.0,0.4275,https://accounts.profunds.com/etfdata/ByFund/TQQQ-historical_nav.csv,ProShares official daily NAV file
2011-07-15,316800000.0,0.44494791675,https://accounts.profunds.com/etfdata/ByFund/TQQQ-historical_nav.csv,ProShares official daily NAV file
2011-07-18,316800000.0,0.43776041675,https://accounts.profunds.com/etfdata/ByFund/TQQQ-historical_nav.csv,ProShares official daily NAV file
2011-07-19,316800000.0,0.46807291675,https://accounts.profunds.com/etfdata/ByFund/TQQQ-historical_nav.csv,ProShares official daily NAV file
2011-07-20,316800000.0,0.4619270835,https://accounts.profunds.com/etfdata/ByFund/TQQQ-historical_nav.csv,ProShares official daily NAV file
2011-07-21,316800000.0,0.47151041675,https://accounts.profunds.com/etfdata/ByFund/TQQQ-historical_nav.csv,ProShares official daily NAV file
2011-07-22,297600000.0,0.48635416675,https://accounts.profunds.com/etfdata/ByFund/TQQQ-historical_nav.csv,ProShares official daily NAV file
2011-07-25,297600000.0,0.48307291675,https://accounts.profunds.com/etfdata/ByFund/TQQQ-historical_nav.csv,ProShares official daily NAV file
2011-07-26,297600000.0,0.48625,https://accounts.profunds.com/etfdata/ByFund/TQQQ-historical_nav.csv,ProShares official daily NAV file
2011-07-27,297600000.0,0.44885416675,https://accounts.profunds.com/etfdata/ByFund/TQQQ-historical_nav.csv,ProShares official daily NAV file
2011-07-28,297600000.0,0.45151041675,https://accounts.profunds.com/etfdata/ByFund/TQQQ-historical_nav.csv,ProShares official daily NAV file
2011-07-29,297600000.0,0.44635416675,https://accounts.profunds.com/etfdata/ByFund/TQQQ-historical_nav.csv,ProShares official daily NAV file
2011-08-01,316800000.0,0.44135416675,https://accounts.profunds.com/etfdata/ByFund/TQQQ-historical_nav.csv,ProShares official daily NAV file
2011-08-02,336000000.0,0.4069270835,https://accounts.profunds.com/etfdata/ByFund/TQQQ-historical_nav.csv,ProShares official daily NAV file
2011-08-03,336000000.0,0.418125,https://accounts.profunds.com/etfdata/ByFund/TQQQ-historical_nav.csv,ProShares official daily NAV file
2011-08-04,374400000.0,0.36088541675,https://accounts.profunds.com/etfdata/ByFund/TQQQ-historical_nav.csv,ProShares official daily NAV file
2011-08-05,393600000.0,0.3545833335,https://accounts.profunds.com/etfdata/ByFund/TQQQ-historical_nav.csv,ProShares official daily NAV file
2011-08-08,470400000.0,0.28963541675,https://accounts.profunds.com/etfdata/ByFund/TQQQ-historical_nav.csv,ProShares official daily NAV file
2011-08-09,470400000.0,0.33197916675,https://accounts.profunds.com/etfdata/ByFund/TQQQ-historical_nav.csv,ProShares official daily NAV file
2011-08-10,489600000.0,0.2915625,https://accounts.profunds.com/etfdata/ByFund/TQQQ-historical_nav.csv,ProShares official daily NAV file
2011-08-11,489600000.0,0.33119791675,https://accounts.profunds.com/etfdata/ByFund/TQQQ-historical_nav.csv,ProShares official daily NAV file
2011-08-12,489600000.0,0.33807291675,https://accounts.profunds.com/etfdata/ByFund/TQQQ-historical_nav.csv,ProShares official daily NAV file
2011-08-15,489600000.0,0.35291666675,https://accounts.profunds.com/etfdata/ByFund/TQQQ-historical_nav.csv,ProShares official daily NAV file
2011-08-16,489600000.0,0.34416666675,https://accounts.profunds.com/etfdata/ByFund/TQQQ-historical_nav.csv,ProShares official daily NAV file
2011-08-17,489600000.0,0.33822916675,https://accounts.profunds.com/etfdata/ByFund/TQQQ-historical_nav.csv,ProShares official daily NAV file
2011-08-18,508800000.0,0.2877083335,https://accounts.profunds.com/etfdata/ByFund/TQQQ-historical_nav.csv,ProShares official daily NAV file
2011-08-19,508800000.0,0.27322916675,https://accounts.profunds.com/etfdata/ByFund/TQQQ-historical_nav.csv,ProShares official daily NAV file
2011-08-22,508800000.0,0.2758333335,https://accounts.profunds.com/etfdata/ByFund/TQQQ-historical_nav.csv,ProShares official daily NAV file
2011-08-23,508800000.0,0.31,https://accounts.profunds.com/etfdata/ByFund/TQQQ-historical_nav.csv,ProShares official daily NAV file
2011-08-24,508800000.0,0.31703125,https://accounts.profunds.com/etfdata/ByFund/TQQQ-historical_nav.csv,ProShares official daily NAV file
2011-08-25,508800000.0,0.3006770835,https://accounts.profunds.com/etfdata/ByFund/TQQQ-historical_nav.csv,ProShares official daily NAV file
2011-08-26,508800000.0,0.32369791675,https://accounts.profunds.com/etfdata/ByFund/TQQQ-historical_nav.csv,ProShares official daily NAV file
2011-08-29,528000000.0,0.3515625,https://accounts.profunds.com/etfdata/ByFund/TQQQ-historical_nav.csv,ProShares official daily NAV file
2011-08-30,528000000.0,0.35807291675,https://accounts.profunds.com/etfdata/ByFund/TQQQ-historical_nav.csv,ProShares official daily NAV file
2011-08-31,528000000.0,0.3596875,https://accounts.profunds.com/etfdata/ByFund/TQQQ-historical_nav.csv,ProShares official daily NAV file
2011-09-01,528000000.0,0.3490625,https://accounts.profunds.com/etfdata/ByFund/TQQQ-historical_nav.csv,ProShares official daily NAV file
2011-09-02,528000000.0,0.3248958335,https://accounts.profunds.com/etfdata/ByFund/TQQQ-historical_nav.csv,ProShares official daily NAV file
2011-09-06,528000000.0,0.3247395835,https://accounts.profunds.com/etfdata/ByFund/TQQQ-historical_nav.csv,ProShares official daily NAV file
2011-09-07,528000000.0,0.3500520835,https://accounts.profunds.com/etfdata/ByFund/TQQQ-historical_nav.csv,ProShares official daily NAV file
2011-09-08,508800000.0,0.34557291675,https://accounts.profunds.com/etfdata/ByFund/TQQQ-historical_nav.csv,ProShares official daily NAV file
2011-09-09,508800000.0,0.32182291675,https://accounts.profunds.com/etfdata/ByFund/TQQQ-historical_nav.csv,ProShares official daily NAV file
2011-09-12,508800000.0,0.3344270835,https://accounts.profunds.com/etfdata/ByFund/TQQQ-historical_nav.csv,ProShares official daily NAV file
2011-09-13,508800000.0,0.34760416675,https://accounts.profunds.com/etfdata/ByFund/TQQQ-historical_nav.csv,ProShares official daily NAV file
2011-09-14,508800000.0,0.36265625,https://accounts.profunds.com/etfdata/ByFund/TQQQ-historical_nav.csv,ProShares official daily NAV file
2011-09-15,508800000.0,0.37901041675,https://accounts.profunds.com/etfdata/ByFund/TQQQ-historical_nav.csv,ProShares official daily NAV file
2011-09-16,489600000.0,0.38869791675,https://accounts.profunds.com/etfdata/ByFund/TQQQ-historical_nav.csv,ProShares official daily NAV file
2011-09-19,489600000.0,0.39,https://accounts.profunds.com/etfdata/ByFund/TQQQ-historical_nav.csv,ProShares official daily NAV file
2011-09-20,489600000.0,0.38354166675,https://accounts.profunds.com/etfdata/ByFund/TQQQ-historical_nav.csv,ProShares official daily NAV file
2011-09-21,489600000.0,0.3645833335,https://accounts.profunds.com/etfdata/ByFund/TQQQ-historical_nav.csv,ProShares official daily NAV file
2011-09-22,470400000.0,0.32885416675,https://accounts.profunds.com/etfdata/ByFund/TQQQ-historical_nav.csv,ProShares official daily NAV file
2011-09-23,470400000.0,0.33890625,https://accounts.profunds.com/etfdata/ByFund/TQQQ-historical_nav.csv,ProShares official daily NAV file
2011-09-26,470400000.0,0.3514583335,https://accounts.profunds.com/etfdata/ByFund/TQQQ-historical_nav.csv,ProShares official daily NAV file
2011-09-27,470400000.0,0.3606770835,https://accounts.profunds.com/etfdata/ByFund/TQQQ-historical_nav.csv,ProShares official daily NAV file
2011-09-28,470400000.0,0.34484375,https://accounts.profunds.com/etfdata/ByFund/TQQQ-historical_nav.csv,ProShares official daily NAV file
2011-09-29,470400000.0,0.3340625,https://accounts.profunds.com/etfdata/ByFund/TQQQ-historical_nav.csv,ProShares official daily NAV file
2011-09-30,470400000.0,0.30734375,https://accounts.profunds.com/etfdata/ByFund/TQQQ-historical_nav.csv,ProShares official daily NAV file
2011-10-03,499200000.0,0.2840625,https://accounts.profunds.com/etfdata/ByFund/TQQQ-historical_nav.csv,ProShares official daily NAV file
2011-10-04,528000000.0,0.3022395835,https://accounts.profunds.com/etfdata/ByFund/TQQQ-historical_nav.csv,ProShares official daily NAV file
2011-10-05,547200000.0,0.325,https://accounts.profunds.com/etfdata/ByFund/TQQQ-historical_nav.csv,ProShares official daily NAV file
2011-10-06,547200000.0,0.34072916675,https://accounts.profunds.com/etfdata/ByFund/TQQQ-historical_nav.csv,ProShares official daily NAV file
2011-10-07,537600000.0,0.33385416675,https://accounts.profunds.com/etfdata/ByFund/TQQQ-historical_nav.csv,ProShares official daily NAV file
2011-10-10,508800000.0,0.3683333335,https://accounts.profunds.com/etfdata/ByFund/TQQQ-historical_nav.csv,ProShares official daily NAV file
2011-10-11,489600000.0,0.37619791675,https://accounts.profunds.com/etfdata/ByFund/TQQQ-historical_nav.csv,ProShares official daily NAV file
2011-10-12,489600000.0,0.3821875,https://accounts.profunds.com/etfdata/ByFund/TQQQ-historical_nav.csv,ProShares official daily NAV file
2011-10-13,489600000.0,0.39197916675,https://accounts.profunds.com/etfdata/ByFund/TQQQ-historical_nav.csv,ProShares official daily NAV file
2011-10-14,489600000.0,0.4146875,https://accounts.profunds.com/etfdata/ByFund/TQQQ-historical_nav.csv,ProShares official daily NAV file
2011-10-17,796800000.0,0.395,https://accounts.profunds.com/etfdata/ByFund/TQQQ-historical_nav.csv,ProShares official daily NAV file
2011-10-18,441600000.0,0.4103645835,https://accounts.profunds.com/etfdata/ByFund/TQQQ-historical_nav.csv,ProShares official daily NAV file
2011-10-19,441600000.0,0.3853645835,https://accounts.profunds.com/etfdata/ByFund/TQQQ-historical_nav.csv,ProShares official daily NAV file
2011-10-20,441600000.0,0.38010416675,https://accounts.profunds.com/etfdata/ByFund/TQQQ-historical_nav.csv,ProShares official daily NAV file
2011-10-21,441600000.0,0.3947395835,https://accounts.profunds.com/etfdata/ByFund/TQQQ-historical_nav.csv,ProShares official daily NAV file
2011-10-24,441600000.0,0.41932291675,https://accounts.profunds.com/etfdata/ByFund/TQQQ-historical_nav.csv,ProShares official daily NAV file
2011-10-25,441600000.0,0.39369791675,https://accounts.profunds.com/etfdata/ByFund/TQQQ-historical_nav.csv,ProShares official daily NAV file
2011-10-26,441600000.0,0.393125,https://accounts.profunds.com/etfdata/ByFund/TQQQ-historical_nav.csv,ProShares official daily NAV file
2011-10-27,441600000.0,0.4259375,https://accounts.profunds.com/etfdata/ByFund/TQQQ-historical_nav.csv,ProShares official daily NAV file
2011-10-28,441600000.0,0.4267708335,https://accounts.profunds.com/etfdata/ByFund/TQQQ-historical_nav.csv,ProShares official daily NAV file
2011-10-31,441600000.0,0.4047395835,https://accounts.profunds.com/etfdata/ByFund/TQQQ-historical_nav.csv,ProShares official daily NAV file
2011-11-01,441600000.0,0.3730208335,https://accounts.profunds.com/etfdata/ByFund/TQQQ-historical_nav.csv,ProShares official daily NAV file
2011-11-02,441600000.0,0.3827083335,https://accounts.profunds.com/etfdata/ByFund/TQQQ-historical_nav.csv,ProShares official daily NAV file
2011-11-03,441600000.0,0.40760416675,https://accounts.profunds.com/etfdata/ByFund/TQQQ-historical_nav.csv,ProShares official daily NAV file
2011-11-04,441600000.0,0.40171875,https://accounts.profunds.com/etfdata/ByFund/TQQQ-historical_nav.csv,ProShares official daily NAV file
2011-11-07,441600000.0,0.4092708335,https://accounts.profunds.com/etfdata/ByFund/TQQQ-historical_nav.csv,ProShares official daily NAV file
2011-11-08,441600000.0,0.42421875,https://accounts.profunds.com/etfdata/ByFund/TQQQ-historical_nav.csv,ProShares official daily NAV file
2011-11-09,460800000.0,0.37885416675,https://accounts.profunds.com/etfdata/ByFund/TQQQ-historical_nav.csv,ProShares official daily NAV file
2011-11-10,460800000.0,0.37776041675,https://accounts.profunds.com/etfdata/ByFund/TQQQ-historical_nav.csv,ProShares official daily NAV file
2011-11-11,460800000.0,0.39921875,https://accounts.profunds.com/etfdata/ByFund/TQQQ-historical_nav.csv,ProShares official daily NAV file
2011-11-14,460800000.0,0.39182291675,https://accounts.profunds.com/etfdata/ByFund/TQQQ-historical_nav.csv,ProShares official daily NAV file
2011-11-15,460800000.0,0.4052083335,https://accounts.profunds.com/etfdata/ByFund/TQQQ-historical_nav.csv,ProShares official daily NAV file
2011-11-16,460800000.0,0.38401041675,https://accounts.profunds.com/etfdata/ByFund/TQQQ-historical_nav.csv,ProShares official daily NAV file
2011-11-17,489600000.0,0.358125,https://accounts.profunds.com/etfdata/ByFund/TQQQ-historical_nav.csv,ProShares official daily NAV file
2011-11-18,489600000.0,0.34947916675,https://accounts.profunds.com/etfdata/ByFund/TQQQ-historical_nav.csv,ProShares official daily NAV file
2011-11-21,518400000.0,0.33,https://accounts.profunds.com/etfdata/ByFund/TQQQ-historical_nav.csv,ProShares official daily NAV file
2011-11-22,518400000.0,0.33229166675,https://accounts.profunds.com/etfdata/ByFund/TQQQ-historical_nav.csv,ProShares official daily NAV file
2011-11-23,518400000.0,0.3098958335,https://accounts.profunds.com/etfdata/ByFund/TQQQ-historical_nav.csv,ProShares official daily NAV file
2011-11-25,518400000.0,0.3031770835,https://accounts.profunds.com/etfdata/ByFund/TQQQ-historical_nav.csv,ProShares official daily NAV file
2011-11-28,537600000.0,0.33416666675,https://accounts.profunds.com/etfdata/ByFund/TQQQ-historical_nav.csv,ProShares official daily NAV file
2011-11-29,556800000.0,0.32838541675,https://accounts.profunds.com/etfdata/ByFund/TQQQ-historical_nav.csv,ProShares official daily NAV file
2011-11-30,556800000.0,0.36572916675,https://accounts.profunds.com/etfdata/ByFund/TQQQ-historical_nav.csv,ProShares official daily NAV file
2011-12-01,556800000.0,0.37244791675,https://accounts.profunds.com/etfdata/ByFund/TQQQ-historical_nav.csv,ProShares official daily NAV file
2011-12-02,556800000.0,0.3689583335,https://accounts.profunds.com/etfdata/ByFund/TQQQ-historical_nav.csv,ProShares official daily NAV file
2011-12-05,537600000.0,0.3809375,https://accounts.profunds.com/etfdata/ByFund/TQQQ-historical_nav.csv,ProShares official daily NAV file
2011-12-06,537600000.0,0.37822916675,https://accounts.profunds.com/etfdata/ByFund/TQQQ-historical_nav.csv,ProShares official daily NAV file
2011-12-07,537600000.0,0.3778125,https://accounts.profunds.com/etfdata/ByFund/TQQQ-historical_nav.csv,ProShares official daily NAV file
2011-12-08,537600000.0,0.3592708335,https://accounts.profunds.com/etfdata/ByFund/TQQQ-historical_nav.csv,ProShares official daily NAV file
2011-12-09,537600000.0,0.37625,https://accounts.profunds.com/etfdata/ByFund/TQQQ-historical_nav.csv,ProShares official daily NAV file
2011-12-12,537600000.0,0.3633333335,https://accounts.profunds.com/etfdata/ByFund/TQQQ-historical_nav.csv,ProShares official daily NAV file
2011-12-13,537600000.0,0.35197916675,https://accounts.profunds.com/etfdata/ByFund/TQQQ-historical_nav.csv,ProShares official daily NAV file
2011-12-14,537600000.0,0.33546875,https://accounts.profunds.com/etfdata/ByFund/TQQQ-historical_nav.csv,ProShares official daily NAV file
2011-12-15,537600000.0,0.3327083335,https://accounts.profunds.com/etfdata/ByFund/TQQQ-historical_nav.csv,ProShares official daily NAV file
2011-12-16,537600000.0,0.3378645835,https://accounts.profunds.com/etfdata/ByFund/TQQQ-historical_nav.csv,ProShares official daily NAV file
2011-12-19,518400000.0,0.32744791675,https://accounts.profunds.com/etfdata/ByFund/TQQQ-historical_nav.csv,ProShares official daily NAV file
2011-12-20,518400000.0,0.35697916675,https://accounts.profunds.com/etfdata/ByFund/TQQQ-historical_nav.csv,ProShares official daily NAV file
2011-12-21,518400000.0,0.3415625,https://accounts.profunds.com/etfdata/ByFund/TQQQ-historical_nav.csv,ProShares official daily NAV file
2011-12-22,518400000.0,0.34963541675,https://accounts.profunds.com/etfdata/ByFund/TQQQ-historical_nav.csv,ProShares official daily NAV file
2011-12-23,518400000.0,0.35921875,https://accounts.profunds.com/etfdata/ByFund/TQQQ-historical_nav.csv,ProShares official daily NAV file
2011-12-27,518400000.0,0.36182291675,https://accounts.profunds.com/etfdata/ByFund/TQQQ-historical_nav.csv,ProShares official daily NAV file
2011-12-28,518400000.0,0.34947916675,https://accounts.profunds.com/etfdata/ByFund/TQQQ-historical_nav.csv,ProShares official daily NAV file
2011-12-29,518400000.0,0.3577083335,https://accounts.profunds.com/etfdata/ByFund/TQQQ-historical_nav.csv,ProShares official daily NAV file
2011-12-30,489600000.0,0.3544270835,https://accounts.profunds.com/etfdata/ByFund/TQQQ-historical_nav.csv,ProShares official daily NAV file
2012-01-03,489600000.0,0.37510416675,https://accounts.profunds.com/etfdata/ByFund/TQQQ-historical_nav.csv,ProShares official daily NAV file
2012-01-04,489600000.0,0.37885416675,https://accounts.profunds.com/etfdata/ByFund/TQQQ-historical_nav.csv,ProShares official daily NAV file
2012-01-05,489600000.0,0.38828125,https://accounts.profunds.com/etfdata/ByFund/TQQQ-historical_nav.csv,ProShares official daily NAV file
2012-01-06,460800000.0,0.39182291675,https://accounts.profunds.com/etfdata/ByFund/TQQQ-historical_nav.csv,ProShares official daily NAV file
2012-01-09,432000000.0,0.38916666675,https://accounts.profunds.com/etfdata/ByFund/TQQQ-historical_nav.csv,ProShares official daily NAV file
2012-01-10,432000000.0,0.39744791675,https://accounts.profunds.com/etfdata/ByFund/TQQQ-historical_nav.csv,ProShares official daily NAV file
2012-01-11,432000000.0,0.3998958335,https://accounts.profunds.com/etfdata/ByFund/TQQQ-historical_nav.csv,ProShares official daily NAV file
2012-01-12,432000000.0,0.40479166675,https://accounts.profunds.com/etfdata/ByFund/TQQQ-historical_nav.csv,ProShares official daily NAV file
2012-01-13,432000000.0,0.3996875,https://accounts.profunds.com/etfdata/ByFund/TQQQ-historical_nav.csv,ProShares official daily NAV file
2012-01-17,412800000.0,0.4103645835,https://accounts.profunds.com/etfdata/ByFund/TQQQ-historical_nav.csv,ProShares official daily NAV file
2012-01-18,412800000.0,0.4271875,https://accounts.profunds.com/etfdata/ByFund/TQQQ-historical_nav.csv,ProShares official daily NAV file
2012-01-19,412800000.0,0.43546875,https://accounts.profunds.com/etfdata/ByFund/TQQQ-historical_nav.csv,ProShares official daily NAV file
2012-01-20,412800000.0,0.4330208335,https://accounts.profunds.com/etfdata/ByFund/TQQQ-historical_nav.csv,ProShares official daily NAV file
2012-01-23,412800000.0,0.43307291675,https://accounts.profunds.com/etfdata/ByFund/TQQQ-historical_nav.csv,ProShares official daily NAV file
2012-01-24,412800000.0,0.43125,https://accounts.profunds.com/etfdata/ByFund/TQQQ-historical_nav.csv,ProShares official daily NAV file
2012-01-25,384000000.0,0.4480208335,https://accounts.profunds.com/etfdata/ByFund/TQQQ-historical_nav.csv,ProShares official daily NAV file
2012-01-26,384000000.0,0.44213541675,https://accounts.profunds.com/etfdata/ByFund/TQQQ-historical_nav.csv,ProShares official daily NAV file
2012-01-27,384000000.0,0.4459375,https://accounts.profunds.com/etfdata/ByFund/TQQQ-historical_nav.csv,ProShares official daily NAV file
2012-01-30,384000000.0,0.4478645835,https://accounts.profunds.com/etfdata/ByFund/TQQQ-historical_nav.csv,ProShares official daily NAV file
2012-01-31,384000000.0,0.4492708335,https://accounts.profunds.com/etfdata/ByFund/TQQQ-historical_nav.csv,ProShares official daily NAV file
2012-02-01,384000000.0,0.4603125,https://accounts.profunds.com/etfdata/ByFund/TQQQ-historical_nav.csv,ProShares official daily NAV file
2012-02-02,364800000.0,0.46453125,https://accounts.profunds.com/etfdata/ByFund/TQQQ-historical_nav.csv,ProShares official daily NAV file
2012-02-03,364800000.0,0.4836458335,https://accounts.profunds.com/etfdata/ByFund/TQQQ-historical_nav.csv,ProShares official daily NAV file
2012-02-06,364800000.0,0.4831770835,https://accounts.profunds.com/etfdata/ByFund/TQQQ-historical_nav.csv,ProShares official daily NAV file
2012-02-07,364800000.0,0.4853645835,https://accounts.profunds.com/etfdata/ByFund/TQQQ-historical_nav.csv,ProShares official daily NAV file
2012-02-08,364800000.0,0.49322916675,https://accounts.profunds.com/etfdata/ByFund/TQQQ-historical_nav.csv,ProShares official daily NAV file
2012-02-09,364800000.0,0.50385416675,https://accounts.profunds.com/etfdata/ByFund/TQQQ-historical_nav.csv,ProShares official daily NAV file
2012-02-10,364800000.0,0.4939583335,https://accounts.profunds.com/etfdata/ByFund/TQQQ-historical_nav.csv,ProShares official daily NAV file
2012-02-13,364800000.0,0.50713541675,https://accounts.profunds.com/etfdata/ByFund/TQQQ-historical_nav.csv,ProShares official daily NAV file
2012-02-14,364800000.0,0.5114583335,https://accounts.profunds.com/etfdata/ByFund/TQQQ-historical_nav.csv,ProShares official daily NAV file
2012-02-15,355200000.0,0.5000520835,https://accounts.profunds.com/etfdata/ByFund/TQQQ-historical_nav.csv,ProShares official daily NAV file
2012-02-16,355200000.0,0.52135416675,https://accounts.profunds.com/etfdata/ByFund/TQQQ-historical_nav.csv,ProShares official daily NAV file
2012-02-17,355200000.0,0.51651041675,https://accounts.profunds.com/etfdata/ByFund/TQQQ-historical_nav.csv,ProShares official daily NAV file
2012-02-21,345600000.0,0.5202083335,https://accounts.profunds.com/etfdata/ByFund/TQQQ-historical_nav.csv,ProShares official daily NAV file
2012-02-22,345600000.0,0.51385416675,https://accounts.profunds.com/etfdata/ByFund/TQQQ-historical_nav.csv,ProShares official daily NAV file
2012-02-23,345600000.0,0.52296875,https://accounts.profunds.com/etfdata/ByFund/TQQQ-historical_nav.csv,ProShares official daily NAV file
2012-02-24,345600000.0,0.52859375,https://accounts.profunds.com/etfdata/ByFund/TQQQ-historical_nav.csv,ProShares official daily NAV file
2012-02-27,345600000.0,0.53010416675,https://accounts.profunds.com/etfdata/ByFund/TQQQ-historical_nav.csv,ProShares official daily NAV file
2012-02-28,326400000.0,0.54635416675,https://accounts.profunds.com/etfdata/ByFund/TQQQ-historical_nav.csv,ProShares official daily NAV file
2012-02-29,336000000.0,0.54010416675,https://accounts.profunds.com/etfdata/ByFund/TQQQ-historical_nav.csv,ProShares official daily NAV file
2012-03-01,336000000.0,0.5527083335,https://accounts.profunds.com/etfdata/ByFund/TQQQ-historical_nav.csv,ProShares official daily NAV file
2012-03-02,336000000.0,0.55140625,https://accounts.profunds.com/etfdata/ByFund/TQQQ-historical_nav.csv,ProShares official daily NAV file
2012-03-05,336000000.0,0.53463541675,https://accounts.profunds.com/etfdata/ByFund/TQQQ-historical_nav.csv,ProShares official daily NAV file
2012-03-06,336000000.0,0.51869791675,https://accounts.profunds.com/etfdata/ByFund/TQQQ-historical_nav.csv,ProShares official daily NAV file
2012-03-07,336000000.0,0.5302083335,https://accounts.profunds.com/etfdata/ByFund/TQQQ-historical_nav.csv,ProShares official daily NAV file
2012-03-08,336000000.0,0.5480208335,https://accounts.profunds.com/etfdata/ByFund/TQQQ-historical_nav.csv,ProShares official daily NAV file
2012-03-09,336000000.0,0.5540625,https://accounts.profunds.com/etfdata/ByFund/TQQQ-historical_nav.csv,ProShares official daily NAV file
2012-03-12,336000000.0,0.5540625,https://accounts.profunds.com/etfdata/ByFund/TQQQ-historical_nav.csv,ProShares official daily NAV file
2012-03-13,336000000.0,0.5858333335,https://accounts.profunds.com/etfdata/ByFund/TQQQ-historical_nav.csv,ProShares official daily NAV file
2012-03-14,345600000.0,0.59291666675,https://accounts.profunds.com/etfdata/ByFund/TQQQ-historical_nav.csv,ProShares official daily NAV file
2012-03-15,345600000.0,0.59713541675,https://accounts.profunds.com/etfdata/ByFund/TQQQ-historical_nav.csv,ProShares official daily NAV file
2012-03-16,345600000.0,0.59578125,https://accounts.profunds.com/etfdata/ByFund/TQQQ-historical_nav.csv,ProShares official daily NAV file
2012-03-19,345600000.0,0.60932291675,https://accounts.profunds.com/etfdata/ByFund/TQQQ-historical_nav.csv,ProShares official daily NAV file
2012-03-20,345600000.0,0.6122395835,https://accounts.profunds.com/etfdata/ByFund/TQQQ-historical_nav.csv,ProShares official daily NAV file
2012-03-21,364800000.0,0.6117708335,https://accounts.profunds.com/etfdata/ByFund/TQQQ-historical_nav.csv,ProShares official daily NAV file
2012-03-22,374400000.0,0.60807291675,https://accounts.profunds.com/etfdata/ByFund/TQQQ-historical_nav.csv,ProShares official daily NAV file
2012-03-23,374400000.0,0.60619791675,https://accounts.profunds.com/etfdata/ByFund/TQQQ-historical_nav.csv,ProShares official daily NAV file
2012-03-26,374400000.0,0.63901041675,https://accounts.profunds.com/etfdata/ByFund/TQQQ-historical_nav.csv,ProShares official daily NAV file
2012-03-27,374400000.0,0.64182291675,https://accounts.profunds.com/etfdata/ByFund/TQQQ-historical_nav.csv,ProShares official daily NAV file
2012-03-28,374400000.0,0.6340625,https://accounts.profunds.com/etfdata/ByFund/TQQQ-historical_nav.csv,ProShares official daily NAV file
2012-03-29,374400000.0,0.6278645835,https://accounts.profunds.com/etfdata/ByFund/TQQQ-historical_nav.csv,ProShares official daily NAV file
2012-03-30,374400000.0,0.62328125,https://accounts.profunds.com/etfdata/ByFund/TQQQ-historical_nav.csv,ProShares official daily NAV file
2012-04-02,374400000.0,0.6431770835,https://accounts.profunds.com/etfdata/ByFund/TQQQ-historical_nav.csv,ProShares official daily NAV file
2012-04-03,374400000.0,0.64229166675,https://accounts.profunds.com/etfdata/ByFund/TQQQ-historical_nav.csv,ProShares official daily NAV file
2012-04-04,374400000.0,0.61609375,https://accounts.profunds.com/etfdata/ByFund/TQQQ-historical_nav.csv,ProShares official daily NAV file
2012-04-05,374400000.0,0.6278645835,https://accounts.profunds.com/etfdata/ByFund/TQQQ-historical_nav.csv,ProShares official daily NAV file
2012-04-09,374400000.0,0.61265625,https://accounts.profunds.com/etfdata/ByFund/TQQQ-historical_nav.csv,ProShares official daily NAV file
2012-04-10,364800000.0,0.58260416675,https://accounts.profunds.com/etfdata/ByFund/TQQQ-historical_nav.csv,ProShares official daily NAV file
2012-04-11,345600000.0,0.5909895835,https://accounts.profunds.com/etfdata/ByFund/TQQQ-historical_nav.csv,ProShares official daily NAV file
2012-04-12,345600000.0,0.6119270835,https://accounts.profunds.com/etfdata/ByFund/TQQQ-historical_nav.csv,ProShares official daily NAV file
2012-04-13,345600000.0,0.58421875,https://accounts.profunds.com/etfdata/ByFund/TQQQ-historical_nav.csv,ProShares official daily NAV file
2012-04-16,345600000.0,0.56541666675,https://accounts.profunds.com/etfdata/ByFund/TQQQ-historical_nav.csv,ProShares official daily NAV file
2012-04-17,345600000.0,0.599375,https://accounts.profunds.com/etfdata/ByFund/TQQQ-historical_nav.csv,ProShares official daily NAV file
2012-04-18,345600000.0,0.5944270835,https://accounts.profunds.com/etfdata/ByFund/TQQQ-historical_nav.csv,ProShares official daily NAV file
2012-04-19,345600000.0,0.57510416675,https://accounts.profunds.com/etfdata/ByFund/TQQQ-historical_nav.csv,ProShares official daily NAV file
2012-04-20,345600000.0,0.5681770835,https://accounts.profunds.com/etfdata/ByFund/TQQQ-historical_nav.csv,ProShares official daily NAV file
2012-04-23,345600000.0,0.5538020835,https://accounts.profunds.com/etfdata/ByFund/TQQQ-historical_nav.csv,ProShares official daily NAV file
2012-04-24,355200000.0,0.54453125,https://accounts.profunds.com/etfdata/ByFund/TQQQ-historical_nav.csv,ProShares official daily NAV file
2012-04-25,355200000.0,0.5883333335,https://accounts.profunds.com/etfdata/ByFund/TQQQ-historical_nav.csv,ProShares official daily NAV file
2012-04-26,355200000.0,0.59854166675,https://accounts.profunds.com/etfdata/ByFund/TQQQ-historical_nav.csv,ProShares official daily NAV file
2012-04-27,355200000.0,0.60921875,https://accounts.profunds.com/etfdata/ByFund/TQQQ-historical_nav.csv,ProShares official daily NAV file
2012-04-30,364800000.0,0.59734375,https://accounts.profunds.com/etfdata/ByFund/TQQQ-historical_nav.csv,ProShares official daily NAV file
2012-05-01,364800000.0,0.59947916675,https://accounts.profunds.com/etfdata/ByFund/TQQQ-historical_nav.csv,ProShares official daily NAV file
2012-05-02,364800000.0,0.60463541675,https://accounts.profunds.com/etfdata/ByFund/TQQQ-historical_nav.csv,ProShares official daily NAV file
2012-05-03,374400000.0,0.58526041675,https://accounts.profunds.com/etfdata/ByFund/TQQQ-historical_nav.csv,ProShares official daily NAV file
2012-05-04,384000000.0,0.54197916675,https://accounts.profunds.com/etfdata/ByFund/TQQQ-historical_nav.csv,ProShares official daily NAV file
2012-05-07,384000000.0,0.5428125,https://accounts.profunds.com/etfdata/ByFund/TQQQ-historical_nav.csv,ProShares official daily NAV file
2012-05-08,384000000.0,0.53697916675,https://accounts.profunds.com/etfdata/ByFund/TQQQ-historical_nav.csv,ProShares official daily NAV file
2012-05-09,384000000.0,0.531875,https://accounts.profunds.com/etfdata/ByFund/TQQQ-historical_nav.csv,ProShares official daily NAV file
2012-05-10,393600000.0,0.5286458335,https://accounts.profunds.com/etfdata/ByFund/TQQQ-historical_nav.csv,ProShares official daily NAV file
2012-05-11,384000000.0,0.5284375,https://accounts.profunds.com/etfdata/ByFund/TQQQ-historical_nav.csv,ProShares official daily NAV file
2012-05-14,384000000.0,0.5130208335,https://accounts.profunds.com/etfdata/ByFund/TQQQ-historical_nav.csv,ProShares official daily NAV file
2012-05-15,384000000.0,0.5083333335,https://accounts.profunds.com/etfdata/ByFund/TQQQ-historical_nav.csv,ProShares official daily NAV file
2012-05-16,384000000.0,0.49697916675,https://accounts.profunds.com/etfdata/ByFund/TQQQ-historical_nav.csv,ProShares official daily NAV file
2012-05-17,384000000.0,0.4665625,https://accounts.profunds.com/etfdata/ByFund/TQQQ-historical_nav.csv,ProShares official daily NAV file
2012-05-18,384000000.0,0.4495833335,https://accounts.profunds.com/etfdata/ByFund/TQQQ-historical_nav.csv,ProShares official daily NAV file
2012-05-21,384000000.0,0.4859375,https://accounts.profunds.com/etfdata/ByFund/TQQQ-historical_nav.csv,ProShares official daily NAV file
2012-05-22,393600000.0,0.4825,https://accounts.profunds.com/etfdata/ByFund/TQQQ-historical_nav.csv,ProShares official daily NAV file
2012-05-23,393600000.0,0.48697916675,https://accounts.profunds.com/etfdata/ByFund/TQQQ-historical_nav.csv,ProShares official daily NAV file
2012-05-24,403200000.0,0.47791666675,https://accounts.profunds.com/etfdata/ByFund/TQQQ-historical_nav.csv,ProShares official daily NAV file
2012-05-25,403200000.0,0.4755208335,https://accounts.profunds.com/etfdata/ByFund/TQQQ-historical_nav.csv,ProShares official daily NAV file
2012-05-29,403200000.0,0.4934375,https://accounts.profunds.com/etfdata/ByFund/TQQQ-historical_nav.csv,ProShares official daily NAV file
2012-05-30,408000000.0,0.48125,https://accounts.profunds.com/etfdata/ByFund/TQQQ-historical_nav.csv,ProShares official daily NAV file
2012-05-31,408000000.0,0.47416666675,https://accounts.profunds.com/etfdata/ByFund/TQQQ-historical_nav.csv,ProShares official daily NAV file
2012-06-01,408000000.0,0.436875,https://accounts.profunds.com/etfdata/ByFund/TQQQ-historical_nav.csv,ProShares official daily NAV file
2012-06-04,408000000.0,0.4470833335,https://accounts.profunds.com/etfdata/ByFund/TQQQ-historical_nav.csv,ProShares official daily NAV file
2012-06-05,427200000.0,0.4521875,https://accounts.profunds.com/etfdata/ByFund/TQQQ-historical_nav.csv,ProShares official daily NAV file
2012-06-06,427200000.0,0.4846875,https://accounts.profunds.com/etfdata/ByFund/TQQQ-historical_nav.csv,ProShares official daily NAV file
2012-06-07,403200000.0,0.4784375,https://accounts.profunds.com/etfdata/ByFund/TQQQ-historical_nav.csv,ProShares official daily NAV file
2012-06-08,403200000.0,0.49197916675,https://accounts.profunds.com/etfdata/ByFund/TQQQ-historical_nav.csv,ProShares official daily NAV file
2012-06-11,403200000.0,0.4677083335,https://accounts.profunds.com/etfdata/ByFund/TQQQ-historical_nav.csv,ProShares official daily NAV file
2012-06-12,412800000.0,0.48385416675,https://accounts.profunds.com/etfdata/ByFund/TQQQ-historical_nav.csv,ProShares official daily NAV file
2012-06-13,412800000.0,0.47322916675,https://accounts.profunds.com/etfdata/ByFund/TQQQ-historical_nav.csv,ProShares official daily NAV file
2012-06-14,412800000.0,0.4802083335,https://accounts.profunds.com/etfdata/ByFund/TQQQ-historical_nav.csv,ProShares official daily NAV file
2012-06-15,412800000.0,0.49791666675,https://accounts.profunds.com/etfdata/ByFund/TQQQ-historical_nav.csv,ProShares official daily NAV file
2012-06-18,374400000.0,0.5103125,https://accounts.profunds.com/etfdata/ByFund/TQQQ-historical_nav.csv,ProShares official daily NAV file
2012-06-19,412800000.0,0.52697916675,https://accounts.profunds.com/etfdata/ByFund/TQQQ-historical_nav.csv,ProShares official daily NAV file
2012-06-20,412800000.0,0.52854166675,https://accounts.profunds.com/etfdata/ByFund/TQQQ-historical_nav.csv,ProShares official daily NAV file
2012-06-21,412800000.0,0.4884375,https://accounts.profunds.com/etfdata/ByFund/TQQQ-historical_nav.csv,ProShares official daily NAV file
2012-06-22,412800000.0,0.5046875,https://accounts.profunds.com/etfdata/ByFund/TQQQ-historical_nav.csv,ProShares official daily NAV file
2012-06-25,412800000.0,0.47416666675,https://accounts.profunds.com/etfdata/ByFund/TQQQ-historical_nav.csv,ProShares official daily NAV file
2012-06-26,379200000.0,0.4833333335,https://accounts.profunds.com/etfdata/ByFund/TQQQ-historical_nav.csv,ProShares official daily NAV file
2012-06-27,379200000.0,0.49229166675,https://accounts.profunds.com/etfdata/ByFund/TQQQ-historical_nav.csv,ProShares official daily NAV file
2012-06-28,379200000.0,0.475625,https://accounts.profunds.com/etfdata/ByFund/TQQQ-historical_nav.csv,ProShares official daily NAV file
2012-06-29,379200000.0,0.5202083335,https://accounts.profunds.com/etfdata/ByFund/TQQQ-historical_nav.csv,ProShares official daily NAV file
2012-07-02,379200000.0,0.5258333335,https://accounts.profunds.com/etfdata/ByFund/TQQQ-historical_nav.csv,ProShares official daily NAV file
2012-07-03,412800000.0,0.5384375,https://accounts.profunds.com/etfdata/ByFund/TQQQ-historical_nav.csv,ProShares official daily NAV file
2012-07-05,412800000.0,0.539375,https://accounts.profunds.com/etfdata/ByFund/TQQQ-historical_nav.csv,ProShares official daily NAV file
2012-07-06,417600000.0,0.51791666675,https://accounts.profunds.com/etfdata/ByFund/TQQQ-historical_nav.csv,ProShares official daily NAV file
2012-07-09,417600000.0,0.51666666675,https://accounts.profunds.com/etfdata/ByFund/TQQQ-historical_nav.csv,ProShares official daily NAV file
2012-07-10,417600000.0,0.501875,https://accounts.profunds.com/etfdata/ByFund/TQQQ-historical_nav.csv,ProShares official daily NAV file
2012-07-11,417600000.0,0.49354166675,https://accounts.profunds.com/etfdata/ByFund/TQQQ-historical_nav.csv,ProShares official daily NAV file
2012-07-12,417600000.0,0.47875,https://accounts.profunds.com/etfdata/ByFund/TQQQ-historical_nav.csv,ProShares official daily NAV file
2012-07-13,417600000.0,0.50104166675,https://accounts.profunds.com/etfdata/ByFund/TQQQ-historical_nav.csv,ProShares official daily NAV file
2012-07-16,417600000.0,0.4964583335,https://accounts.profunds.com/etfdata/ByFund/TQQQ-historical_nav.csv,ProShares official daily NAV file
2012-07-17,427200000.0,0.50479166675,https://accounts.profunds.com/etfdata/ByFund/TQQQ-historical_nav.csv,ProShares official daily NAV file
2012-07-18,427200000.0,0.52479166675,https://accounts.profunds.com/etfdata/ByFund/TQQQ-historical_nav.csv,ProShares official daily NAV file
2012-07-19,384000000.0,0.5427083335,https://accounts.profunds.com/etfdata/ByFund/TQQQ-historical_nav.csv,ProShares official daily NAV file
2012-07-20,384000000.0,0.5196875,https://accounts.profunds.com/etfdata/ByFund/TQQQ-historical_nav.csv,ProShares official daily NAV file
2012-07-23,384000000.0,0.5027083335,https://accounts.profunds.com/etfdata/ByFund/TQQQ-historical_nav.csv,ProShares official daily NAV file
2012-07-24,388800000.0,0.4896875,https://accounts.profunds.com/etfdata/ByFund/TQQQ-historical_nav.csv,ProShares official daily NAV file
2012-07-25,422400000.0,0.4792708335,https://accounts.profunds.com/etfdata/ByFund/TQQQ-historical_nav.csv,ProShares official daily NAV file
2012-07-26,422400000.0,0.4992708335,https://accounts.profunds.com/etfdata/ByFund/TQQQ-historical_nav.csv,ProShares official daily NAV file
2012-07-27,403200000.0,0.53541666675,https://accounts.profunds.com/etfdata/ByFund/TQQQ-historical_nav.csv,ProShares official daily NAV file
2012-07-30,403200000.0,0.5325,https://accounts.profunds.com/etfdata/ByFund/TQQQ-historical_nav.csv,ProShares official daily NAV file
2012-07-31,379200000.0,0.53260416675,https://accounts.profunds.com/etfdata/ByFund/TQQQ-historical_nav.csv,ProShares official daily NAV file
2012-08-01,379200000.0,0.528125,https://accounts.profunds.com/etfdata/ByFund/TQQQ-historical_nav.csv,ProShares official daily NAV file
2012-08-02,379200000.0,0.5223958335,https://accounts.profunds.com/etfdata/ByFund/TQQQ-historical_nav.csv,ProShares official daily NAV file
2012-08-03,379200000.0,0.5530208335,https://accounts.profunds.com/etfdata/ByFund/TQQQ-historical_nav.csv,ProShares official daily NAV file
2012-08-06,379200000.0,0.5642708335,https://accounts.profunds.com/etfdata/ByFund/TQQQ-historical_nav.csv,ProShares official daily NAV file
2012-08-07,379200000.0,0.57875,https://accounts.profunds.com/etfdata/ByFund/TQQQ-historical_nav.csv,ProShares official daily NAV file
2012-08-08,379200000.0,0.576875,https://accounts.profunds.com/etfdata/ByFund/TQQQ-historical_nav.csv,ProShares official daily NAV file
2012-08-09,360000000.0,0.581875,https://accounts.profunds.com/etfdata/ByFund/TQQQ-historical_nav.csv,ProShares official daily NAV file
2012-08-10,360000000.0,0.5840625,https://accounts.profunds.com/etfdata/ByFund/TQQQ-historical_nav.csv,ProShares official daily NAV file
2012-08-13,360000000.0,0.5877083335,https://accounts.profunds.com/etfdata/ByFund/TQQQ-historical_nav.csv,ProShares official daily NAV file
2012-08-14,360000000.0,0.58822916675,https://accounts.profunds.com/etfdata/ByFund/TQQQ-historical_nav.csv,ProShares official daily NAV file
2012-08-15,360000000.0,0.59322916675,https://accounts.profunds.com/etfdata/ByFund/TQQQ-historical_nav.csv,ProShares official daily NAV file
2012-08-16,360000000.0,0.614375,https://accounts.profunds.com/etfdata/ByFund/TQQQ-historical_nav.csv,ProShares official daily NAV file
2012-08-17,364800000.0,0.6225,https://accounts.profunds.com/etfdata/ByFund/TQQQ-historical_nav.csv,ProShares official daily NAV file
2012-08-20,364800000.0,0.6252083335,https://accounts.profunds.com/etfdata/ByFund/TQQQ-historical_nav.csv,ProShares official daily NAV file
2012-08-21,374400000.0,0.6171875,https://accounts.profunds.com/etfdata/ByFund/TQQQ-historical_nav.csv,ProShares official daily NAV file
2012-08-22,374400000.0,0.6245833335,https://accounts.profunds.com/etfdata/ByFund/TQQQ-historical_nav.csv,ProShares official daily NAV file
2012-08-23,345600000.0,0.61010416675,https://accounts.profunds.com/etfdata/ByFund/TQQQ-historical_nav.csv,ProShares official daily NAV file
2012-08-24,345600000.0,0.62072916675,https://accounts.profunds.com/etfdata/ByFund/TQQQ-historical_nav.csv,ProShares official daily NAV file
2012-08-27,345600000.0,0.62375,https://accounts.profunds.com/etfdata/ByFund/TQQQ-historical_nav.csv,ProShares official daily NAV file
2012-08-28,345600000.0,0.62385416675,https://accounts.profunds.com/etfdata/ByFund/TQQQ-historical_nav.csv,ProShares official daily NAV file
2012-08-29,345600000.0,0.6246875,https://accounts.profunds.com/etfdata/ByFund/TQQQ-historical_nav.csv,ProShares official daily NAV file
2012-08-30,345600000.0,0.604375,https://accounts.profunds.com/etfdata/ByFund/TQQQ-historical_nav.csv,ProShares official daily NAV file
2012-08-31,345600000.0,0.6164583335,https://accounts.profunds.com/etfdata/ByFund/TQQQ-historical_nav.csv,ProShares official daily NAV file
2012-09-04,345600000.0,0.61625,https://accounts.profunds.com/etfdata/ByFund/TQQQ-historical_nav.csv,ProShares official daily NAV file
2012-09-05,345600000.0,0.613125,https://accounts.profunds.com/etfdata/ByFund/TQQQ-historical_nav.csv,ProShares official daily NAV file
2012-09-06,345600000.0,0.6546875,https://accounts.profunds.com/etfdata/ByFund/TQQQ-historical_nav.csv,ProShares official daily NAV file
2012-09-07,316800000.0,0.6515625,https://accounts.profunds.com/etfdata/ByFund/TQQQ-historical_nav.csv,ProShares official daily NAV file
2012-09-10,316800000.0,0.6261458335,https://accounts.profunds.com/etfdata/ByFund/TQQQ-historical_nav.csv,ProShares official daily NAV file
2012-09-11,331200000.0,0.62385416675,https://accounts.profunds.com/etfdata/ByFund/TQQQ-historical_nav.csv,ProShares official daily NAV file
2012-09-12,331200000.0,0.6286458335,https://accounts.profunds.com/etfdata/ByFund/TQQQ-historical_nav.csv,ProShares official daily NAV file
2012-09-13,331200000.0,0.65541666675,https://accounts.profunds.com/etfdata/ByFund/TQQQ-historical_nav.csv,ProShares official daily NAV file
2012-09-14,331200000.0,0.67197916675,https://accounts.profunds.com/etfdata/ByFund/TQQQ-historical_nav.csv,ProShares official daily NAV file
2012-09-17,331200000.0,0.6730208335,https://accounts.profunds.com/etfdata/ByFund/TQQQ-historical_nav.csv,ProShares official daily NAV file
2012-09-18,331200000.0,0.67375,https://accounts.profunds.com/etfdata/ByFund/TQQQ-historical_nav.csv,ProShares official daily NAV file
2012-09-19,331200000.0,0.6783333335,https://accounts.profunds.com/etfdata/ByFund/TQQQ-historical_nav.csv,ProShares official daily NAV file
2012-09-20,331200000.0,0.67666666675,https://accounts.profunds.com/etfdata/ByFund/TQQQ-historical_nav.csv,ProShares official daily NAV file
2012-09-21,345600000.0,0.6765625,https://accounts.profunds.com/etfdata/ByFund/TQQQ-historical_nav.csv,ProShares official daily NAV file
2012-09-24,345600000.0,0.6640625,https://accounts.profunds.com/etfdata/ByFund/TQQQ-historical_nav.csv,ProShares official daily NAV file
2012-09-25,345600000.0,0.63635416675,https://accounts.profunds.com/etfdata/ByFund/TQQQ-historical_nav.csv,ProShares official daily NAV file
2012-09-26,345600000.0,0.6208333335,https://accounts.profunds.com/etfdata/ByFund/TQQQ-historical_nav.csv,ProShares official daily NAV file
2012-09-27,345600000.0,0.64760416675,https://accounts.profunds.com/etfdata/ByFund/TQQQ-historical_nav.csv,ProShares official daily NAV file
2012-09-28,345600000.0,0.6320833335,https://accounts.profunds.com/etfdata/ByFund/TQQQ-historical_nav.csv,ProShares official daily NAV file
2012-10-01,345600000.0,0.6289583335,https://accounts.profunds.com/etfdata/ByFund/TQQQ-historical_nav.csv,ProShares official daily NAV file
2012-10-02,345600000.0,0.6327083335,https://accounts.profunds.com/etfdata/ByFund/TQQQ-historical_nav.csv,ProShares official daily NAV file
2012-10-03,345600000.0,0.6459375,https://accounts.profunds.com/etfdata/ByFund/TQQQ-historical_nav.csv,ProShares official daily NAV file
2012-10-04,345600000.0,0.65260416675,https://accounts.profunds.com/etfdata/ByFund/TQQQ-historical_nav.csv,ProShares official daily NAV file
2012-10-05,345600000.0,0.64104166675,https://accounts.profunds.com/etfdata/ByFund/TQQQ-historical_nav.csv,ProShares official daily NAV file
2012-10-08,379200000.0,0.62385416675,https://accounts.profunds.com/etfdata/ByFund/TQQQ-historical_nav.csv,ProShares official daily NAV file
2012-10-09,384000000.0,0.5936458335,https://accounts.profunds.com/etfdata/ByFund/TQQQ-historical_nav.csv,ProShares official daily NAV file
2012-10-10,384000000.0,0.585,https://accounts.profunds.com/etfdata/ByFund/TQQQ-historical_nav.csv,ProShares official daily NAV file
2012-10-11,369600000.0,0.5790625,https://accounts.profunds.com/etfdata/ByFund/TQQQ-historical_nav.csv,ProShares official daily NAV file
2012-10-12,369600000.0,0.5795833335,https://accounts.profunds.com/etfdata/ByFund/TQQQ-historical_nav.csv,ProShares official daily NAV file
2012-10-15,384000000.0,0.5921875,https://accounts.profunds.com/etfdata/ByFund/TQQQ-historical_nav.csv,ProShares official daily NAV file
2012-10-16,384000000.0,0.6170833335,https://accounts.profunds.com/etfdata/ByFund/TQQQ-historical_nav.csv,ProShares official daily NAV file
2012-10-17,384000000.0,0.6152083335,https://accounts.profunds.com/etfdata/ByFund/TQQQ-historical_nav.csv,ProShares official daily NAV file
2012-10-18,384000000.0,0.5942708335,https://accounts.profunds.com/etfdata/ByFund/TQQQ-historical_nav.csv,ProShares official daily NAV file
2012-10-19,398400000.0,0.5514583335,https://accounts.profunds.com/etfdata/ByFund/TQQQ-historical_nav.csv,ProShares official daily NAV file
2012-10-22,398400000.0,0.56135416675,https://accounts.profunds.com/etfdata/ByFund/TQQQ-historical_nav.csv,ProShares official daily NAV file
2012-10-23,398400000.0,0.54354166675,https://accounts.profunds.com/etfdata/ByFund/TQQQ-historical_nav.csv,ProShares official daily NAV file
2012-10-24,417600000.0,0.5370833335,https://accounts.profunds.com/etfdata/ByFund/TQQQ-historical_nav.csv,ProShares official daily NAV file
2012-10-25,417600000.0,0.5383333335,https://accounts.profunds.com/etfdata/ByFund/TQQQ-historical_nav.csv,ProShares official daily NAV file
2012-10-26,417600000.0,0.5433333335,https://accounts.profunds.com/etfdata/ByFund/TQQQ-historical_nav.csv,ProShares official daily NAV file
2012-10-31,417600000.0,0.5323958335,https://accounts.profunds.com/etfdata/ByFund/TQQQ-historical_nav.csv,ProShares official daily NAV file
2012-11-01,427200000.0,0.55635416675,https://accounts.profunds.com/etfdata/ByFund/TQQQ-historical_nav.csv,ProShares official daily NAV file
2012-11-02,427200000.0,0.5367708335,https://accounts.profunds.com/etfdata/ByFund/TQQQ-historical_nav.csv,ProShares official daily NAV file
2012-11-05,436800000.0,0.5475,https://accounts.profunds.com/etfdata/ByFund/TQQQ-historical_nav.csv,ProShares official daily NAV file
2012-11-06,451200000.0,0.5523958335,https://accounts.profunds.com/etfdata/ByFund/TQQQ-historical_nav.csv,ProShares official daily NAV file
2012-11-07,451200000.0,0.5115625,https://accounts.profunds.com/etfdata/ByFund/TQQQ-historical_nav.csv,ProShares official daily NAV file
2012-11-08,451200000.0,0.4880208335,https://accounts.profunds.com/etfdata/ByFund/TQQQ-historical_nav.csv,ProShares official daily NAV file
2012-11-09,465600000.0,0.4945833335,https://accounts.profunds.com/etfdata/ByFund/TQQQ-historical_nav.csv,ProShares official daily NAV file
2012-11-12,465600000.0,0.49385416675,https://accounts.profunds.com/etfdata/ByFund/TQQQ-historical_nav.csv,ProShares official daily NAV file
2012-11-13,475200000.0,0.4830208335,https://accounts.profunds.com/etfdata/ByFund/TQQQ-historical_nav.csv,ProShares official daily NAV file
2012-11-14,518400000.0,0.4661458335,https://accounts.profunds.com/etfdata/ByFund/TQQQ-historical_nav.csv,ProShares official daily NAV file
2012-11-15,518400000.0,0.46197916675,https://accounts.profunds.com/etfdata/ByFund/TQQQ-historical_nav.csv,ProShares official daily NAV file
2012-11-16,537600000.0,0.4673958335,https://accounts.profunds.com/etfdata/ByFund/TQQQ-historical_nav.csv,ProShares official daily NAV file
2012-11-19,537600000.0,0.5015625,https://accounts.profunds.com/etfdata/ByFund/TQQQ-historical_nav.csv,ProShares official daily NAV file
2012-11-20,556800000.0,0.5011458335,https://accounts.profunds.com/etfdata/ByFund/TQQQ-historical_nav.csv,ProShares official daily NAV file
2012-11-21,556800000.0,0.50447916675,https://accounts.profunds.com/etfdata/ByFund/TQQQ-historical_nav.csv,ProShares official daily NAV file
2012-11-23,556800000.0,0.52729166675,https://accounts.profunds.com/etfdata/ByFund/TQQQ-historical_nav.csv,ProShares official daily NAV file
2012-11-26,556800000.0,0.53447916675,https://accounts.profunds.com/etfdata/ByFund/TQQQ-historical_nav.csv,ProShares official daily NAV file
2012-11-27,556800000.0,0.5286458335,https://accounts.profunds.com/etfdata/ByFund/TQQQ-historical_nav.csv,ProShares official daily NAV file
2012-11-28,556800000.0,0.54291666675,https://accounts.profunds.com/etfdata/ByFund/TQQQ-historical_nav.csv,ProShares official daily NAV file
2012-11-29,556800000.0,0.5520833335,https://accounts.profunds.com/etfdata/ByFund/TQQQ-historical_nav.csv,ProShares official daily NAV file
2012-11-30,556800000.0,0.550625,https://accounts.profunds.com/etfdata/ByFund/TQQQ-historical_nav.csv,ProShares official daily NAV file
2012-12-03,556800000.0,0.54697916675,https://accounts.profunds.com/etfdata/ByFund/TQQQ-historical_nav.csv,ProShares official daily NAV file
2012-12-04,556800000.0,0.544375,https://accounts.profunds.com/etfdata/ByFund/TQQQ-historical_nav.csv,ProShares official daily NAV file
2012-12-05,556800000.0,0.52635416675,https://accounts.profunds.com/etfdata/ByFund/TQQQ-historical_nav.csv,ProShares official daily NAV file
2012-12-06,571200000.0,0.53729166675,https://accounts.profunds.com/etfdata/ByFund/TQQQ-historical_nav.csv,ProShares official daily NAV file
2012-12-07,571200000.0,0.5277083335,https://accounts.profunds.com/etfdata/ByFund/TQQQ-historical_nav.csv,ProShares official daily NAV file
2012-12-10,590400000.0,0.531875,https://accounts.profunds.com/etfdata/ByFund/TQQQ-historical_nav.csv,ProShares official daily NAV file
2012-12-11,590400000.0,0.5527083335,https://accounts.profunds.com/etfdata/ByFund/TQQQ-historical_nav.csv,ProShares official daily NAV file
2012-12-12,590400000.0,0.54885416675,https://accounts.profunds.com/etfdata/ByFund/TQQQ-historical_nav.csv,ProShares official daily NAV file
2012-12-13,590400000.0,0.53625,https://accounts.profunds.com/etfdata/ByFund/TQQQ-historical_nav.csv,ProShares official daily NAV file
2012-12-14,590400000.0,0.52041666675,https://accounts.profunds.com/etfdata/ByFund/TQQQ-historical_nav.csv,ProShares official daily NAV file
2012-12-17,590400000.0,0.541875,https://accounts.profunds.com/etfdata/ByFund/TQQQ-historical_nav.csv,ProShares official daily NAV file
2012-12-18,590400000.0,0.5671875,https://accounts.profunds.com/etfdata/ByFund/TQQQ-historical_nav.csv,ProShares official daily NAV file
2012-12-19,590400000.0,0.5580208335,https://accounts.profunds.com/etfdata/ByFund/TQQQ-historical_nav.csv,ProShares official daily NAV file
2012-12-20,590400000.0,0.5595833335,https://accounts.profunds.com/etfdata/ByFund/TQQQ-historical_nav.csv,ProShares official daily NAV file
2012-12-21,580800000.0,0.5415625,https://accounts.profunds.com/etfdata/ByFund/TQQQ-historical_nav.csv,ProShares official daily NAV file
2012-12-24,590400000.0,0.5373958335,https://accounts.profunds.com/etfdata/ByFund/TQQQ-historical_nav.csv,ProShares official daily NAV file
2012-12-26,590400000.0,0.5246875,https://accounts.profunds.com/etfdata/ByFund/TQQQ-historical_nav.csv,ProShares official daily NAV file
2012-12-27,590400000.0,0.5221875,https://accounts.profunds.com/etfdata/ByFund/TQQQ-historical_nav.csv,ProShares official daily NAV file
2012-12-28,590400000.0,0.5067708335,https://accounts.profunds.com/etfdata/ByFund/TQQQ-historical_nav.csv,ProShares official daily NAV file
2012-12-31,590400000.0,0.53854166675,https://accounts.profunds.com/etfdata/ByFund/TQQQ-historical_nav.csv,ProShares official daily NAV file
2013-01-02,590400000.0,0.59041666675,https://accounts.profunds.com/etfdata/ByFund/TQQQ-historical_nav.csv,ProShares official daily NAV file
2013-01-03,590400000.0,0.5814583335,https://accounts.profunds.com/etfdata/ByFund/TQQQ-historical_nav.csv,ProShares official daily NAV file
2013-01-04,585600000.0,0.57572916675,https://accounts.profunds.com/etfdata/ByFund/TQQQ-historical_nav.csv,ProShares official daily NAV file
2013-01-07,571200000.0,0.57635416675,https://accounts.profunds.com/etfdata/ByFund/TQQQ-historical_nav.csv,ProShares official daily NAV file
2013-01-08,571200000.0,0.5730208335,https://accounts.profunds.com/etfdata/ByFund/TQQQ-historical_nav.csv,ProShares official daily NAV file
2013-01-09,556800000.0,0.57854166675,https://accounts.profunds.com/etfdata/ByFund/TQQQ-historical_nav.csv,ProShares official daily NAV file
2013-01-10,556800000.0,0.5889583335,https://accounts.profunds.com/etfdata/ByFund/TQQQ-historical_nav.csv,ProShares official daily NAV file
2013-01-11,556800000.0,0.5914583335,https://accounts.profunds.com/etfdata/ByFund/TQQQ-historical_nav.csv,ProShares official daily NAV file
2013-01-14,556800000.0,0.5833333335,https://accounts.profunds.com/etfdata/ByFund/TQQQ-historical_nav.csv,ProShares official daily NAV file
2013-01-15,556800000.0,0.5748958335,https://accounts.profunds.com/etfdata/ByFund/TQQQ-historical_nav.csv,ProShares official daily NAV file
2013-01-16,556800000.0,0.5820833335,https://accounts.profunds.com/etfdata/ByFund/TQQQ-historical_nav.csv,ProShares official daily NAV file
2013-01-17,513600000.0,0.5902083335,https://accounts.profunds.com/etfdata/ByFund/TQQQ-historical_nav.csv,ProShares official daily NAV file
2013-01-18,513600000.0,0.586875,https://accounts.profunds.com/etfdata/ByFund/TQQQ-historical_nav.csv,ProShares official daily NAV file
2013-01-22,513600000.0,0.5892708335,https://accounts.profunds.com/etfdata/ByFund/TQQQ-historical_nav.csv,ProShares official daily NAV file
2013-01-23,513600000.0,0.59979166675,https://accounts.profunds.com/etfdata/ByFund/TQQQ-historical_nav.csv,ProShares official daily NAV file
2013-01-24,513600000.0,0.57479166675,https://accounts.profunds.com/etfdata/ByFund/TQQQ-historical_nav.csv,ProShares official daily NAV file
2013-01-25,513600000.0,0.5834375,https://accounts.profunds.com/etfdata/ByFund/TQQQ-historical_nav.csv,ProShares official daily NAV file
2013-01-28,513600000.0,0.5871875,https://accounts.profunds.com/etfdata/ByFund/TQQQ-historical_nav.csv,ProShares official daily NAV file
2013-01-29,513600000.0,0.5877083335,https://accounts.profunds.com/etfdata/ByFund/TQQQ-historical_nav.csv,ProShares official daily NAV file
2013-01-30,504000000.0,0.58416666675,https://accounts.profunds.com/etfdata/ByFund/TQQQ-historical_nav.csv,ProShares official daily NAV file
2013-01-31,504000000.0,0.5803125,https://accounts.profunds.com/etfdata/ByFund/TQQQ-historical_nav.csv,ProShares official daily NAV file
2013-02-01,489600000.0,0.600625,https://accounts.profunds.com/etfdata/ByFund/TQQQ-historical_nav.csv,ProShares official daily NAV file
2013-02-04,489600000.0,0.5690625,https://accounts.profunds.com/etfdata/ByFund/TQQQ-historical_nav.csv,ProShares official daily NAV file
2013-02-05,480000000.0,0.5946875,https://accounts.profunds.com/etfdata/ByFund/TQQQ-historical_nav.csv,ProShares official daily NAV file
2013-02-06,480000000.0,0.5886458335,https://accounts.profunds.com/etfdata/ByFund/TQQQ-historical_nav.csv,ProShares official daily NAV file
2013-02-07,480000000.0,0.59010416675,https://accounts.profunds.com/etfdata/ByFund/TQQQ-historical_nav.csv,ProShares official daily NAV file
2013-02-08,480000000.0,0.60854166675,https://accounts.profunds.com/etfdata/ByFund/TQQQ-historical_nav.csv,ProShares official daily NAV file
2013-02-11,470400000.0,0.60854166675,https://accounts.profunds.com/etfdata/ByFund/TQQQ-historical_nav.csv,ProShares official daily NAV file
2013-02-12,456000000.0,0.6009375,https://accounts.profunds.com/etfdata/ByFund/TQQQ-historical_nav.csv,ProShares official daily NAV file
2013-02-13,441600000.0,0.60760416675,https://accounts.profunds.com/etfdata/ByFund/TQQQ-historical_nav.csv,ProShares official daily NAV file
2013-02-14,441600000.0,0.60666666675,https://accounts.profunds.com/etfdata/ByFund/TQQQ-historical_nav.csv,ProShares official daily NAV file
2013-02-15,441600000.0,0.6017708335,https://accounts.profunds.com/etfdata/ByFund/TQQQ-historical_nav.csv,ProShares official daily NAV file
2013-02-19,432000000.0,0.6145833335,https://accounts.profunds.com/etfdata/ByFund/TQQQ-historical_nav.csv,ProShares official daily NAV file
2013-02-20,412800000.0,0.58635416675,https://accounts.profunds.com/etfdata/ByFund/TQQQ-historical_nav.csv,ProShares official daily NAV file
2013-02-21,412800000.0,0.5677083335,https://accounts.profunds.com/etfdata/ByFund/TQQQ-historical_nav.csv,ProShares official daily NAV file
2013-02-22,412800000.0,0.5845833335,https://accounts.profunds.com/etfdata/ByFund/TQQQ-historical_nav.csv,ProShares official daily NAV file
2013-02-25,412800000.0,0.5620833335,https://accounts.profunds.com/etfdata/ByFund/TQQQ-historical_nav.csv,ProShares official daily NAV file
2013-02-26,412800000.0,0.56885416675,https://accounts.profunds.com/etfdata/ByFund/TQQQ-historical_nav.csv,ProShares official daily NAV file
2013-02-27,417600000.0,0.58635416675,https://accounts.profunds.com/etfdata/ByFund/TQQQ-historical_nav.csv,ProShares official daily NAV file
2013-02-28,403200000.0,0.5836458335,https://accounts.profunds.com/etfdata/ByFund/TQQQ-historical_nav.csv,ProShares official daily NAV file
2013-03-01,403200000.0,0.5903125,https://accounts.profunds.com/etfdata/ByFund/TQQQ-historical_nav.csv,ProShares official daily NAV file
2013-03-04,403200000.0,0.5980208335,https://accounts.profunds.com/etfdata/ByFund/TQQQ-historical_nav.csv,ProShares official daily NAV file
2013-03-05,360000000.0,0.62416666675,https://accounts.profunds.com/etfdata/ByFund/TQQQ-historical_nav.csv,ProShares official daily NAV file
2013-03-06,360000000.0,0.6195833335,https://accounts.profunds.com/etfdata/ByFund/TQQQ-historical_nav.csv,ProShares official daily NAV file
2013-03-07,364800000.0,0.62447916675,https://accounts.profunds.com/etfdata/ByFund/TQQQ-historical_nav.csv,ProShares official daily NAV file
2013-03-08,364800000.0,0.62666666675,https://accounts.profunds.com/etfdata/ByFund/TQQQ-historical_nav.csv,ProShares official daily NAV file
2013-03-11,364800000.0,0.63229166675,https://accounts.profunds.com/etfdata/ByFund/TQQQ-historical_nav.csv,ProShares official daily NAV file
2013-03-12,393600000.0,0.6252083335,https://accounts.profunds.com/etfdata/ByFund/TQQQ-historical_nav.csv,ProShares official daily NAV file
2013-03-13,393600000.0,0.62322916675,https://accounts.profunds.com/etfdata/ByFund/TQQQ-historical_nav.csv,ProShares official daily NAV file
2013-03-14,393600000.0,0.629375,https://accounts.profunds.com/etfdata/ByFund/TQQQ-historical_nav.csv,ProShares official daily NAV file
2013-03-15,384000000.0,0.6239583335,https://accounts.profunds.com/etfdata/ByFund/TQQQ-historical_nav.csv,ProShares official daily NAV file
2013-03-18,364800000.0,0.6195833335,https://accounts.profunds.com/etfdata/ByFund/TQQQ-historical_nav.csv,ProShares official daily NAV file
2013-03-19,360000000.0,0.61625,https://accounts.profunds.com/etfdata/ByFund/TQQQ-historical_nav.csv,ProShares official daily NAV file
2013-03-20,360000000.0,0.62822916675,https://accounts.profunds.com/etfdata/ByFund/TQQQ-historical_nav.csv,ProShares official daily NAV file
2013-03-21,360000000.0,0.60760416675,https://accounts.profunds.com/etfdata/ByFund/TQQQ-historical_nav.csv,ProShares official daily NAV file
2013-03-22,360000000.0,0.625,https://accounts.profunds.com/etfdata/ByFund/TQQQ-historical_nav.csv,ProShares official daily NAV file
2013-03-25,360000000.0,0.6173958335,https://accounts.profunds.com/etfdata/ByFund/TQQQ-historical_nav.csv,ProShares official daily NAV file
2013-03-26,360000000.0,0.6284375,https://accounts.profunds.com/etfdata/ByFund/TQQQ-historical_nav.csv,ProShares official daily NAV file
2013-03-27,360000000.0,0.63125,https://accounts.profunds.com/etfdata/ByFund/TQQQ-historical_nav.csv,ProShares official daily NAV file
2013-03-28,360000000.0,0.63604166675,https://accounts.profunds.com/etfdata/ByFund/TQQQ-historical_nav.csv,ProShares official daily NAV file
2013-04-01,360000000.0,0.6223958335,https://accounts.profunds.com/etfdata/ByFund/TQQQ-historical_nav.csv,ProShares official daily NAV file
2013-04-02,360000000.0,0.6375,https://accounts.profunds.com/etfdata/ByFund/TQQQ-historical_nav.csv,ProShares official daily NAV file
2013-04-03,350400000.0,0.62010416675,https://accounts.profunds.com/etfdata/ByFund/TQQQ-historical_nav.csv,ProShares official daily NAV file
2013-04-04,350400000.0,0.6205208335,https://accounts.profunds.com/etfdata/ByFund/TQQQ-historical_nav.csv,ProShares official daily NAV file
2013-04-05,331200000.0,0.6048958335,https://accounts.profunds.com/etfdata/ByFund/TQQQ-historical_nav.csv,ProShares official daily NAV file
2013-04-08,331200000.0,0.6145833335,https://accounts.profunds.com/etfdata/ByFund/TQQQ-historical_nav.csv,ProShares official daily NAV file
2013-04-09,331200000.0,0.626875,https://accounts.profunds.com/etfdata/ByFund/TQQQ-historical_nav.csv,ProShares official daily NAV file
2013-04-10,321600000.0,0.6634375,https://accounts.profunds.com/etfdata/ByFund/TQQQ-historical_nav.csv,ProShares official daily NAV file
2013-04-11,321600000.0,0.66260416675,https://accounts.profunds.com/etfdata/ByFund/TQQQ-historical_nav.csv,ProShares official daily NAV file
2013-04-12,321600000.0,0.66135416675,https://accounts.profunds.com/etfdata/ByFund/TQQQ-historical_nav.csv,ProShares official daily NAV file
2013-04-15,307200000.0,0.62104166675,https://accounts.profunds.com/etfdata/ByFund/TQQQ-historical_nav.csv,ProShares official daily NAV file
2013-04-16,307200000.0,0.6471875,https://accounts.profunds.com/etfdata/ByFund/TQQQ-historical_nav.csv,ProShares official daily NAV file
2013-04-17,307200000.0,0.60875,https://accounts.profunds.com/etfdata/ByFund/TQQQ-historical_nav.csv,ProShares official daily NAV file
2013-04-18,316800000.0,0.5828125,https://accounts.profunds.com/etfdata/ByFund/TQQQ-historical_nav.csv,ProShares official daily NAV file
2013-04-19,316800000.0,0.60729166675,https://accounts.profunds.com/etfdata/ByFund/TQQQ-historical_nav.csv,ProShares official daily NAV file
2013-04-22,316800000.0,0.62635416675,https://accounts.profunds.com/etfdata/ByFund/TQQQ-historical_nav.csv,ProShares official daily NAV file
2013-04-23,297600000.0,0.6436458335,https://accounts.profunds.com/etfdata/ByFund/TQQQ-historical_nav.csv,ProShares official daily NAV file
2013-04-24,297600000.0,0.6430208335,https://accounts.profunds.com/etfdata/ByFund/TQQQ-historical_nav.csv,ProShares official daily NAV file
2013-04-25,297600000.0,0.65291666675,https://accounts.profunds.com/etfdata/ByFund/TQQQ-historical_nav.csv,ProShares official daily NAV file
2013-04-26,297600000.0,0.6470833335,https://accounts.profunds.com/etfdata/ByFund/TQQQ-historical_nav.csv,ProShares official daily NAV file
2013-04-29,297600000.0,0.665,https://accounts.profunds.com/etfdata/ByFund/TQQQ-historical_nav.csv,ProShares official daily NAV file
2013-04-30,312000000.0,0.67947916675,https://accounts.profunds.com/etfdata/ByFund/TQQQ-historical_nav.csv,ProShares official daily NAV file
2013-05-01,312000000.0,0.6695833335,https://accounts.profunds.com/etfdata/ByFund/TQQQ-historical_nav.csv,ProShares official daily NAV file
2013-05-02,312000000.0,0.69541666675,https://accounts.profunds.com/etfdata/ByFund/TQQQ-historical_nav.csv,ProShares official daily NAV file
2013-05-03,297600000.0,0.72,https://accounts.profunds.com/etfdata/ByFund/TQQQ-historical_nav.csv,ProShares official daily NAV file
2013-05-06,297600000.0,0.728125,https://accounts.profunds.com/etfdata/ByFund/TQQQ-historical_nav.csv,ProShares official daily NAV file
2013-05-07,297600000.0,0.72635416675,https://accounts.profunds.com/etfdata/ByFund/TQQQ-historical_nav.csv,ProShares official daily NAV file
2013-05-08,297600000.0,0.7375,https://accounts.profunds.com/etfdata/ByFund/TQQQ-historical_nav.csv,ProShares official daily NAV file
2013-05-09,297600000.0,0.7348958335,https://accounts.profunds.com/etfdata/ByFund/TQQQ-historical_nav.csv,ProShares official daily NAV file
2013-05-10,297600000.0,0.74822916675,https://accounts.profunds.com/etfdata/ByFund/TQQQ-historical_nav.csv,ProShares official daily NAV file
2013-05-13,297600000.0,0.75010416675,https://accounts.profunds.com/etfdata/ByFund/TQQQ-historical_nav.csv,ProShares official daily NAV file
2013-05-14,297600000.0,0.761875,https://accounts.profunds.com/etfdata/ByFund/TQQQ-historical_nav.csv,ProShares official daily NAV file
2013-05-15,297600000.0,0.7667708335,https://accounts.profunds.com/etfdata/ByFund/TQQQ-historical_nav.csv,ProShares official daily NAV file
2013-05-16,297600000.0,0.764375,https://accounts.profunds.com/etfdata/ByFund/TQQQ-historical_nav.csv,ProShares official daily NAV file
2013-05-17,297600000.0,0.7865625,https://accounts.profunds.com/etfdata/ByFund/TQQQ-historical_nav.csv,ProShares official daily NAV file
2013-05-20,297600000.0,0.7817708335,https://accounts.profunds.com/etfdata/ByFund/TQQQ-historical_nav.csv,ProShares official daily NAV file
2013-05-21,297600000.0,0.78510416675,https://accounts.profunds.com/etfdata/ByFund/TQQQ-historical_nav.csv,ProShares official daily NAV file
2013-05-22,297600000.0,0.7646875,https://accounts.profunds.com/etfdata/ByFund/TQQQ-historical_nav.csv,ProShares official daily NAV file
2013-05-23,297600000.0,0.75854166675,https://accounts.profunds.com/etfdata/ByFund/TQQQ-historical_nav.csv,ProShares official daily NAV file
2013-05-24,283200000.0,0.7580208335,https://accounts.profunds.com/etfdata/ByFund/TQQQ-historical_nav.csv,ProShares official daily NAV file
2013-05-28,283200000.0,0.7730208335,https://accounts.profunds.com/etfdata/ByFund/TQQQ-historical_nav.csv,ProShares official daily NAV file
2013-05-29,283200000.0,0.7609375,https://accounts.profunds.com/etfdata/ByFund/TQQQ-historical_nav.csv,ProShares official daily NAV file
2013-05-30,283200000.0,0.7733333335,https://accounts.profunds.com/etfdata/ByFund/TQQQ-historical_nav.csv,ProShares official daily NAV file
2013-05-31,283200000.0,0.7498958335,https://accounts.profunds.com/etfdata/ByFund/TQQQ-historical_nav.csv,ProShares official daily NAV file
2013-06-03,283200000.0,0.75635416675,https://accounts.profunds.com/etfdata/ByFund/TQQQ-historical_nav.csv,ProShares official daily NAV file
2013-06-04,283200000.0,0.74416666675,https://accounts.profunds.com/etfdata/ByFund/TQQQ-historical_nav.csv,ProShares official daily NAV file
2013-06-05,283200000.0,0.7155208335,https://accounts.profunds.com/etfdata/ByFund/TQQQ-historical_nav.csv,ProShares official daily NAV file
2013-06-06,273600000.0,0.72510416675,https://accounts.profunds.com/etfdata/ByFund/TQQQ-historical_nav.csv,ProShares official daily NAV file
2013-06-07,273600000.0,0.7558333335,https://accounts.profunds.com/etfdata/ByFund/TQQQ-historical_nav.csv,ProShares official daily NAV file
2013-06-10,273600000.0,0.7559375,https://accounts.profunds.com/etfdata/ByFund/TQQQ-historical_nav.csv,ProShares official daily NAV file
2013-06-11,273600000.0,0.73322916675,https://accounts.profunds.com/etfdata/ByFund/TQQQ-historical_nav.csv,ProShares official daily NAV file
2013-06-12,273600000.0,0.7080208335,https://accounts.profunds.com/etfdata/ByFund/TQQQ-historical_nav.csv,ProShares official daily NAV file
2013-06-13,273600000.0,0.7342708335,https://accounts.profunds.com/etfdata/ByFund/TQQQ-historical_nav.csv,ProShares official daily NAV file
2013-06-14,283200000.0,0.7205208335,https://accounts.profunds.com/etfdata/ByFund/TQQQ-historical_nav.csv,ProShares official daily NAV file
2013-06-17,283200000.0,0.74104166675,https://accounts.profunds.com/etfdata/ByFund/TQQQ-historical_nav.csv,ProShares official daily NAV file
2013-06-18,283200000.0,0.7590625,https://accounts.profunds.com/etfdata/ByFund/TQQQ-historical_nav.csv,ProShares official daily NAV file
2013-06-19,283200000.0,0.7328125,https://accounts.profunds.com/etfdata/ByFund/TQQQ-historical_nav.csv,ProShares official daily NAV file
2013-06-20,297600000.0,0.67947916675,https://accounts.profunds.com/etfdata/ByFund/TQQQ-historical_nav.csv,ProShares official daily NAV file
2013-06-21,307200000.0,0.6696875,https://accounts.profunds.com/etfdata/ByFund/TQQQ-historical_nav.csv,ProShares official daily NAV file
2013-06-24,331200000.0,0.65041666675,https://accounts.profunds.com/etfdata/ByFund/TQQQ-historical_nav.csv,ProShares official daily NAV file
2013-06-25,345600000.0,0.6636458335,https://accounts.profunds.com/etfdata/ByFund/TQQQ-historical_nav.csv,ProShares official daily NAV file
2013-06-26,345600000.0,0.68229166675,https://accounts.profunds.com/etfdata/ByFund/TQQQ-historical_nav.csv,ProShares official daily NAV file
2013-06-27,345600000.0,0.69125,https://accounts.profunds.com/etfdata/ByFund/TQQQ-historical_nav.csv,ProShares official daily NAV file
2013-06-28,345600000.0,0.6928125,https://accounts.profunds.com/etfdata/ByFund/TQQQ-historical_nav.csv,ProShares official daily NAV file
2013-07-01,345600000.0,0.70697916675,https://accounts.profunds.com/etfdata/ByFund/TQQQ-historical_nav.csv,ProShares official daily NAV file
2013-07-02,345600000.0,0.7078125,https://accounts.profunds.com/etfdata/ByFund/TQQQ-historical_nav.csv,ProShares official daily NAV file
2013-07-03,345600000.0,0.71666666675,https://accounts.profunds.com/etfdata/ByFund/TQQQ-historical_nav.csv,ProShares official daily NAV file
2013-07-05,321600000.0,0.73229166675,https://accounts.profunds.com/etfdata/ByFund/TQQQ-historical_nav.csv,ProShares official daily NAV file
2013-07-08,321600000.0,0.7346875,https://accounts.profunds.com/etfdata/ByFund/TQQQ-historical_nav.csv,ProShares official daily NAV file
2013-07-09,312000000.0,0.748125,https://accounts.profunds.com/etfdata/ByFund/TQQQ-historical_nav.csv,ProShares official daily NAV file
2013-07-10,312000000.0,0.7608333335,https://accounts.profunds.com/etfdata/ByFund/TQQQ-historical_nav.csv,ProShares official daily NAV file
2013-07-11,302400000.0,0.806875,https://accounts.profunds.com/etfdata/ByFund/TQQQ-historical_nav.csv,ProShares official daily NAV file
2013-07-12,302400000.0,0.8184375,https://accounts.profunds.com/etfdata/ByFund/TQQQ-historical_nav.csv,ProShares official daily NAV file
2013-07-15,302400000.0,0.82197916675,https://accounts.profunds.com/etfdata/ByFund/TQQQ-historical_nav.csv,ProShares official daily NAV file
2013-07-16,302400000.0,0.81916666675,https://accounts.profunds.com/etfdata/ByFund/TQQQ-historical_nav.csv,ProShares official daily NAV file
2013-07-17,302400000.0,0.82541666675,https://accounts.profunds.com/etfdata/ByFund/TQQQ-historical_nav.csv,ProShares official daily NAV file
2013-07-18,307200000.0,0.81916666675,https://accounts.profunds.com/etfdata/ByFund/TQQQ-historical_nav.csv,ProShares official daily NAV file
2013-07-19,297600000.0,0.7933333335,https://accounts.profunds.com/etfdata/ByFund/TQQQ-historical_nav.csv,ProShares official daily NAV file
2013-07-22,312000000.0,0.80072916675,https://accounts.profunds.com/etfdata/ByFund/TQQQ-historical_nav.csv,ProShares official daily NAV file
2013-07-23,312000000.0,0.78260416675,https://accounts.profunds.com/etfdata/ByFund/TQQQ-historical_nav.csv,ProShares official daily NAV file
2013-07-24,312000000.0,0.79,https://accounts.profunds.com/etfdata/ByFund/TQQQ-historical_nav.csv,ProShares official daily NAV file
2013-07-25,302400000.0,0.80541666675,https://accounts.profunds.com/etfdata/ByFund/TQQQ-historical_nav.csv,ProShares official daily NAV file
2013-07-26,302400000.0,0.8177083335,https://accounts.profunds.com/etfdata/ByFund/TQQQ-historical_nav.csv,ProShares official daily NAV file
2013-07-29,302400000.0,0.8125,https://accounts.profunds.com/etfdata/ByFund/TQQQ-historical_nav.csv,ProShares official daily NAV file
2013-07-30,297600000.0,0.8255208335,https://accounts.profunds.com/etfdata/ByFund/TQQQ-historical_nav.csv,ProShares official daily NAV file
2013-07-31,297600000.0,0.8296875,https://accounts.profunds.com/etfdata/ByFund/TQQQ-historical_nav.csv,ProShares official daily NAV file
2013-08-01,297600000.0,0.85666666675,https://accounts.profunds.com/etfdata/ByFund/TQQQ-historical_nav.csv,ProShares official daily NAV file
2013-08-02,297600000.0,0.8709375,https://accounts.profunds.com/etfdata/ByFund/TQQQ-historical_nav.csv,ProShares official daily NAV file
2013-08-05,297600000.0,0.8720833335,https://accounts.profunds.com/etfdata/ByFund/TQQQ-historical_nav.csv,ProShares official daily NAV file
2013-08-06,297600000.0,0.855625,https://accounts.profunds.com/etfdata/ByFund/TQQQ-historical_nav.csv,ProShares official daily NAV file
2013-08-07,297600000.0,0.8517708335,https://accounts.profunds.com/etfdata/ByFund/TQQQ-historical_nav.csv,ProShares official daily NAV file
2013-08-08,283200000.0,0.86385416675,https://accounts.profunds.com/etfdata/ByFund/TQQQ-historical_nav.csv,ProShares official daily NAV file
2013-08-09,283200000.0,0.8539583335,https://accounts.profunds.com/etfdata/ByFund/TQQQ-historical_nav.csv,ProShares official daily NAV file
2013-08-12,283200000.0,0.8596875,https://accounts.profunds.com/etfdata/ByFund/TQQQ-historical_nav.csv,ProShares official daily NAV file
2013-08-13,283200000.0,0.8742708335,https://accounts.profunds.com/etfdata/ByFund/TQQQ-historical_nav.csv,ProShares official daily NAV file
2013-08-14,283200000.0,0.86416666675,https://accounts.profunds.com/etfdata/ByFund/TQQQ-historical_nav.csv,ProShares official daily NAV file
2013-08-15,283200000.0,0.8202083335,https://accounts.profunds.com/etfdata/ByFund/TQQQ-historical_nav.csv,ProShares official daily NAV file
2013-08-16,283200000.0,0.8184375,https://accounts.profunds.com/etfdata/ByFund/TQQQ-historical_nav.csv,ProShares official daily NAV file
2013-08-19,283200000.0,0.8148958335,https://accounts.profunds.com/etfdata/ByFund/TQQQ-historical_nav.csv,ProShares official daily NAV file
2013-08-20,278400000.0,0.825625,https://accounts.profunds.com/etfdata/ByFund/TQQQ-historical_nav.csv,ProShares official daily NAV file
2013-08-21,278400000.0,0.81666666675,https://accounts.profunds.com/etfdata/ByFund/TQQQ-historical_nav.csv,ProShares official daily NAV file
2013-08-22,278400000.0,0.84072916675,https://accounts.profunds.com/etfdata/ByFund/TQQQ-historical_nav.csv,ProShares official daily NAV file
2013-08-23,278400000.0,0.8583333335,https://accounts.profunds.com/etfdata/ByFund/TQQQ-historical_nav.csv,ProShares official daily NAV file
2013-08-26,278400000.0,0.85822916675,https://accounts.profunds.com/etfdata/ByFund/TQQQ-historical_nav.csv,ProShares official daily NAV file
2013-08-27,283200000.0,0.8045833335,https://accounts.profunds.com/etfdata/ByFund/TQQQ-historical_nav.csv,ProShares official daily NAV file
2013-08-28,283200000.0,0.81541666675,https://accounts.profunds.com/etfdata/ByFund/TQQQ-historical_nav.csv,ProShares official daily NAV file
2013-08-29,273600000.0,0.83229166675,https://accounts.profunds.com/etfdata/ByFund/TQQQ-historical_nav.csv,ProShares official daily NAV file
2013-08-30,273600000.0,0.81635416675,https://accounts.profunds.com/etfdata/ByFund/TQQQ-historical_nav.csv,ProShares official daily NAV file
2013-09-03,283200000.0,0.8305208335,https://accounts.profunds.com/etfdata/ByFund/TQQQ-historical_nav.csv,ProShares official daily NAV file
2013-09-04,283200000.0,0.8570833335,https://accounts.profunds.com/etfdata/ByFund/TQQQ-historical_nav.csv,ProShares official daily NAV file
2013-09-05,278400000.0,0.8614583335,https://accounts.profunds.com/etfdata/ByFund/TQQQ-historical_nav.csv,ProShares official daily NAV file
2013-09-06,278400000.0,0.8642708335,https://accounts.profunds.com/etfdata/ByFund/TQQQ-historical_nav.csv,ProShares official daily NAV file
2013-09-09,278400000.0,0.8945833335,https://accounts.profunds.com/etfdata/ByFund/TQQQ-historical_nav.csv,ProShares official daily NAV file
2013-09-10,283200000.0,0.90729166675,https://accounts.profunds.com/etfdata/ByFund/TQQQ-historical_nav.csv,ProShares official daily NAV file
2013-09-11,292800000.0,0.90291666675,https://accounts.profunds.com/etfdata/ByFund/TQQQ-historical_nav.csv,ProShares official daily NAV file
2013-09-12,292800000.0,0.90010416675,https://accounts.profunds.com/etfdata/ByFund/TQQQ-historical_nav.csv,ProShares official daily NAV file
2013-09-13,307200000.0,0.90197916675,https://accounts.profunds.com/etfdata/ByFund/TQQQ-historical_nav.csv,ProShares official daily NAV file
2013-09-16,307200000.0,0.8942708335,https://accounts.profunds.com/etfdata/ByFund/TQQQ-historical_nav.csv,ProShares official daily NAV file
2013-09-17,316800000.0,0.9127083335,https://accounts.profunds.com/etfdata/ByFund/TQQQ-historical_nav.csv,ProShares official daily NAV file
2013-09-18,316800000.0,0.9465625,https://accounts.profunds.com/etfdata/ByFund/TQQQ-historical_nav.csv,ProShares official daily NAV file
2013-09-19,316800000.0,0.9521875,https://accounts.profunds.com/etfdata/ByFund/TQQQ-historical_nav.csv,ProShares official daily NAV file
2013-09-20,316800000.0,0.9414583335,https://accounts.profunds.com/etfdata/ByFund/TQQQ-historical_nav.csv,ProShares official daily NAV file
2013-09-23,316800000.0,0.93666666675,https://accounts.profunds.com/etfdata/ByFund/TQQQ-historical_nav.csv,ProShares official daily NAV file
2013-09-24,316800000.0,0.9359375,https://accounts.profunds.com/etfdata/ByFund/TQQQ-historical_nav.csv,ProShares official daily NAV file
2013-09-25,288000000.0,0.9273958335,https://accounts.profunds.com/etfdata/ByFund/TQQQ-historical_nav.csv,ProShares official daily NAV file
2013-09-26,288000000.0,0.94854166675,https://accounts.profunds.com/etfdata/ByFund/TQQQ-historical_nav.csv,ProShares official daily NAV file
2013-09-27,288000000.0,0.9452083335,https://accounts.profunds.com/etfdata/ByFund/TQQQ-historical_nav.csv,ProShares official daily NAV file
2013-09-30,283200000.0,0.9359375,https://accounts.profunds.com/etfdata/ByFund/TQQQ-historical_nav.csv,ProShares official daily NAV file
2013-10-01,283200000.0,0.96625,https://accounts.profunds.com/etfdata/ByFund/TQQQ-historical_nav.csv,ProShares official daily NAV file
2013-10-02,283200000.0,0.96572916675,https://accounts.profunds.com/etfdata/ByFund/TQQQ-historical_nav.csv,ProShares official daily NAV file
2013-10-03,302400000.0,0.9309375,https://accounts.profunds.com/etfdata/ByFund/TQQQ-historical_nav.csv,ProShares official daily NAV file
2013-10-04,312000000.0,0.95572916675,https://accounts.profunds.com/etfdata/ByFund/TQQQ-historical_nav.csv,ProShares official daily NAV file
2013-10-07,307200000.0,0.9317708335,https://accounts.profunds.com/etfdata/ByFund/TQQQ-historical_nav.csv,ProShares official daily NAV file
2013-10-08,307200000.0,0.87791666675,https://accounts.profunds.com/etfdata/ByFund/TQQQ-historical_nav.csv,ProShares official daily NAV file
2013-10-09,312000000.0,0.8686458335,https://accounts.profunds.com/etfdata/ByFund/TQQQ-historical_nav.csv,ProShares official daily NAV file
2013-10-10,345600000.0,0.925,https://accounts.profunds.com/etfdata/ByFund/TQQQ-historical_nav.csv,ProShares official daily NAV file
2013-10-11,345600000.0,0.94541666675,https://accounts.profunds.com/etfdata/ByFund/TQQQ-historical_nav.csv,ProShares official daily NAV file
2013-10-14,307200000.0,0.965,https://accounts.profunds.com/etfdata/ByFund/TQQQ-historical_nav.csv,ProShares official daily NAV file
2013-10-15,312000000.0,0.95447916675,https://accounts.profunds.com/etfdata/ByFund/TQQQ-historical_nav.csv,ProShares official daily NAV file
2013-10-16,312000000.0,0.9867708335,https://accounts.profunds.com/etfdata/ByFund/TQQQ-historical_nav.csv,ProShares official daily NAV file
2013-10-17,321600000.0,1.0039583335,https://accounts.profunds.com/etfdata/ByFund/TQQQ-historical_nav.csv,ProShares official daily NAV file
2013-10-18,355200000.0,1.0525,https://accounts.profunds.com/etfdata/ByFund/TQQQ-historical_nav.csv,ProShares official daily NAV file
2013-10-21,355200000.0,1.05885416675,https://accounts.profunds.com/etfdata/ByFund/TQQQ-historical_nav.csv,ProShares official daily NAV file
2013-10-22,316800000.0,1.06385416675,https://accounts.profunds.com/etfdata/ByFund/TQQQ-historical_nav.csv,ProShares official daily NAV file
2013-10-23,316800000.0,1.0446875,https://accounts.profunds.com/etfdata/ByFund/TQQQ-historical_nav.csv,ProShares official daily NAV file
2013-10-24,326400000.0,1.059375,https://accounts.profunds.com/etfdata/ByFund/TQQQ-historical_nav.csv,ProShares official daily NAV file
2013-10-25,326400000.0,1.08010416675,https://accounts.profunds.com/etfdata/ByFund/TQQQ-historical_nav.csv,ProShares official daily NAV file
2013-10-28,326400000.0,1.0803125,https://accounts.profunds.com/etfdata/ByFund/TQQQ-historical_nav.csv,ProShares official daily NAV file
2013-10-29,331200000.0,1.0875,https://accounts.profunds.com/etfdata/ByFund/TQQQ-historical_nav.csv,ProShares official daily NAV file
2013-10-30,331200000.0,1.0820833335,https://accounts.profunds.com/etfdata/ByFund/TQQQ-historical_nav.csv,ProShares official daily NAV file
2013-10-31,345600000.0,1.0748958335,https://accounts.profunds.com/etfdata/ByFund/TQQQ-historical_nav.csv,ProShares official daily NAV file
2013-11-01,345600000.0,1.07625,https://accounts.profunds.com/etfdata/ByFund/TQQQ-historical_nav.csv,ProShares official daily NAV file
2013-11-04,345600000.0,1.0811458335,https://accounts.profunds.com/etfdata/ByFund/TQQQ-historical_nav.csv,ProShares official daily NAV file
2013-11-05,345600000.0,1.0859375,https://accounts.profunds.com/etfdata/ByFund/TQQQ-historical_nav.csv,ProShares official daily NAV file
2013-11-06,345600000.0,1.084375,https://accounts.profunds.com/etfdata/ByFund/TQQQ-historical_nav.csv,ProShares official daily NAV file
2013-11-07,345600000.0,1.0230208335,https://accounts.profunds.com/etfdata/ByFund/TQQQ-historical_nav.csv,ProShares official daily NAV file
2013-11-08,345600000.0,1.06510416675,https://accounts.profunds.com/etfdata/ByFund/TQQQ-historical_nav.csv,ProShares official daily NAV file
2013-11-11,350400000.0,1.0609375,https://accounts.profunds.com/etfdata/ByFund/TQQQ-historical_nav.csv,ProShares official daily NAV file
2013-11-12,350400000.0,1.0640625,https://accounts.profunds.com/etfdata/ByFund/TQQQ-historical_nav.csv,ProShares official daily NAV file
2013-11-13,350400000.0,1.10260416675,https://accounts.profunds.com/etfdata/ByFund/TQQQ-historical_nav.csv,ProShares official daily NAV file
2013-11-14,345600000.0,1.1117708335,https://accounts.profunds.com/etfdata/ByFund/TQQQ-historical_nav.csv,ProShares official daily NAV file
2013-11-15,331200000.0,1.11947916675,https://accounts.profunds.com/etfdata/ByFund/TQQQ-historical_nav.csv,ProShares official daily NAV file
2013-11-18,331200000.0,1.0865625,https://accounts.profunds.com/etfdata/ByFund/TQQQ-historical_nav.csv,ProShares official daily NAV file
2013-11-19,331200000.0,1.0778125,https://accounts.profunds.com/etfdata/ByFund/TQQQ-historical_nav.csv,ProShares official daily NAV file
2013-11-20,331200000.0,1.0684375,https://accounts.profunds.com/etfdata/ByFund/TQQQ-historical_nav.csv,ProShares official daily NAV file
2013-11-21,340800000.0,1.10197916675,https://accounts.profunds.com/etfdata/ByFund/TQQQ-historical_nav.csv,ProShares official daily NAV file
2013-11-22,340800000.0,1.1203125,https://accounts.profunds.com/etfdata/ByFund/TQQQ-historical_nav.csv,ProShares official daily NAV file
2013-11-25,340800000.0,1.12635416675,https://accounts.profunds.com/etfdata/ByFund/TQQQ-historical_nav.csv,ProShares official daily NAV file
2013-11-26,340800000.0,1.145,https://accounts.profunds.com/etfdata/ByFund/TQQQ-historical_nav.csv,ProShares official daily NAV file
2013-11-27,340800000.0,1.16885416675,https://accounts.profunds.com/etfdata/ByFund/TQQQ-historical_nav.csv,ProShares official daily NAV file
2013-11-29,340800000.0,1.1873958335,https://accounts.profunds.com/etfdata/ByFund/TQQQ-historical_nav.csv,ProShares official daily NAV file
2013-12-02,364800000.0,1.179375,https://accounts.profunds.com/etfdata/ByFund/TQQQ-historical_nav.csv,ProShares official daily NAV file
2013-12-03,369600000.0,1.1770833335,https://accounts.profunds.com/etfdata/ByFund/TQQQ-historical_nav.csv,ProShares official daily NAV file
2013-12-04,369600000.0,1.1805208335,https://accounts.profunds.com/etfdata/ByFund/TQQQ-historical_nav.csv,ProShares official daily NAV file
2013-12-05,369600000.0,1.1755208335,https://accounts.profunds.com/etfdata/ByFund/TQQQ-historical_nav.csv,ProShares official daily NAV file
2013-12-06,369600000.0,1.20197916675,https://accounts.profunds.com/etfdata/ByFund/TQQQ-historical_nav.csv,ProShares official daily NAV file
2013-12-09,369600000.0,1.21479166675,https://accounts.profunds.com/etfdata/ByFund/TQQQ-historical_nav.csv,ProShares official daily NAV file
2013-12-10,374400000.0,1.21260416675,https://accounts.profunds.com/etfdata/ByFund/TQQQ-historical_nav.csv,ProShares official daily NAV file
2013-12-11,398400000.0,1.1659375,https://accounts.profunds.com/etfdata/ByFund/TQQQ-historical_nav.csv,ProShares official daily NAV file
2013-12-12,398400000.0,1.15697916675,https://accounts.profunds.com/etfdata/ByFund/TQQQ-historical_nav.csv,ProShares official daily NAV file
2013-12-13,398400000.0,1.15291666675,https://accounts.profunds.com/etfdata/ByFund/TQQQ-historical_nav.csv,ProShares official daily NAV file
2013-12-16,398400000.0,1.17229166675,https://accounts.profunds.com/etfdata/ByFund/TQQQ-historical_nav.csv,ProShares official daily NAV file
2013-12-17,403200000.0,1.16541666675,https://accounts.profunds.com/etfdata/ByFund/TQQQ-historical_nav.csv,ProShares official daily NAV file
2013-12-18,417600000.0,1.2059375,https://accounts.profunds.com/etfdata/ByFund/TQQQ-historical_nav.csv,ProShares official daily NAV file
2013-12-19,422400000.0,1.19479166675,https://accounts.profunds.com/etfdata/ByFund/TQQQ-historical_nav.csv,ProShares official daily NAV file
2013-12-20,374400000.0,1.22854166675,https://accounts.profunds.com/etfdata/ByFund/TQQQ-historical_nav.csv,ProShares official daily NAV file
2013-12-23,393600000.0,1.2683333335,https://accounts.profunds.com/etfdata/ByFund/TQQQ-historical_nav.csv,ProShares official daily NAV file
2013-12-24,432000000.0,1.27166666675,https://accounts.profunds.com/etfdata/ByFund/TQQQ-historical_nav.csv,ProShares official daily NAV file
2013-12-26,432000000.0,1.2840625,https://accounts.profunds.com/etfdata/ByFund/TQQQ-historical_nav.csv,ProShares official daily NAV file
2013-12-27,432000000.0,1.27322916675,https://accounts.profunds.com/etfdata/ByFund/TQQQ-historical_nav.csv,ProShares official daily NAV file
2013-12-30,432000000.0,1.26875,https://accounts.profunds.com/etfdata/ByFund/TQQQ-historical_nav.csv,ProShares official daily NAV file
2013-12-31,432000000.0,1.2923958335,https://accounts.profunds.com/etfdata/ByFund/TQQQ-historical_nav.csv,ProShares official daily NAV file
2014-01-02,432000000.0,1.26229166675,https://accounts.profunds.com/etfdata/ByFund/TQQQ-historical_nav.csv,ProShares official daily NAV file
2014-01-03,432000000.0,1.23541666675,https://accounts.profunds.com/etfdata/ByFund/TQQQ-historical_nav.csv,ProShares official daily NAV file
2014-01-06,432000000.0,1.2227083335,https://accounts.profunds.com/etfdata/ByFund/TQQQ-historical_nav.csv,ProShares official daily NAV file
2014-01-07,432000000.0,1.2548958335,https://accounts.profunds.com/etfdata/ByFund/TQQQ-historical_nav.csv,ProShares official daily NAV file
2014-01-08,432000000.0,1.2648958335,https://accounts.profunds.com/etfdata/ByFund/TQQQ-historical_nav.csv,ProShares official daily NAV file
2014-01-09,446400000.0,1.2495833335,https://accounts.profunds.com/etfdata/ByFund/TQQQ-historical_nav.csv,ProShares official daily NAV file
2014-01-10,446400000.0,1.2625,https://accounts.profunds.com/etfdata/ByFund/TQQQ-historical_nav.csv,ProShares official daily NAV file
2014-01-13,446400000.0,1.2065625,https://accounts.profunds.com/etfdata/ByFund/TQQQ-historical_nav.csv,ProShares official daily NAV file
2014-01-14,446400000.0,1.27635416675,https://accounts.profunds.com/etfdata/ByFund/TQQQ-historical_nav.csv,ProShares official daily NAV file
2014-01-15,436800000.0,1.3075,https://accounts.profunds.com/etfdata/ByFund/TQQQ-historical_nav.csv,ProShares official daily NAV file
2014-01-16,436800000.0,1.30885416675,https://accounts.profunds.com/etfdata/ByFund/TQQQ-historical_nav.csv,ProShares official daily NAV file
2014-01-17,422400000.0,1.2865625,https://accounts.profunds.com/etfdata/ByFund/TQQQ-historical_nav.csv,ProShares official daily NAV file
2014-01-21,422400000.0,1.3152083335,https://accounts.profunds.com/etfdata/ByFund/TQQQ-historical_nav.csv,ProShares official daily NAV file
2014-01-22,422400000.0,1.3261458335,https://accounts.profunds.com/etfdata/ByFund/TQQQ-historical_nav.csv,ProShares official daily NAV file
2014-01-23,432000000.0,1.31072916675,https://accounts.profunds.com/etfdata/ByFund/TQQQ-historical_nav.csv,ProShares official daily NAV file
2014-01-24,432000000.0,1.2320833335,https://accounts.profunds.com/etfdata/ByFund/TQQQ-historical_nav.csv,ProShares official daily NAV file
2014-01-27,420000000.0,1.19791666675,https://accounts.profunds.com/etfdata/ByFund/TQQQ-historical_nav.csv,ProShares official daily NAV file
2014-01-28,420000000.0,1.19479166675,https://accounts.profunds.com/etfdata/ByFund/TQQQ-historical_nav.csv,ProShares official daily NAV file
2014-01-29,420000000.0,1.15625,https://accounts.profunds.com/etfdata/ByFund/TQQQ-historical_nav.csv,ProShares official daily NAV file
2014-01-30,420000000.0,1.220625,https://accounts.profunds.com/etfdata/ByFund/TQQQ-historical_nav.csv,ProShares official daily NAV file
2014-01-31,415200000.0,1.21,https://accounts.profunds.com/etfdata/ByFund/TQQQ-historical_nav.csv,ProShares official daily NAV file
2014-02-03,415200000.0,1.12604166675,https://accounts.profunds.com/etfdata/ByFund/TQQQ-historical_nav.csv,ProShares official daily NAV file
2014-02-04,415200000.0,1.1545833335,https://accounts.profunds.com/etfdata/ByFund/TQQQ-historical_nav.csv,ProShares official daily NAV file
2014-02-05,415200000.0,1.14104166675,https://accounts.profunds.com/etfdata/ByFund/TQQQ-historical_nav.csv,ProShares official daily NAV file
2014-02-06,398400000.0,1.1858333335,https://accounts.profunds.com/etfdata/ByFund/TQQQ-historical_nav.csv,ProShares official daily NAV file
2014-02-07,398400000.0,1.2508333335,https://accounts.profunds.com/etfdata/ByFund/TQQQ-historical_nav.csv,ProShares official daily NAV file
2014-02-10,398400000.0,1.2720833335,https://accounts.profunds.com/etfdata/ByFund/TQQQ-historical_nav.csv,ProShares official daily NAV file
2014-02-11,398400000.0,1.31479166675,https://accounts.profunds.com/etfdata/ByFund/TQQQ-historical_nav.csv,ProShares official daily NAV file
2014-02-12,398400000.0,1.32125,https://accounts.profunds.com/etfdata/ByFund/TQQQ-historical_nav.csv,ProShares official daily NAV file
2014-02-13,398400000.0,1.355625,https://accounts.profunds.com/etfdata/ByFund/TQQQ-historical_nav.csv,ProShares official daily NAV file
2014-02-14,415200000.0,1.3608333335,https://accounts.profunds.com/etfdata/ByFund/TQQQ-historical_nav.csv,ProShares official daily NAV file
2014-02-18,415200000.0,1.380625,https://accounts.profunds.com/etfdata/ByFund/TQQQ-historical_nav.csv,ProShares official daily NAV file
2014-02-19,415200000.0,1.3508333335,https://accounts.profunds.com/etfdata/ByFund/TQQQ-historical_nav.csv,ProShares official daily NAV file
2014-02-20,415200000.0,1.37166666675,https://accounts.profunds.com/etfdata/ByFund/TQQQ-historical_nav.csv,ProShares official daily NAV file
2014-02-21,403200000.0,1.361875,https://accounts.profunds.com/etfdata/ByFund/TQQQ-historical_nav.csv,ProShares official daily NAV file
2014-02-24,403200000.0,1.38729166675,https://accounts.profunds.com/etfdata/ByFund/TQQQ-historical_nav.csv,ProShares official daily NAV file
2014-02-25,410400000.0,1.37979166675,https://accounts.profunds.com/etfdata/ByFund/TQQQ-historical_nav.csv,ProShares official daily NAV file
2014-02-26,410400000.0,1.376875,https://accounts.profunds.com/etfdata/ByFund/TQQQ-historical_nav.csv,ProShares official daily NAV file
2014-02-27,412800000.0,1.40291666675,https://accounts.profunds.com/etfdata/ByFund/TQQQ-historical_nav.csv,ProShares official daily NAV file
2014-02-28,412800000.0,1.39875,https://accounts.profunds.com/etfdata/ByFund/TQQQ-historical_nav.csv,ProShares official daily NAV file
2014-03-03,412800000.0,1.3677083335,https://accounts.profunds.com/etfdata/ByFund/TQQQ-historical_nav.csv,ProShares official daily NAV file
2014-03-04,405600000.0,1.424375,https://accounts.profunds.com/etfdata/ByFund/TQQQ-historical_nav.csv,ProShares official daily NAV file
2014-03-05,405600000.0,1.433125,https://accounts.profunds.com/etfdata/ByFund/TQQQ-historical_nav.csv,ProShares official daily NAV file
2014-03-06,405600000.0,1.42625,https://accounts.profunds.com/etfdata/ByFund/TQQQ-historical_nav.csv,ProShares official daily NAV file
2014-03-07,405600000.0,1.40604166675,https://accounts.profunds.com/etfdata/ByFund/TQQQ-historical_nav.csv,ProShares official daily NAV file
2014-03-10,405600000.0,1.409375,https://accounts.profunds.com/etfdata/ByFund/TQQQ-historical_nav.csv,ProShares official daily NAV file
2014-03-11,415200000.0,1.3920833335,https://accounts.profunds.com/etfdata/ByFund/TQQQ-historical_nav.csv,ProShares official daily NAV file
2014-03-12,415200000.0,1.4095833335,https://accounts.profunds.com/etfdata/ByFund/TQQQ-historical_nav.csv,ProShares official daily NAV file
2014-03-13,415200000.0,1.346875,https://accounts.profunds.com/etfdata/ByFund/TQQQ-historical_nav.csv,ProShares official daily NAV file
2014-03-14,415200000.0,1.3202083335,https://accounts.profunds.com/etfdata/ByFund/TQQQ-historical_nav.csv,ProShares official daily NAV file
2014-03-17,424800000.0,1.3577083335,https://accounts.profunds.com/etfdata/ByFund/TQQQ-historical_nav.csv,ProShares official daily NAV file
2014-03-18,424800000.0,1.406875,https://accounts.profunds.com/etfdata/ByFund/TQQQ-historical_nav.csv,ProShares official daily NAV file
2014-03-19,424800000.0,1.38,https://accounts.profunds.com/etfdata/ByFund/TQQQ-historical_nav.csv,ProShares official daily NAV file
2014-03-20,424800000.0,1.39229166675,https://accounts.profunds.com/etfdata/ByFund/TQQQ-historical_nav.csv,ProShares official daily NAV file
2014-03-21,424800000.0,1.345625,https://accounts.profunds.com/etfdata/ByFund/TQQQ-historical_nav.csv,ProShares official daily NAV file
2014-03-24,436800000.0,1.3064583335,https://accounts.profunds.com/etfdata/ByFund/TQQQ-historical_nav.csv,ProShares official daily NAV file
2014-03-25,451200000.0,1.31979166675,https://accounts.profunds.com/etfdata/ByFund/TQQQ-historical_nav.csv,ProShares official daily NAV file
2014-03-26,458400000.0,1.26854166675,https://accounts.profunds.com/etfdata/ByFund/TQQQ-historical_nav.csv,ProShares official daily NAV file
2014-03-27,458400000.0,1.2477083335,https://accounts.profunds.com/etfdata/ByFund/TQQQ-historical_nav.csv,ProShares official daily NAV file
2014-03-28,458400000.0,1.25625,https://accounts.profunds.com/etfdata/ByFund/TQQQ-historical_nav.csv,ProShares official daily NAV file
2014-03-31,458400000.0,1.28229166675,https://accounts.profunds.com/etfdata/ByFund/TQQQ-historical_nav.csv,ProShares official daily NAV file
2014-04-01,458400000.0,1.3502083335,https://accounts.profunds.com/etfdata/ByFund/TQQQ-historical_nav.csv,ProShares official daily NAV file
2014-04-02,468000000.0,1.35875,https://accounts.profunds.com/etfdata/ByFund/TQQQ-historical_nav.csv,ProShares official daily NAV file
2014-04-03,468000000.0,1.326875,https://accounts.profunds.com/etfdata/ByFund/TQQQ-historical_nav.csv,ProShares official daily NAV file
2014-04-04,513600000.0,1.2195833335,https://accounts.profunds.com/etfdata/ByFund/TQQQ-historical_nav.csv,ProShares official daily NAV file
2014-04-07,513600000.0,1.1864583335,https://accounts.profunds.com/etfdata/ByFund/TQQQ-historical_nav.csv,ProShares official daily NAV file
2014-04-08,513600000.0,1.2177083335,https://accounts.profunds.com/etfdata/ByFund/TQQQ-historical_nav.csv,ProShares official daily NAV file
2014-04-09,513600000.0,1.281875,https://accounts.profunds.com/etfdata/ByFund/TQQQ-historical_nav.csv,ProShares official daily NAV file
2014-04-10,513600000.0,1.16166666675,https://accounts.profunds.com/etfdata/ByFund/TQQQ-historical_nav.csv,ProShares official daily NAV file
2014-04-11,518400000.0,1.120625,https://accounts.profunds.com/etfdata/ByFund/TQQQ-historical_nav.csv,ProShares official daily NAV file
2014-04-14,542400000.0,1.1475,https://accounts.profunds.com/etfdata/ByFund/TQQQ-historical_nav.csv,ProShares official daily NAV file
2014-04-15,559200000.0,1.16041666675,https://accounts.profunds.com/etfdata/ByFund/TQQQ-historical_nav.csv,ProShares official daily NAV file
2014-04-16,547200000.0,1.20541666675,https://accounts.profunds.com/etfdata/ByFund/TQQQ-historical_nav.csv,ProShares official daily NAV file
2014-04-17,532800000.0,1.206875,https://accounts.profunds.com/etfdata/ByFund/TQQQ-historical_nav.csv,ProShares official daily NAV file
2014-04-21,532800000.0,1.2327083335,https://accounts.profunds.com/etfdata/ByFund/TQQQ-historical_nav.csv,ProShares official daily NAV file
2014-04-22,537600000.0,1.2627083335,https://accounts.profunds.com/etfdata/ByFund/TQQQ-historical_nav.csv,ProShares official daily NAV file
2014-04-23,520800000.0,1.2289583335,https://accounts.profunds.com/etfdata/ByFund/TQQQ-historical_nav.csv,ProShares official daily NAV file
2014-04-24,516000000.0,1.26416666675,https://accounts.profunds.com/etfdata/ByFund/TQQQ-historical_nav.csv,ProShares official daily NAV file
2014-04-25,516000000.0,1.20291666675,https://accounts.profunds.com/etfdata/ByFund/TQQQ-historical_nav.csv,ProShares official daily NAV file
2014-04-28,516000000.0,1.2152083335,https://accounts.profunds.com/etfdata/ByFund/TQQQ-historical_nav.csv,ProShares official daily NAV file
2014-04-29,501600000.0,1.245,https://accounts.profunds.com/etfdata/ByFund/TQQQ-historical_nav.csv,ProShares official daily NAV file
2014-04-30,492000000.0,1.2533333335,https://accounts.profunds.com/etfdata/ByFund/TQQQ-historical_nav.csv,ProShares official daily NAV file
2014-05-01,492000000.0,1.26604166675,https://accounts.profunds.com/etfdata/ByFund/TQQQ-historical_nav.csv,ProShares official daily NAV file
2014-05-02,489600000.0,1.2589583335,https://accounts.profunds.com/etfdata/ByFund/TQQQ-historical_nav.csv,ProShares official daily NAV file
2014-05-05,482400000.0,1.2783333335,https://accounts.profunds.com/etfdata/ByFund/TQQQ-historical_nav.csv,ProShares official daily NAV file
2014-05-06,482400000.0,1.226875,https://accounts.profunds.com/etfdata/ByFund/TQQQ-historical_nav.csv,ProShares official daily NAV file
2014-05-07,506400000.0,1.21625,https://accounts.profunds.com/etfdata/ByFund/TQQQ-historical_nav.csv,ProShares official daily NAV file
2014-05-08,494400000.0,1.2127083335,https://accounts.profunds.com/etfdata/ByFund/TQQQ-historical_nav.csv,ProShares official daily NAV file
2014-05-09,484800000.0,1.2283333335,https://accounts.profunds.com/etfdata/ByFund/TQQQ-historical_nav.csv,ProShares official daily NAV file
2014-05-12,463200000.0,1.2875,https://accounts.profunds.com/etfdata/ByFund/TQQQ-historical_nav.csv,ProShares official daily NAV file
2014-05-13,458400000.0,1.28854166675,https://accounts.profunds.com/etfdata/ByFund/TQQQ-historical_nav.csv,ProShares official daily NAV file
2014-05-14,448800000.0,1.2695833335,https://accounts.profunds.com/etfdata/ByFund/TQQQ-historical_nav.csv,ProShares official daily NAV file
2014-05-15,448800000.0,1.23979166675,https://accounts.profunds.com/etfdata/ByFund/TQQQ-historical_nav.csv,ProShares official daily NAV file
2014-05-16,460800000.0,1.2627083335,https://accounts.profunds.com/etfdata/ByFund/TQQQ-historical_nav.csv,ProShares official daily NAV file
2014-05-19,444000000.0,1.2925,https://accounts.profunds.com/etfdata/ByFund/TQQQ-historical_nav.csv,ProShares official daily NAV file
2014-05-20,444000000.0,1.27625,https://accounts.profunds.com/etfdata/ByFund/TQQQ-historical_nav.csv,ProShares official daily NAV file
2014-05-21,432000000.0,1.31375,https://accounts.profunds.com/etfdata/ByFund/TQQQ-historical_nav.csv,ProShares official daily NAV file
2014-05-22,424800000.0,1.3302083335,https://accounts.profunds.com/etfdata/ByFund/TQQQ-historical_nav.csv,ProShares official daily NAV file
2014-05-23,410400000.0,1.35916666675,https://accounts.profunds.com/etfdata/ByFund/TQQQ-historical_nav.csv,ProShares official daily NAV file
2014-05-27,410400000.0,1.40979166675,https://accounts.profunds.com/etfdata/ByFund/TQQQ-historical_nav.csv,ProShares official daily NAV file
2014-05-28,410400000.0,1.3975,https://accounts.profunds.com/etfdata/ByFund/TQQQ-historical_nav.csv,ProShares official daily NAV file
2014-05-29,410400000.0,1.4239583335,https://accounts.profunds.com/etfdata/ByFund/TQQQ-historical_nav.csv,ProShares official daily NAV file
2014-05-30,410400000.0,1.4252083335,https://accounts.profunds.com/etfdata/ByFund/TQQQ-historical_nav.csv,ProShares official daily NAV file
2014-06-02,410400000.0,1.42125,https://accounts.profunds.com/etfdata/ByFund/TQQQ-historical_nav.csv,ProShares official daily NAV file
2014-06-03,410400000.0,1.41791666675,https://accounts.profunds.com/etfdata/ByFund/TQQQ-historical_nav.csv,ProShares official daily NAV file
2014-06-04,391200000.0,1.4333333335,https://accounts.profunds.com/etfdata/ByFund/TQQQ-historical_nav.csv,ProShares official daily NAV file
2014-06-05,391200000.0,1.4714583335,https://accounts.profunds.com/etfdata/ByFund/TQQQ-historical_nav.csv,ProShares official daily NAV file
2014-06-06,391200000.0,1.49229166675,https://accounts.profunds.com/etfdata/ByFund/TQQQ-historical_nav.csv,ProShares official daily NAV file
2014-06-09,400800000.0,1.4933333335,https://accounts.profunds.com/etfdata/ByFund/TQQQ-historical_nav.csv,ProShares official daily NAV file
2014-06-10,388800000.0,1.499375,https://accounts.profunds.com/etfdata/ByFund/TQQQ-historical_nav.csv,ProShares official daily NAV file
2014-06-11,388800000.0,1.49666666675,https://accounts.profunds.com/etfdata/ByFund/TQQQ-historical_nav.csv,ProShares official daily NAV file
2014-06-12,388800000.0,1.4564583335,https://accounts.profunds.com/etfdata/ByFund/TQQQ-historical_nav.csv,ProShares official daily NAV file
2014-06-13,376800000.0,1.47,https://accounts.profunds.com/etfdata/ByFund/TQQQ-historical_nav.csv,ProShares official daily NAV file
2014-06-16,376800000.0,1.47479166675,https://accounts.profunds.com/etfdata/ByFund/TQQQ-historical_nav.csv,ProShares official daily NAV file
2014-06-17,376800000.0,1.4764583335,https://accounts.profunds.com/etfdata/ByFund/TQQQ-historical_nav.csv,ProShares official daily NAV file
2014-06-18,376800000.0,1.50354166675,https://accounts.profunds.com/etfdata/ByFund/TQQQ-historical_nav.csv,ProShares official daily NAV file
2014-06-19,352800000.0,1.4989583335,https://accounts.profunds.com/etfdata/ByFund/TQQQ-historical_nav.csv,ProShares official daily NAV file
2014-06-20,352800000.0,1.50125,https://accounts.profunds.com/etfdata/ByFund/TQQQ-historical_nav.csv,ProShares official daily NAV file
2014-06-23,367200000.0,1.50416666675,https://accounts.profunds.com/etfdata/ByFund/TQQQ-historical_nav.csv,ProShares official daily NAV file
2014-06-24,357600000.0,1.49729166675,https://accounts.profunds.com/etfdata/ByFund/TQQQ-historical_nav.csv,ProShares official daily NAV file
2014-06-25,357600000.0,1.5295833335,https://accounts.profunds.com/etfdata/ByFund/TQQQ-historical_nav.csv,ProShares official daily NAV file
2014-06-26,357600000.0,1.5295833335,https://accounts.profunds.com/etfdata/ByFund/TQQQ-historical_nav.csv,ProShares official daily NAV file
2014-06-27,357600000.0,1.55041666675,https://accounts.profunds.com/etfdata/ByFund/TQQQ-historical_nav.csv,ProShares official daily NAV file
2014-06-30,362400000.0,1.556875,https://accounts.profunds.com/etfdata/ByFund/TQQQ-historical_nav.csv,ProShares official daily NAV file
2014-07-01,362400000.0,1.61104166675,https://accounts.profunds.com/etfdata/ByFund/TQQQ-historical_nav.csv,ProShares official daily NAV file
2014-07-02,362400000.0,1.618125,https://accounts.profunds.com/etfdata/ByFund/TQQQ-historical_nav.csv,ProShares official daily NAV file
2014-07-03,362400000.0,1.6475,https://accounts.profunds.com/etfdata/ByFund/TQQQ-historical_nav.csv,ProShares official daily NAV file
2014-07-07,362400000.0,1.6320833335,https://accounts.profunds.com/etfdata/ByFund/TQQQ-historical_nav.csv,ProShares official daily NAV file
2014-07-08,362400000.0,1.57375,https://accounts.profunds.com/etfdata/ByFund/TQQQ-historical_nav.csv,ProShares official daily NAV file
2014-07-09,362400000.0,1.60916666675,https://accounts.profunds.com/etfdata/ByFund/TQQQ-historical_nav.csv,ProShares official daily NAV file
2014-07-10,367200000.0,1.593125,https://accounts.profunds.com/etfdata/ByFund/TQQQ-historical_nav.csv,ProShares official daily NAV file
2014-07-11,367200000.0,1.6233333335,https://accounts.profunds.com/etfdata/ByFund/TQQQ-historical_nav.csv,ProShares official daily NAV file
2014-07-14,367200000.0,1.6539583335,https://accounts.profunds.com/etfdata/ByFund/TQQQ-historical_nav.csv,ProShares official daily NAV file
2014-07-15,367200000.0,1.6352083335,https://accounts.profunds.com/etfdata/ByFund/TQQQ-historical_nav.csv,ProShares official daily NAV file
2014-07-16,367200000.0,1.6570833335,https://accounts.profunds.com/etfdata/ByFund/TQQQ-historical_nav.csv,ProShares official daily NAV file
2014-07-17,367200000.0,1.58854166675,https://accounts.profunds.com/etfdata/ByFund/TQQQ-historical_nav.csv,ProShares official daily NAV file
2014-07-18,367200000.0,1.664375,https://accounts.profunds.com/etfdata/ByFund/TQQQ-historical_nav.csv,ProShares official daily NAV file
2014-07-21,367200000.0,1.6570833335,https://accounts.profunds.com/etfdata/ByFund/TQQQ-historical_nav.csv,ProShares official daily NAV file
2014-07-22,367200000.0,1.6914583335,https://accounts.profunds.com/etfdata/ByFund/TQQQ-historical_nav.csv,ProShares official daily NAV file
2014-07-23,367200000.0,1.72291666675,https://accounts.profunds.com/etfdata/ByFund/TQQQ-historical_nav.csv,ProShares official daily NAV file
2014-07-24,367200000.0,1.71875,https://accounts.profunds.com/etfdata/ByFund/TQQQ-historical_nav.csv,ProShares official daily NAV file
2014-07-25,367200000.0,1.695625,https://accounts.profunds.com/etfdata/ByFund/TQQQ-historical_nav.csv,ProShares official daily NAV file
2014-07-28,367200000.0,1.69791666675,https://accounts.profunds.com/etfdata/ByFund/TQQQ-historical_nav.csv,ProShares official daily NAV file
2014-07-29,376800000.0,1.6877083335,https://accounts.profunds.com/etfdata/ByFund/TQQQ-historical_nav.csv,ProShares official daily NAV file
2014-07-30,376800000.0,1.709375,https://accounts.profunds.com/etfdata/ByFund/TQQQ-historical_nav.csv,ProShares official daily NAV file
2014-07-31,393600000.0,1.601875,https://accounts.profunds.com/etfdata/ByFund/TQQQ-historical_nav.csv,ProShares official daily NAV file
2014-08-01,398400000.0,1.585625,https://accounts.profunds.com/etfdata/ByFund/TQQQ-historical_nav.csv,ProShares official daily NAV file
2014-08-04,398400000.0,1.62125,https://accounts.profunds.com/etfdata/ByFund/TQQQ-historical_nav.csv,ProShares official daily NAV file
2014-08-05,415200000.0,1.580625,https://accounts.profunds.com/etfdata/ByFund/TQQQ-historical_nav.csv,ProShares official daily NAV file
2014-08-06,415200000.0,1.5795833335,https://accounts.profunds.com/etfdata/ByFund/TQQQ-historical_nav.csv,ProShares official daily NAV file
2014-08-07,417600000.0,1.56291666675,https://accounts.profunds.com/etfdata/ByFund/TQQQ-historical_nav.csv,ProShares official daily NAV file
2014-08-08,417600000.0,1.59916666675,https://accounts.profunds.com/etfdata/ByFund/TQQQ-historical_nav.csv,ProShares official daily NAV file
2014-08-11,417600000.0,1.626875,https://accounts.profunds.com/etfdata/ByFund/TQQQ-historical_nav.csv,ProShares official daily NAV file
2014-08-12,417600000.0,1.6208333335,https://accounts.profunds.com/etfdata/ByFund/TQQQ-historical_nav.csv,ProShares official daily NAV file
2014-08-13,417600000.0,1.67541666675,https://accounts.profunds.com/etfdata/ByFund/TQQQ-historical_nav.csv,ProShares official daily NAV file
2014-08-14,417600000.0,1.7008333335,https://accounts.profunds.com/etfdata/ByFund/TQQQ-historical_nav.csv,ProShares official daily NAV file
2014-08-15,417600000.0,1.724375,https://accounts.profunds.com/etfdata/ByFund/TQQQ-historical_nav.csv,ProShares official daily NAV file
2014-08-18,422400000.0,1.766875,https://accounts.profunds.com/etfdata/ByFund/TQQQ-historical_nav.csv,ProShares official daily NAV file
2014-08-19,422400000.0,1.79604166675,https://accounts.profunds.com/etfdata/ByFund/TQQQ-historical_nav.csv,ProShares official daily NAV file
2014-08-20,422400000.0,1.7964583335,https://accounts.profunds.com/etfdata/ByFund/TQQQ-historical_nav.csv,ProShares official daily NAV file
2014-08-21,422400000.0,1.80479166675,https://accounts.profunds.com/etfdata/ByFund/TQQQ-historical_nav.csv,ProShares official daily NAV file
2014-08-22,422400000.0,1.8125,https://accounts.profunds.com/etfdata/ByFund/TQQQ-historical_nav.csv,ProShares official daily NAV file
2014-08-25,434400000.0,1.83229166675,https://accounts.profunds.com/etfdata/ByFund/TQQQ-historical_nav.csv,ProShares official daily NAV file
2014-08-26,434400000.0,1.83791666675,https://accounts.profunds.com/etfdata/ByFund/TQQQ-historical_nav.csv,ProShares official daily NAV file
2014-08-27,434400000.0,1.8395833335,https://accounts.profunds.com/etfdata/ByFund/TQQQ-historical_nav.csv,ProShares official daily NAV file
2014-08-28,434400000.0,1.83041666675,https://accounts.profunds.com/etfdata/ByFund/TQQQ-historical_nav.csv,ProShares official daily NAV file
2014-08-29,434400000.0,1.85291666675,https://accounts.profunds.com/etfdata/ByFund/TQQQ-historical_nav.csv,ProShares official daily NAV file
2014-09-02,434400000.0,1.870625,https://accounts.profunds.com/etfdata/ByFund/TQQQ-historical_nav.csv,ProShares official daily NAV file
2014-09-03,441600000.0,1.83666666675,https://accounts.profunds.com/etfdata/ByFund/TQQQ-historical_nav.csv,ProShares official daily NAV file
2014-09-04,441600000.0,1.8302083335,https://accounts.profunds.com/etfdata/ByFund/TQQQ-historical_nav.csv,ProShares official daily NAV file
2014-09-05,441600000.0,1.861875,https://accounts.profunds.com/etfdata/ByFund/TQQQ-historical_nav.csv,ProShares official daily NAV file
2014-09-08,441600000.0,1.8695833335,https://accounts.profunds.com/etfdata/ByFund/TQQQ-historical_nav.csv,ProShares official daily NAV file
2014-09-09,441600000.0,1.82354166675,https://accounts.profunds.com/etfdata/ByFund/TQQQ-historical_nav.csv,ProShares official daily NAV file
2014-09-10,439200000.0,1.868125,https://accounts.profunds.com/etfdata/ByFund/TQQQ-historical_nav.csv,ProShares official daily NAV file
2014-09-11,439200000.0,1.865,https://accounts.profunds.com/etfdata/ByFund/TQQQ-historical_nav.csv,ProShares official daily NAV file
2014-09-12,439200000.0,1.833125,https://accounts.profunds.com/etfdata/ByFund/TQQQ-historical_nav.csv,ProShares official daily NAV file
2014-09-15,439200000.0,1.77979166675,https://accounts.profunds.com/etfdata/ByFund/TQQQ-historical_nav.csv,ProShares official daily NAV file
2014-09-16,439200000.0,1.8289583335,https://accounts.profunds.com/etfdata/ByFund/TQQQ-historical_nav.csv,ProShares official daily NAV file
2014-09-17,465600000.0,1.83729166675,https://accounts.profunds.com/etfdata/ByFund/TQQQ-historical_nav.csv,ProShares official daily NAV file
2014-09-18,465600000.0,1.87729166675,https://accounts.profunds.com/etfdata/ByFund/TQQQ-historical_nav.csv,ProShares official daily NAV file
2014-09-19,441600000.0,1.87291666675,https://accounts.profunds.com/etfdata/ByFund/TQQQ-historical_nav.csv,ProShares official daily NAV file
2014-09-22,444000000.0,1.8195833335,https://accounts.profunds.com/etfdata/ByFund/TQQQ-historical_nav.csv,ProShares official daily NAV file
2014-09-23,458400000.0,1.80625,https://accounts.profunds.com/etfdata/ByFund/TQQQ-historical_nav.csv,ProShares official daily NAV file
2014-09-24,456000000.0,1.8633333335,https://accounts.profunds.com/etfdata/ByFund/TQQQ-historical_nav.csv,ProShares official daily NAV file
2014-09-25,463200000.0,1.7452083335,https://accounts.profunds.com/etfdata/ByFund/TQQQ-historical_nav.csv,ProShares official daily NAV file
2014-09-26,463200000.0,1.8052083335,https://accounts.profunds.com/etfdata/ByFund/TQQQ-historical_nav.csv,ProShares official daily NAV file
2014-09-29,463200000.0,1.796875,https://accounts.profunds.com/etfdata/ByFund/TQQQ-historical_nav.csv,ProShares official daily NAV file
2014-09-30,456000000.0,1.80104166675,https://accounts.profunds.com/etfdata/ByFund/TQQQ-historical_nav.csv,ProShares official daily NAV file
2014-10-01,532800000.0,1.7145833335,https://accounts.profunds.com/etfdata/ByFund/TQQQ-historical_nav.csv,ProShares official daily NAV file
2014-10-02,532800000.0,1.7158333335,https://accounts.profunds.com/etfdata/ByFund/TQQQ-historical_nav.csv,ProShares official daily NAV file
2014-10-03,482400000.0,1.76916666675,https://accounts.profunds.com/etfdata/ByFund/TQQQ-historical_nav.csv,ProShares official daily NAV file
2014-10-06,506400000.0,1.7545833335,https://accounts.profunds.com/etfdata/ByFund/TQQQ-historical_nav.csv,ProShares official daily NAV file
2014-10-07,516000000.0,1.6789583335,https://accounts.profunds.com/etfdata/ByFund/TQQQ-historical_nav.csv,ProShares official daily NAV file
2014-10-08,516000000.0,1.78354166675,https://accounts.profunds.com/etfdata/ByFund/TQQQ-historical_nav.csv,ProShares official daily NAV file
2014-10-09,511200000.0,1.68854166675,https://accounts.profunds.com/etfdata/ByFund/TQQQ-historical_nav.csv,ProShares official daily NAV file
2014-10-10,511200000.0,1.56291666675,https://accounts.profunds.com/etfdata/ByFund/TQQQ-historical_nav.csv,ProShares official daily NAV file
2014-10-13,530400000.0,1.48666666675,https://accounts.profunds.com/etfdata/ByFund/TQQQ-historical_nav.csv,ProShares official daily NAV file
2014-10-14,535200000.0,1.489375,https://accounts.profunds.com/etfdata/ByFund/TQQQ-historical_nav.csv,ProShares official daily NAV file
2014-10-15,544800000.0,1.4608333335,https://accounts.profunds.com/etfdata/ByFund/TQQQ-historical_nav.csv,ProShares official daily NAV file
2014-10-16,540000000.0,1.43666666675,https://accounts.profunds.com/etfdata/ByFund/TQQQ-historical_nav.csv,ProShares official daily NAV file
2014-10-17,535200000.0,1.4939583335,https://accounts.profunds.com/etfdata/ByFund/TQQQ-historical_nav.csv,ProShares official daily NAV file
2014-10-20,542400000.0,1.558125,https://accounts.profunds.com/etfdata/ByFund/TQQQ-historical_nav.csv,ProShares official daily NAV file
2014-10-21,547200000.0,1.6802083335,https://accounts.profunds.com/etfdata/ByFund/TQQQ-historical_nav.csv,ProShares official daily NAV file
2014-10-22,547200000.0,1.6525,https://accounts.profunds.com/etfdata/ByFund/TQQQ-historical_nav.csv,ProShares official daily NAV file
2014-10-23,566400000.0,1.73104166675,https://accounts.profunds.com/etfdata/ByFund/TQQQ-historical_nav.csv,ProShares official daily NAV file
2014-10-24,576000000.0,1.769375,https://accounts.profunds.com/etfdata/ByFund/TQQQ-historical_nav.csv,ProShares official daily NAV file
2014-10-27,580800000.0,1.774375,https://accounts.profunds.com/etfdata/ByFund/TQQQ-historical_nav.csv,ProShares official daily NAV file
2014-10-28,580800000.0,1.85416666675,https://accounts.profunds.com/etfdata/ByFund/TQQQ-historical_nav.csv,ProShares official daily NAV file
2014-10-29,580800000.0,1.8325,https://accounts.profunds.com/etfdata/ByFund/TQQQ-historical_nav.csv,ProShares official daily NAV file
2014-10-30,571200000.0,1.84625,https://accounts.profunds.com/etfdata/ByFund/TQQQ-historical_nav.csv,ProShares official daily NAV file
2014-10-31,537600000.0,1.92375,https://accounts.profunds.com/etfdata/ByFund/TQQQ-historical_nav.csv,ProShares official daily NAV file
2014-11-03,537600000.0,1.93916666675,https://accounts.profunds.com/etfdata/ByFund/TQQQ-historical_nav.csv,ProShares official daily NAV file
2014-11-04,540000000.0,1.9208333335,https://accounts.profunds.com/etfdata/ByFund/TQQQ-historical_nav.csv,ProShares official daily NAV file
2014-11-05,547200000.0,1.91791666675,https://accounts.profunds.com/etfdata/ByFund/TQQQ-historical_nav.csv,ProShares official daily NAV file
2014-11-06,547200000.0,1.9364583335,https://accounts.profunds.com/etfdata/ByFund/TQQQ-historical_nav.csv,ProShares official daily NAV file
2014-11-07,542400000.0,1.93166666675,https://accounts.profunds.com/etfdata/ByFund/TQQQ-historical_nav.csv,ProShares official daily NAV file
2014-11-10,542400000.0,1.95375,https://accounts.profunds.com/etfdata/ByFund/TQQQ-historical_nav.csv,ProShares official daily NAV file
2014-11-11,542400000.0,1.9695833335,https://accounts.profunds.com/etfdata/ByFund/TQQQ-historical_nav.csv,ProShares official daily NAV file
2014-11-12,542400000.0,1.98125,https://accounts.profunds.com/etfdata/ByFund/TQQQ-historical_nav.csv,ProShares official daily NAV file
2014-11-13,542400000.0,2.006875,https://accounts.profunds.com/etfdata/ByFund/TQQQ-historical_nav.csv,ProShares official daily NAV file
2014-11-14,537600000.0,2.0233333335,https://accounts.profunds.com/etfdata/ByFund/TQQQ-historical_nav.csv,ProShares official daily NAV file
2014-11-17,537600000.0,2.006875,https://accounts.profunds.com/etfdata/ByFund/TQQQ-historical_nav.csv,ProShares official daily NAV file
2014-11-18,525600000.0,2.05104166675,https://accounts.profunds.com/etfdata/ByFund/TQQQ-historical_nav.csv,ProShares official daily NAV file
2014-11-19,525600000.0,2.0225,https://accounts.profunds.com/etfdata/ByFund/TQQQ-historical_nav.csv,ProShares official daily NAV file
2014-11-20,525600000.0,2.0508333335,https://accounts.profunds.com/etfdata/ByFund/TQQQ-historical_nav.csv,ProShares official daily NAV file
2014-11-21,513600000.0,2.06416666675,https://accounts.profunds.com/etfdata/ByFund/TQQQ-historical_nav.csv,ProShares official daily NAV file
2014-11-24,528000000.0,2.1120833335,https://accounts.profunds.com/etfdata/ByFund/TQQQ-historical_nav.csv,ProShares official daily NAV file
2014-11-25,537600000.0,2.1177083335,https://accounts.profunds.com/etfdata/ByFund/TQQQ-historical_nav.csv,ProShares official daily NAV file
2014-11-26,537600000.0,2.1627083335,https://accounts.profunds.com/etfdata/ByFund/TQQQ-historical_nav.csv,ProShares official daily NAV file
2014-11-28,537600000.0,2.19229166675,https://accounts.profunds.com/etfdata/ByFund/TQQQ-historical_nav.csv,ProShares official daily NAV file
2014-12-01,552000000.0,2.11625,https://accounts.profunds.com/etfdata/ByFund/TQQQ-historical_nav.csv,ProShares official daily NAV file
2014-12-02,552000000.0,2.14291666675,https://accounts.profunds.com/etfdata/ByFund/TQQQ-historical_nav.csv,ProShares official daily NAV file
2014-12-03,552000000.0,2.1533333335,https://accounts.profunds.com/etfdata/ByFund/TQQQ-historical_nav.csv,ProShares official daily NAV file
2014-12-04,552000000.0,2.15166666675,https://accounts.profunds.com/etfdata/ByFund/TQQQ-historical_nav.csv,ProShares official daily NAV file
2014-12-05,552000000.0,2.15104166675,https://accounts.profunds.com/etfdata/ByFund/TQQQ-historical_nav.csv,ProShares official daily NAV file
2014-12-08,552000000.0,2.10125,https://accounts.profunds.com/etfdata/ByFund/TQQQ-historical_nav.csv,ProShares official daily NAV file
2014-12-09,532800000.0,2.125,https://accounts.profunds.com/etfdata/ByFund/TQQQ-historical_nav.csv,ProShares official daily NAV file
2014-12-10,532800000.0,2.02166666675,https://accounts.profunds.com/etfdata/ByFund/TQQQ-historical_nav.csv,ProShares official daily NAV file
2014-12-11,532800000.0,2.0527083335,https://accounts.profunds.com/etfdata/ByFund/TQQQ-historical_nav.csv,ProShares official daily NAV file
2014-12-12,525600000.0,1.98416666675,https://accounts.profunds.com/etfdata/ByFund/TQQQ-historical_nav.csv,ProShares official daily NAV file
2014-12-15,525600000.0,1.9245833335,https://accounts.profunds.com/etfdata/ByFund/TQQQ-historical_nav.csv,ProShares official daily NAV file
2014-12-16,540000000.0,1.8302083335,https://accounts.profunds.com/etfdata/ByFund/TQQQ-historical_nav.csv,ProShares official daily NAV file
2014-12-17,554400000.0,1.9314583335,https://accounts.profunds.com/etfdata/ByFund/TQQQ-historical_nav.csv,ProShares official daily NAV file
2014-12-18,580800000.0,2.0739583335,https://accounts.profunds.com/etfdata/ByFund/TQQQ-historical_nav.csv,ProShares official daily NAV file
2014-12-19,609600000.0,2.09479166675,https://accounts.profunds.com/etfdata/ByFund/TQQQ-historical_nav.csv,ProShares official daily NAV file
2014-12-22,607200000.0,2.1114583335,https://accounts.profunds.com/etfdata/ByFund/TQQQ-historical_nav.csv,ProShares official daily NAV file
2014-12-23,619200000.0,2.09041666675,https://accounts.profunds.com/etfdata/ByFund/TQQQ-historical_nav.csv,ProShares official daily NAV file
2014-12-24,616800000.0,2.0958333335,https://accounts.profunds.com/etfdata/ByFund/TQQQ-historical_nav.csv,ProShares official daily NAV file
2014-12-26,614400000.0,2.14104166675,https://accounts.profunds.com/etfdata/ByFund/TQQQ-historical_nav.csv,ProShares official daily NAV file
2014-12-29,609600000.0,2.1389583335,https://accounts.profunds.com/etfdata/ByFund/TQQQ-historical_nav.csv,ProShares official daily NAV file
2014-12-30,580800000.0,2.09375,https://accounts.profunds.com/etfdata/ByFund/TQQQ-historical_nav.csv,ProShares official daily NAV file
2014-12-31,580800000.0,2.02604166675,https://accounts.profunds.com/etfdata/ByFund/TQQQ-historical_nav.csv,ProShares official daily NAV file
2015-01-02,561600000.0,2.018125,https://accounts.profunds.com/etfdata/ByFund/TQQQ-historical_nav.csv,ProShares official daily NAV file
2015-01-05,554400000.0,1.9195833335,https://accounts.profunds.com/etfdata/ByFund/TQQQ-historical_nav.csv,ProShares official daily NAV file
2015-01-06,552000000.0,1.84979166675,https://accounts.profunds.com/etfdata/ByFund/TQQQ-historical_nav.csv,ProShares official daily NAV file
2015-01-07,556800000.0,1.91625,https://accounts.profunds.com/etfdata/ByFund/TQQQ-historical_nav.csv,ProShares official daily NAV file
2015-01-08,556800000.0,2.0275,https://accounts.profunds.com/etfdata/ByFund/TQQQ-historical_nav.csv,ProShares official daily NAV file
2015-01-09,559200000.0,1.9883333335,https://accounts.profunds.com/etfdata/ByFund/TQQQ-historical_nav.csv,ProShares official daily NAV file
2015-01-12,571200000.0,1.92666666675,https://accounts.profunds.com/etfdata/ByFund/TQQQ-historical_nav.csv,ProShares official daily NAV file
2015-01-13,571200000.0,1.9214583335,https://accounts.profunds.com/etfdata/ByFund/TQQQ-historical_nav.csv,ProShares official daily NAV file
2015-01-14,571200000.0,1.89291666675,https://accounts.profunds.com/etfdata/ByFund/TQQQ-historical_nav.csv,ProShares official daily NAV file
2015-01-15,590400000.0,1.81604166675,https://accounts.profunds.com/etfdata/ByFund/TQQQ-historical_nav.csv,ProShares official daily NAV file
2015-01-16,590400000.0,1.885625,https://accounts.profunds.com/etfdata/ByFund/TQQQ-historical_nav.csv,ProShares official daily NAV file
2015-01-20,590400000.0,1.9252083335,https://accounts.profunds.com/etfdata/ByFund/TQQQ-historical_nav.csv,ProShares official daily NAV file
2015-01-21,590400000.0,1.9539583335,https://accounts.profunds.com/etfdata/ByFund/TQQQ-historical_nav.csv,ProShares official daily NAV file
2015-01-22,590400000.0,2.063125,https://accounts.profunds.com/etfdata/ByFund/TQQQ-historical_nav.csv,ProShares official daily NAV file
2015-01-23,590400000.0,2.074375,https://accounts.profunds.com/etfdata/ByFund/TQQQ-historical_nav.csv,ProShares official daily NAV file
2015-01-26,590400000.0,2.07041666675,https://accounts.profunds.com/etfdata/ByFund/TQQQ-historical_nav.csv,ProShares official daily NAV file
2015-01-27,600000000.0,1.9102083335,https://accounts.profunds.com/etfdata/ByFund/TQQQ-historical_nav.csv,ProShares official daily NAV file
2015-01-28,600000000.0,1.87604166675,https://accounts.profunds.com/etfdata/ByFund/TQQQ-historical_nav.csv,ProShares official daily NAV file
2015-01-29,600000000.0,1.931875,https://accounts.profunds.com/etfdata/ByFund/TQQQ-historical_nav.csv,ProShares official daily NAV file
2015-01-30,600000000.0,1.88604166675,https://accounts.profunds.com/etfdata/ByFund/TQQQ-historical_nav.csv,ProShares official daily NAV file
2015-02-02,609600000.0,1.940625,https://accounts.profunds.com/etfdata/ByFund/TQQQ-historical_nav.csv,ProShares official daily NAV file
2015-02-03,609600000.0,1.9970833335,https://accounts.profunds.com/etfdata/ByFund/TQQQ-historical_nav.csv,ProShares official daily NAV file
2015-02-04,592800000.0,1.98729166675,https://accounts.profunds.com/etfdata/ByFund/TQQQ-historical_nav.csv,ProShares official daily NAV file
2015-02-05,585600000.0,2.04,https://accounts.profunds.com/etfdata/ByFund/TQQQ-historical_nav.csv,ProShares official daily NAV file
2015-02-06,576000000.0,2.000625,https://accounts.profunds.com/etfdata/ByFund/TQQQ-historical_nav.csv,ProShares official daily NAV file
2015-02-09,576000000.0,1.9825,https://accounts.profunds.com/etfdata/ByFund/TQQQ-historical_nav.csv,ProShares official daily NAV file
2015-02-10,576000000.0,2.07479166675,https://accounts.profunds.com/etfdata/ByFund/TQQQ-historical_nav.csv,ProShares official daily NAV file
2015-02-11,571200000.0,2.09854166675,https://accounts.profunds.com/etfdata/ByFund/TQQQ-historical_nav.csv,ProShares official daily NAV file
2015-02-12,559200000.0,2.17291666675,https://accounts.profunds.com/etfdata/ByFund/TQQQ-historical_nav.csv,ProShares official daily NAV file
2015-02-13,544800000.0,2.2270833335,https://accounts.profunds.com/etfdata/ByFund/TQQQ-historical_nav.csv,ProShares official daily NAV file
2015-02-17,537600000.0,2.2325,https://accounts.profunds.com/etfdata/ByFund/TQQQ-historical_nav.csv,ProShares official daily NAV file
2015-02-18,537600000.0,2.2408333335,https://accounts.profunds.com/etfdata/ByFund/TQQQ-historical_nav.csv,ProShares official daily NAV file
2015-02-19,528000000.0,2.2727083335,https://accounts.profunds.com/etfdata/ByFund/TQQQ-historical_nav.csv,ProShares official daily NAV file
2015-02-20,516000000.0,2.320625,https://accounts.profunds.com/etfdata/ByFund/TQQQ-historical_nav.csv,ProShares official daily NAV file
2015-02-23,520800000.0,2.33041666675,https://accounts.profunds.com/etfdata/ByFund/TQQQ-historical_nav.csv,ProShares official daily NAV file
2015-02-24,520800000.0,2.333125,https://accounts.profunds.com/etfdata/ByFund/TQQQ-historical_nav.csv,ProShares official daily NAV file
2015-02-25,520800000.0,2.3164583335,https://accounts.profunds.com/etfdata/ByFund/TQQQ-historical_nav.csv,ProShares official daily NAV file
2015-02-26,506400000.0,2.35041666675,https://accounts.profunds.com/etfdata/ByFund/TQQQ-historical_nav.csv,ProShares official daily NAV file
2015-02-27,506400000.0,2.3164583335,https://accounts.profunds.com/etfdata/ByFund/TQQQ-historical_nav.csv,ProShares official daily NAV file
2015-03-02,494400000.0,2.383125,https://accounts.profunds.com/etfdata/ByFund/TQQQ-historical_nav.csv,ProShares official daily NAV file
2015-03-03,494400000.0,2.3445833335,https://accounts.profunds.com/etfdata/ByFund/TQQQ-historical_nav.csv,ProShares official daily NAV file
2015-03-04,489600000.0,2.32291666675,https://accounts.profunds.com/etfdata/ByFund/TQQQ-historical_nav.csv,ProShares official daily NAV file
2015-03-05,489600000.0,2.33354166675,https://accounts.profunds.com/etfdata/ByFund/TQQQ-historical_nav.csv,ProShares official daily NAV file
2015-03-06,489600000.0,2.25041666675,https://accounts.profunds.com/etfdata/ByFund/TQQQ-historical_nav.csv,ProShares official daily NAV file
2015-03-09,480000000.0,2.27166666675,https://accounts.profunds.com/etfdata/ByFund/TQQQ-historical_nav.csv,ProShares official daily NAV file
2015-03-10,475200000.0,2.14229166675,https://accounts.profunds.com/etfdata/ByFund/TQQQ-historical_nav.csv,ProShares official daily NAV file
2015-03-11,475200000.0,2.1070833335,https://accounts.profunds.com/etfdata/ByFund/TQQQ-historical_nav.csv,ProShares official daily NAV file
2015-03-12,487200000.0,2.15229166675,https://accounts.profunds.com/etfdata/ByFund/TQQQ-historical_nav.csv,ProShares official daily NAV file
2015-03-13,487200000.0,2.12041666675,https://accounts.profunds.com/etfdata/ByFund/TQQQ-historical_nav.csv,ProShares official daily NAV file
2015-03-16,494400000.0,2.20229166675,https://accounts.profunds.com/etfdata/ByFund/TQQQ-historical_nav.csv,ProShares official daily NAV file
2015-03-17,494400000.0,2.21,https://accounts.profunds.com/etfdata/ByFund/TQQQ-historical_nav.csv,ProShares official daily NAV file
2015-03-18,494400000.0,2.280625,https://accounts.profunds.com/etfdata/ByFund/TQQQ-historical_nav.csv,ProShares official daily NAV file
2015-03-19,494400000.0,2.28729166675,https://accounts.profunds.com/etfdata/ByFund/TQQQ-historical_nav.csv,ProShares official daily NAV file
2015-03-20,468000000.0,2.33625,https://accounts.profunds.com/etfdata/ByFund/TQQQ-historical_nav.csv,ProShares official daily NAV file
2015-03-23,472800000.0,2.315625,https://accounts.profunds.com/etfdata/ByFund/TQQQ-historical_nav.csv,ProShares official daily NAV file
2015-03-24,492000000.0,2.2927083335,https://accounts.profunds.com/etfdata/ByFund/TQQQ-historical_nav.csv,ProShares official daily NAV file
2015-03-25,499200000.0,2.1345833335,https://accounts.profunds.com/etfdata/ByFund/TQQQ-historical_nav.csv,ProShares official daily NAV file
2015-03-26,511200000.0,2.11375,https://accounts.profunds.com/etfdata/ByFund/TQQQ-historical_nav.csv,ProShares official daily NAV file
2015-03-27,532800000.0,2.13979166675,https://accounts.profunds.com/etfdata/ByFund/TQQQ-historical_nav.csv,ProShares official daily NAV file
2015-03-30,552000000.0,2.214375,https://accounts.profunds.com/etfdata/ByFund/TQQQ-historical_nav.csv,ProShares official daily NAV file
2015-03-31,552000000.0,2.14125,https://accounts.profunds.com/etfdata/ByFund/TQQQ-historical_nav.csv,ProShares official daily NAV file
2015-04-01,552000000.0,2.1077083335,https://accounts.profunds.com/etfdata/ByFund/TQQQ-historical_nav.csv,ProShares official daily NAV file
2015-04-02,552000000.0,2.1145833335,https://accounts.profunds.com/etfdata/ByFund/TQQQ-historical_nav.csv,ProShares official daily NAV file
2015-04-06,564000000.0,2.165625,https://accounts.profunds.com/etfdata/ByFund/TQQQ-historical_nav.csv,ProShares official daily NAV file
2015-04-07,568800000.0,2.1552083335,https://accounts.profunds.com/etfdata/ByFund/TQQQ-historical_nav.csv,ProShares official daily NAV file
2015-04-08,568800000.0,2.203125,https://accounts.profunds.com/etfdata/ByFund/TQQQ-historical_nav.csv,ProShares official daily NAV file
2015-04-09,568800000.0,2.2452083335,https://accounts.profunds.com/etfdata/ByFund/TQQQ-historical_nav.csv,ProShares official daily NAV file
2015-04-10,559200000.0,2.2727083335,https://accounts.profunds.com/etfdata/ByFund/TQQQ-historical_nav.csv,ProShares official daily NAV file
2015-04-13,559200000.0,2.2527083335,https://accounts.profunds.com/etfdata/ByFund/TQQQ-historical_nav.csv,ProShares official daily NAV file
2015-04-14,549600000.0,2.23479166675,https://accounts.profunds.com/etfdata/ByFund/TQQQ-historical_nav.csv,ProShares official daily NAV file
2015-04-15,549600000.0,2.275625,https://accounts.profunds.com/etfdata/ByFund/TQQQ-historical_nav.csv,ProShares official daily NAV file
2015-04-16,549600000.0,2.26666666675,https://accounts.profunds.com/etfdata/ByFund/TQQQ-historical_nav.csv,ProShares official daily NAV file
2015-04-17,549600000.0,2.163125,https://accounts.profunds.com/etfdata/ByFund/TQQQ-historical_nav.csv,ProShares official daily NAV file
2015-04-20,540000000.0,2.2608333335,https://accounts.profunds.com/etfdata/ByFund/TQQQ-historical_nav.csv,ProShares official daily NAV file
2015-04-21,540000000.0,2.28916666675,https://accounts.profunds.com/etfdata/ByFund/TQQQ-historical_nav.csv,ProShares official daily NAV file
2015-04-22,532800000.0,2.32729166675,https://accounts.profunds.com/etfdata/ByFund/TQQQ-historical_nav.csv,ProShares official daily NAV file
2015-04-23,511200000.0,2.3525,https://accounts.profunds.com/etfdata/ByFund/TQQQ-historical_nav.csv,ProShares official daily NAV file
2015-04-24,489600000.0,2.44666666675,https://accounts.profunds.com/etfdata/ByFund/TQQQ-historical_nav.csv,ProShares official daily NAV file
2015-04-27,489600000.0,2.4275,https://accounts.profunds.com/etfdata/ByFund/TQQQ-historical_nav.csv,ProShares official daily NAV file
2015-04-28,480000000.0,2.4120833335,https://accounts.profunds.com/etfdata/ByFund/TQQQ-historical_nav.csv,ProShares official daily NAV file
2015-04-29,465600000.0,2.36875,https://accounts.profunds.com/etfdata/ByFund/TQQQ-historical_nav.csv,ProShares official daily NAV file
2015-04-30,465600000.0,2.251875,https://accounts.profunds.com/etfdata/ByFund/TQQQ-historical_nav.csv,ProShares official daily NAV file
2015-05-01,465600000.0,2.350625,https://accounts.profunds.com/etfdata/ByFund/TQQQ-historical_nav.csv,ProShares official daily NAV file
2015-05-04,475200000.0,2.35604166675,https://accounts.profunds.com/etfdata/ByFund/TQQQ-historical_nav.csv,ProShares official daily NAV file
2015-05-05,487200000.0,2.24229166675,https://accounts.profunds.com/etfdata/ByFund/TQQQ-historical_nav.csv,ProShares official daily NAV file
2015-05-06,487200000.0,2.196875,https://accounts.profunds.com/etfdata/ByFund/TQQQ-historical_nav.csv,ProShares official daily NAV file
2015-05-07,487200000.0,2.23375,https://accounts.profunds.com/etfdata/ByFund/TQQQ-historical_nav.csv,ProShares official daily NAV file
2015-05-08,499200000.0,2.32041666675,https://accounts.profunds.com/etfdata/ByFund/TQQQ-historical_nav.csv,ProShares official daily NAV file
2015-05-11,492000000.0,2.28916666675,https://accounts.profunds.com/etfdata/ByFund/TQQQ-historical_nav.csv,ProShares official daily NAV file
2015-05-12,492000000.0,2.2620833335,https://accounts.profunds.com/etfdata/ByFund/TQQQ-historical_nav.csv,ProShares official daily NAV file
2015-05-13,492000000.0,2.270625,https://accounts.profunds.com/etfdata/ByFund/TQQQ-historical_nav.csv,ProShares official daily NAV file
2015-05-14,482400000.0,2.3758333335,https://accounts.profunds.com/etfdata/ByFund/TQQQ-historical_nav.csv,ProShares official daily NAV file
2015-05-15,472800000.0,2.3745833335,https://accounts.profunds.com/etfdata/ByFund/TQQQ-historical_nav.csv,ProShares official daily NAV file
2015-05-18,475200000.0,2.4039583335,https://accounts.profunds.com/etfdata/ByFund/TQQQ-historical_nav.csv,ProShares official daily NAV file
2015-05-19,475200000.0,2.39354166675,https://accounts.profunds.com/etfdata/ByFund/TQQQ-historical_nav.csv,ProShares official daily NAV file
2015-05-20,475200000.0,2.3958333335,https://accounts.profunds.com/etfdata/ByFund/TQQQ-historical_nav.csv,ProShares official daily NAV file
2015-05-21,465600000.0,2.434375,https://accounts.profunds.com/etfdata/ByFund/TQQQ-historical_nav.csv,ProShares official daily NAV file
2015-05-22,453600000.0,2.43041666675,https://accounts.profunds.com/etfdata/ByFund/TQQQ-historical_nav.csv,ProShares official daily NAV file
2015-05-26,448800000.0,2.34291666675,https://accounts.profunds.com/etfdata/ByFund/TQQQ-historical_nav.csv,ProShares official daily NAV file
2015-05-27,448800000.0,2.4577083335,https://accounts.profunds.com/etfdata/ByFund/TQQQ-historical_nav.csv,ProShares official daily NAV file
2015-05-28,439200000.0,2.4408333335,https://accounts.profunds.com/etfdata/ByFund/TQQQ-historical_nav.csv,ProShares official daily NAV file
2015-05-29,432000000.0,2.3964583335,https://accounts.profunds.com/etfdata/ByFund/TQQQ-historical_nav.csv,ProShares official daily NAV file
2015-06-01,432000000.0,2.4189583335,https://accounts.profunds.com/etfdata/ByFund/TQQQ-historical_nav.csv,ProShares official daily NAV file
2015-06-02,432000000.0,2.39791666675,https://accounts.profunds.com/etfdata/ByFund/TQQQ-historical_nav.csv,ProShares official daily NAV file
2015-06-03,432000000.0,2.41541666675,https://accounts.profunds.com/etfdata/ByFund/TQQQ-historical_nav.csv,ProShares official daily NAV file
2015-06-04,444000000.0,2.3625,https://accounts.profunds.com/etfdata/ByFund/TQQQ-historical_nav.csv,ProShares official daily NAV file
2015-06-05,458400000.0,2.346875,https://accounts.profunds.com/etfdata/ByFund/TQQQ-historical_nav.csv,ProShares official daily NAV file
2015-06-08,458400000.0,2.275,https://accounts.profunds.com/etfdata/ByFund/TQQQ-historical_nav.csv,ProShares official daily NAV file
2015-06-09,460800000.0,2.26875,https://accounts.profunds.com/etfdata/ByFund/TQQQ-historical_nav.csv,ProShares official daily NAV file
2015-06-10,489600000.0,2.3583333335,https://accounts.profunds.com/etfdata/ByFund/TQQQ-historical_nav.csv,ProShares official daily NAV file
2015-06-11,489600000.0,2.3633333335,https://accounts.profunds.com/etfdata/ByFund/TQQQ-historical_nav.csv,ProShares official daily NAV file
2015-06-12,482400000.0,2.30916666675,https://accounts.profunds.com/etfdata/ByFund/TQQQ-historical_nav.csv,ProShares official daily NAV file
2015-06-15,482400000.0,2.2764583335,https://accounts.profunds.com/etfdata/ByFund/TQQQ-historical_nav.csv,ProShares official daily NAV file
2015-06-16,494400000.0,2.311875,https://accounts.profunds.com/etfdata/ByFund/TQQQ-historical_nav.csv,ProShares official daily NAV file
2015-06-17,501600000.0,2.331875,https://accounts.profunds.com/etfdata/ByFund/TQQQ-historical_nav.csv,ProShares official daily NAV file
2015-06-18,468000000.0,2.43041666675,https://accounts.profunds.com/etfdata/ByFund/TQQQ-historical_nav.csv,ProShares official daily NAV file
2015-06-19,451200000.0,2.4002083335,https://accounts.profunds.com/etfdata/ByFund/TQQQ-historical_nav.csv,ProShares official daily NAV file
2015-06-22,444000000.0,2.4489583335,https://accounts.profunds.com/etfdata/ByFund/TQQQ-historical_nav.csv,ProShares official daily NAV file
2015-06-23,427200000.0,2.4564583335,https://accounts.profunds.com/etfdata/ByFund/TQQQ-historical_nav.csv,ProShares official daily NAV file
2015-06-24,427200000.0,2.4170833335,https://accounts.profunds.com/etfdata/ByFund/TQQQ-historical_nav.csv,ProShares official daily NAV file
2015-06-25,427200000.0,2.4002083335,https://accounts.profunds.com/etfdata/ByFund/TQQQ-historical_nav.csv,ProShares official daily NAV file
2015-06-26,417600000.0,2.35291666675,https://accounts.profunds.com/etfdata/ByFund/TQQQ-historical_nav.csv,ProShares official daily NAV file
2015-06-29,458400000.0,2.1889583335,https://accounts.profunds.com/etfdata/ByFund/TQQQ-historical_nav.csv,ProShares official daily NAV file
2015-06-30,499200000.0,2.21416666675,https://accounts.profunds.com/etfdata/ByFund/TQQQ-historical_nav.csv,ProShares official daily NAV file
2015-07-01,499200000.0,2.264375,https://accounts.profunds.com/etfdata/ByFund/TQQQ-historical_nav.csv,ProShares official daily NAV file
2015-07-02,499200000.0,2.27041666675,https://accounts.profunds.com/etfdata/ByFund/TQQQ-historical_nav.csv,ProShares official daily NAV file
2015-07-06,516000000.0,2.24791666675,https://accounts.profunds.com/etfdata/ByFund/TQQQ-historical_nav.csv,ProShares official daily NAV file
2015-07-07,523200000.0,2.26354166675,https://accounts.profunds.com/etfdata/ByFund/TQQQ-historical_nav.csv,ProShares official daily NAV file
2015-07-08,523200000.0,2.1445833335,https://accounts.profunds.com/etfdata/ByFund/TQQQ-historical_nav.csv,ProShares official daily NAV file
2015-07-09,530400000.0,2.145,https://accounts.profunds.com/etfdata/ByFund/TQQQ-historical_nav.csv,ProShares official daily NAV file
2015-07-10,530400000.0,2.24541666675,https://accounts.profunds.com/etfdata/ByFund/TQQQ-historical_nav.csv,ProShares official daily NAV file
2015-07-13,530400000.0,2.35875,https://accounts.profunds.com/etfdata/ByFund/TQQQ-historical_nav.csv,ProShares official daily NAV file
2015-07-14,518400000.0,2.404375,https://accounts.profunds.com/etfdata/ByFund/TQQQ-historical_nav.csv,ProShares official daily NAV file
2015-07-15,501600000.0,2.411875,https://accounts.profunds.com/etfdata/ByFund/TQQQ-historical_nav.csv,ProShares official daily NAV file
2015-07-16,484800000.0,2.5177083335,https://accounts.profunds.com/etfdata/ByFund/TQQQ-historical_nav.csv,ProShares official daily NAV file
2015-07-17,412800000.0,2.62729166675,https://accounts.profunds.com/etfdata/ByFund/TQQQ-historical_nav.csv,ProShares official daily NAV file
2015-07-20,408000000.0,2.65729166675,https://accounts.profunds.com/etfdata/ByFund/TQQQ-historical_nav.csv,ProShares official daily NAV file
2015-07-21,408000000.0,2.6483333335,https://accounts.profunds.com/etfdata/ByFund/TQQQ-historical_nav.csv,ProShares official daily NAV file
2015-07-22,408000000.0,2.56104166675,https://accounts.profunds.com/etfdata/ByFund/TQQQ-historical_nav.csv,ProShares official daily NAV file
2015-07-23,408000000.0,2.528125,https://accounts.profunds.com/etfdata/ByFund/TQQQ-historical_nav.csv,ProShares official daily NAV file
2015-07-24,398400000.0,2.453125,https://accounts.profunds.com/etfdata/ByFund/TQQQ-historical_nav.csv,ProShares official daily NAV file
2015-07-27,398400000.0,2.39125,https://accounts.profunds.com/etfdata/ByFund/TQQQ-historical_nav.csv,ProShares official daily NAV file
2015-07-28,412800000.0,2.45604166675,https://accounts.profunds.com/etfdata/ByFund/TQQQ-historical_nav.csv,ProShares official daily NAV file
2015-07-29,427200000.0,2.49041666675,https://accounts.profunds.com/etfdata/ByFund/TQQQ-historical_nav.csv,ProShares official daily NAV file
2015-07-30,427200000.0,2.51854166675,https://accounts.profunds.com/etfdata/ByFund/TQQQ-historical_nav.csv,ProShares official daily NAV file
2015-07-31,420000000.0,2.503125,https://accounts.profunds.com/etfdata/ByFund/TQQQ-historical_nav.csv,ProShares official daily NAV file
2015-08-03,420000000.0,2.48854166675,https://accounts.profunds.com/etfdata/ByFund/TQQQ-historical_nav.csv,ProShares official daily NAV file
2015-08-04,420000000.0,2.46791666675,https://accounts.profunds.com/etfdata/ByFund/TQQQ-historical_nav.csv,ProShares official daily NAV file
2015-08-05,417600000.0,2.525625,https://accounts.profunds.com/etfdata/ByFund/TQQQ-historical_nav.csv,ProShares official daily NAV file
2015-08-06,417600000.0,2.4083333335,https://accounts.profunds.com/etfdata/ByFund/TQQQ-historical_nav.csv,ProShares official daily NAV file
2015-08-07,417600000.0,2.3952083335,https://accounts.profunds.com/etfdata/ByFund/TQQQ-historical_nav.csv,ProShares official daily NAV file
2015-08-10,429600000.0,2.47916666675,https://accounts.profunds.com/etfdata/ByFund/TQQQ-historical_nav.csv,ProShares official daily NAV file
2015-08-11,446400000.0,2.38291666675,https://accounts.profunds.com/etfdata/ByFund/TQQQ-historical_nav.csv,ProShares official daily NAV file
2015-08-12,456000000.0,2.405625,https://accounts.profunds.com/etfdata/ByFund/TQQQ-historical_nav.csv,ProShares official daily NAV file
2015-08-13,456000000.0,2.39229166675,https://accounts.profunds.com/etfdata/ByFund/TQQQ-historical_nav.csv,ProShares official daily NAV file
2015-08-14,470400000.0,2.41,https://accounts.profunds.com/etfdata/ByFund/TQQQ-historical_nav.csv,ProShares official daily NAV file
2015-08-17,470400000.0,2.46729166675,https://accounts.profunds.com/etfdata/ByFund/TQQQ-historical_nav.csv,ProShares official daily NAV file
2015-08-18,470400000.0,2.4314583335,https://accounts.profunds.com/etfdata/ByFund/TQQQ-historical_nav.csv,ProShares official daily NAV file
2015-08-19,463200000.0,2.38125,https://accounts.profunds.com/etfdata/ByFund/TQQQ-historical_nav.csv,ProShares official daily NAV file
2015-08-20,492000000.0,2.181875,https://accounts.profunds.com/etfdata/ByFund/TQQQ-historical_nav.csv,ProShares official daily NAV file
2015-08-21,492000000.0,1.90125,https://accounts.profunds.com/etfdata/ByFund/TQQQ-historical_nav.csv,ProShares official daily NAV file
2015-08-24,585600000.0,1.68541666675,https://accounts.profunds.com/etfdata/ByFund/TQQQ-historical_nav.csv,ProShares official daily NAV file
2015-08-25,585600000.0,1.65791666675,https://accounts.profunds.com/etfdata/ByFund/TQQQ-historical_nav.csv,ProShares official daily NAV file
2015-08-26,590400000.0,1.9095833335,https://accounts.profunds.com/etfdata/ByFund/TQQQ-historical_nav.csv,ProShares official daily NAV file
2015-08-27,592800000.0,2.05229166675,https://accounts.profunds.com/etfdata/ByFund/TQQQ-historical_nav.csv,ProShares official daily NAV file
2015-08-28,592800000.0,2.05791666675,https://accounts.profunds.com/etfdata/ByFund/TQQQ-historical_nav.csv,ProShares official daily NAV file
2015-08-31,607200000.0,1.98104166675,https://accounts.profunds.com/etfdata/ByFund/TQQQ-historical_nav.csv,ProShares official daily NAV file
2015-09-01,607200000.0,1.79729166675,https://accounts.profunds.com/etfdata/ByFund/TQQQ-historical_nav.csv,ProShares official daily NAV file
2015-09-02,607200000.0,1.9452083335,https://accounts.profunds.com/etfdata/ByFund/TQQQ-historical_nav.csv,ProShares official daily NAV file
2015-09-03,607200000.0,1.915625,https://accounts.profunds.com/etfdata/ByFund/TQQQ-historical_nav.csv,ProShares official daily NAV file
2015-09-04,607200000.0,1.84791666675,https://accounts.profunds.com/etfdata/ByFund/TQQQ-historical_nav.csv,ProShares official daily NAV file
2015-09-08,607200000.0,2.0052083335,https://accounts.profunds.com/etfdata/ByFund/TQQQ-historical_nav.csv,ProShares official daily NAV file
2015-09-09,607200000.0,1.93541666675,https://accounts.profunds.com/etfdata/ByFund/TQQQ-historical_nav.csv,ProShares official daily NAV file
2015-09-10,585600000.0,1.99375,https://accounts.profunds.com/etfdata/ByFund/TQQQ-historical_nav.csv,ProShares official daily NAV file
2015-09-11,585600000.0,2.03125,https://accounts.profunds.com/etfdata/ByFund/TQQQ-historical_nav.csv,ProShares official daily NAV file
2015-09-14,585600000.0,2.0114583335,https://accounts.profunds.com/etfdata/ByFund/TQQQ-historical_nav.csv,ProShares official daily NAV file
2015-09-15,585600000.0,2.08354166675,https://accounts.profunds.com/etfdata/ByFund/TQQQ-historical_nav.csv,ProShares official daily NAV file
2015-09-16,576000000.0,2.116875,https://accounts.profunds.com/etfdata/ByFund/TQQQ-historical_nav.csv,ProShares official daily NAV file
2015-09-17,576000000.0,2.11875,https://accounts.profunds.com/etfdata/ByFund/TQQQ-historical_nav.csv,ProShares official daily NAV file
2015-09-18,583200000.0,2.03,https://accounts.profunds.com/etfdata/ByFund/TQQQ-historical_nav.csv,ProShares official daily NAV file
2015-09-21,588000000.0,2.0470833335,https://accounts.profunds.com/etfdata/ByFund/TQQQ-historical_nav.csv,ProShares official daily NAV file
2015-09-22,624000000.0,1.95875,https://accounts.profunds.com/etfdata/ByFund/TQQQ-historical_nav.csv,ProShares official daily NAV file
2015-09-23,624000000.0,1.958125,https://accounts.profunds.com/etfdata/ByFund/TQQQ-historical_nav.csv,ProShares official daily NAV file
2015-09-24,624000000.0,1.9408333335,https://accounts.profunds.com/etfdata/ByFund/TQQQ-historical_nav.csv,ProShares official daily NAV file
2015-09-25,619200000.0,1.89104166675,https://accounts.profunds.com/etfdata/ByFund/TQQQ-historical_nav.csv,ProShares official daily NAV file
2015-09-28,624000000.0,1.7283333335,https://accounts.profunds.com/etfdata/ByFund/TQQQ-historical_nav.csv,ProShares official daily NAV file
2015-09-29,650400000.0,1.7027083335,https://accounts.profunds.com/etfdata/ByFund/TQQQ-historical_nav.csv,ProShares official daily NAV file
2015-09-30,648000000.0,1.8245833335,https://accounts.profunds.com/etfdata/ByFund/TQQQ-historical_nav.csv,ProShares official daily NAV file
2015-10-01,648000000.0,1.84166666675,https://accounts.profunds.com/etfdata/ByFund/TQQQ-historical_nav.csv,ProShares official daily NAV file
2015-10-02,640800000.0,1.93979166675,https://accounts.profunds.com/etfdata/ByFund/TQQQ-historical_nav.csv,ProShares official daily NAV file
2015-10-05,640800000.0,2.02729166675,https://accounts.profunds.com/etfdata/ByFund/TQQQ-historical_nav.csv,ProShares official daily NAV file
2015-10-06,626400000.0,1.99291666675,https://accounts.profunds.com/etfdata/ByFund/TQQQ-historical_nav.csv,ProShares official daily NAV file
2015-10-07,626400000.0,2.02979166675,https://accounts.profunds.com/etfdata/ByFund/TQQQ-historical_nav.csv,ProShares official daily NAV file
2015-10-08,626400000.0,2.053125,https://accounts.profunds.com/etfdata/ByFund/TQQQ-historical_nav.csv,ProShares official daily NAV file
2015-10-09,597600000.0,2.08104166675,https://accounts.profunds.com/etfdata/ByFund/TQQQ-historical_nav.csv,ProShares official daily NAV file
2015-10-12,602400000.0,2.09875,https://accounts.profunds.com/etfdata/ByFund/TQQQ-historical_nav.csv,ProShares official daily NAV file
2015-10-13,602400000.0,2.05625,https://accounts.profunds.com/etfdata/ByFund/TQQQ-historical_nav.csv,ProShares official daily NAV file
2015-10-14,590400000.0,2.04729166675,https://accounts.profunds.com/etfdata/ByFund/TQQQ-historical_nav.csv,ProShares official daily NAV file
2015-10-15,583200000.0,2.14791666675,https://accounts.profunds.com/etfdata/ByFund/TQQQ-historical_nav.csv,ProShares official daily NAV file
2015-10-16,583200000.0,2.1775,https://accounts.profunds.com/etfdata/ByFund/TQQQ-historical_nav.csv,ProShares official daily NAV file
2015-10-19,583200000.0,2.211875,https://accounts.profunds.com/etfdata/ByFund/TQQQ-historical_nav.csv,ProShares official daily NAV file
2015-10-20,578400000.0,2.17625,https://accounts.profunds.com/etfdata/ByFund/TQQQ-historical_nav.csv,ProShares official daily NAV file
2015-10-21,578400000.0,2.1395833335,https://accounts.profunds.com/etfdata/ByFund/TQQQ-historical_nav.csv,ProShares official daily NAV file
2015-10-22,552000000.0,2.26979166675,https://accounts.profunds.com/etfdata/ByFund/TQQQ-historical_nav.csv,ProShares official daily NAV file
2015-10-23,492000000.0,2.453125,https://accounts.profunds.com/etfdata/ByFund/TQQQ-historical_nav.csv,ProShares official daily NAV file
2015-10-26,492000000.0,2.463125,https://accounts.profunds.com/etfdata/ByFund/TQQQ-historical_nav.csv,ProShares official daily NAV file
2015-10-27,492000000.0,2.4764583335,https://accounts.profunds.com/etfdata/ByFund/TQQQ-historical_nav.csv,ProShares official daily NAV file
2015-10-28,492000000.0,2.5395833335,https://accounts.profunds.com/etfdata/ByFund/TQQQ-historical_nav.csv,ProShares official daily NAV file
2015-10-29,487200000.0,2.526875,https://accounts.profunds.com/etfdata/ByFund/TQQQ-historical_nav.csv,ProShares official daily NAV file
2015-10-30,487200000.0,2.49125,https://accounts.profunds.com/etfdata/ByFund/TQQQ-historical_nav.csv,ProShares official daily NAV file
2015-11-02,487200000.0,2.5795833335,https://accounts.profunds.com/etfdata/ByFund/TQQQ-historical_nav.csv,ProShares official daily NAV file
2015-11-03,487200000.0,2.6045833335,https://accounts.profunds.com/etfdata/ByFund/TQQQ-historical_nav.csv,ProShares official daily NAV file
2015-11-04,487200000.0,2.60375,https://accounts.profunds.com/etfdata/ByFund/TQQQ-historical_nav.csv,ProShares official daily NAV file
2015-11-05,487200000.0,2.58354166675,https://accounts.profunds.com/etfdata/ByFund/TQQQ-historical_nav.csv,ProShares official daily NAV file
2015-11-06,472800000.0,2.59041666675,https://accounts.profunds.com/etfdata/ByFund/TQQQ-historical_nav.csv,ProShares official daily NAV file
2015-11-09,472800000.0,2.5052083335,https://accounts.profunds.com/etfdata/ByFund/TQQQ-historical_nav.csv,ProShares official daily NAV file
2015-11-10,472800000.0,2.483125,https://accounts.profunds.com/etfdata/ByFund/TQQQ-historical_nav.csv,ProShares official daily NAV file
2015-11-11,472800000.0,2.47541666675,https://accounts.profunds.com/etfdata/ByFund/TQQQ-historical_nav.csv,ProShares official daily NAV file
2015-11-12,472800000.0,2.4008333335,https://accounts.profunds.com/etfdata/ByFund/TQQQ-historical_nav.csv,ProShares official daily NAV file
2015-11-13,477600000.0,2.264375,https://accounts.profunds.com/etfdata/ByFund/TQQQ-historical_nav.csv,ProShares official daily NAV file
2015-11-16,513600000.0,2.35979166675,https://accounts.profunds.com/etfdata/ByFund/TQQQ-historical_nav.csv,ProShares official daily NAV file
2015-11-17,549600000.0,2.364375,https://accounts.profunds.com/etfdata/ByFund/TQQQ-historical_nav.csv,ProShares official daily NAV file
2015-11-18,549600000.0,2.500625,https://accounts.profunds.com/etfdata/ByFund/TQQQ-historical_nav.csv,ProShares official daily NAV file
2015-11-19,554400000.0,2.50375,https://accounts.profunds.com/etfdata/ByFund/TQQQ-historical_nav.csv,ProShares official daily NAV file
2015-11-20,547200000.0,2.55354166675,https://accounts.profunds.com/etfdata/ByFund/TQQQ-historical_nav.csv,ProShares official daily NAV file
2015-11-23,559200000.0,2.534375,https://accounts.profunds.com/etfdata/ByFund/TQQQ-historical_nav.csv,ProShares official daily NAV file
2015-11-24,559200000.0,2.525625,https://accounts.profunds.com/etfdata/ByFund/TQQQ-historical_nav.csv,ProShares official daily NAV file
2015-11-25,559200000.0,2.53104166675,https://accounts.profunds.com/etfdata/ByFund/TQQQ-historical_nav.csv,ProShares official daily NAV file
2015-11-27,556800000.0,2.54416666675,https://accounts.profunds.com/etfdata/ByFund/TQQQ-historical_nav.csv,ProShares official daily NAV file
2015-11-30,556800000.0,2.518125,https://accounts.profunds.com/etfdata/ByFund/TQQQ-historical_nav.csv,ProShares official daily NAV file
2015-12-01,556800000.0,2.60125,https://accounts.profunds.com/etfdata/ByFund/TQQQ-historical_nav.csv,ProShares official daily NAV file
2015-12-02,547200000.0,2.55166666675,https://accounts.profunds.com/etfdata/ByFund/TQQQ-historical_nav.csv,ProShares official daily NAV file
2015-12-03,547200000.0,2.42166666675,https://accounts.profunds.com/etfdata/ByFund/TQQQ-historical_nav.csv,ProShares official daily NAV file
2015-12-04,540000000.0,2.59375,https://accounts.profunds.com/etfdata/ByFund/TQQQ-historical_nav.csv,ProShares official daily NAV file
2015-12-07,540000000.0,2.55666666675,https://accounts.profunds.com/etfdata/ByFund/TQQQ-historical_nav.csv,ProShares official daily NAV file
2015-12-08,532800000.0,2.5583333335,https://accounts.profunds.com/etfdata/ByFund/TQQQ-historical_nav.csv,ProShares official daily NAV file
2015-12-09,552000000.0,2.4395833335,https://accounts.profunds.com/etfdata/ByFund/TQQQ-historical_nav.csv,ProShares official daily NAV file
2015-12-10,552000000.0,2.4725,https://accounts.profunds.com/etfdata/ByFund/TQQQ-historical_nav.csv,ProShares official daily NAV file
2015-12-11,552000000.0,2.30416666675,https://accounts.profunds.com/etfdata/ByFund/TQQQ-historical_nav.csv,ProShares official daily NAV file
2015-12-14,576000000.0,2.354375,https://accounts.profunds.com/etfdata/ByFund/TQQQ-historical_nav.csv,ProShares official daily NAV file
2015-12-15,604800000.0,2.39625,https://accounts.profunds.com/etfdata/ByFund/TQQQ-historical_nav.csv,ProShares official daily NAV file
2015-12-16,597600000.0,2.50125,https://accounts.profunds.com/etfdata/ByFund/TQQQ-historical_nav.csv,ProShares official daily NAV file
2015-12-17,597600000.0,2.3939583335,https://accounts.profunds.com/etfdata/ByFund/TQQQ-historical_nav.csv,ProShares official daily NAV file
2015-12-18,597600000.0,2.26354166675,https://accounts.profunds.com/etfdata/ByFund/TQQQ-historical_nav.csv,ProShares official daily NAV file
2015-12-21,628800000.0,2.333125,https://accounts.profunds.com/etfdata/ByFund/TQQQ-historical_nav.csv,ProShares official daily NAV file
2015-12-22,636000000.0,2.376875,https://accounts.profunds.com/etfdata/ByFund/TQQQ-historical_nav.csv,ProShares official daily NAV file
2015-12-23,631200000.0,2.43166666675,https://accounts.profunds.com/etfdata/ByFund/TQQQ-historical_nav.csv,ProShares official daily NAV file
2015-12-24,631200000.0,2.42854166675,https://accounts.profunds.com/etfdata/ByFund/TQQQ-historical_nav.csv,ProShares official daily NAV file
2015-12-28,614400000.0,2.4258333335,https://accounts.profunds.com/etfdata/ByFund/TQQQ-historical_nav.csv,ProShares official daily NAV file
2015-12-29,604800000.0,2.53604166675,https://accounts.profunds.com/etfdata/ByFund/TQQQ-historical_nav.csv,ProShares official daily NAV file
2015-12-30,576000000.0,2.47229166675,https://accounts.profunds.com/etfdata/ByFund/TQQQ-historical_nav.csv,ProShares official daily NAV file
2015-12-31,568800000.0,2.37854166675,https://accounts.profunds.com/etfdata/ByFund/TQQQ-historical_nav.csv,ProShares official daily NAV file
2016-01-04,609600000.0,2.2320833335,https://accounts.profunds.com/etfdata/ByFund/TQQQ-historical_nav.csv,ProShares official daily NAV file
2016-01-05,609600000.0,2.21166666675,https://accounts.profunds.com/etfdata/ByFund/TQQQ-historical_nav.csv,ProShares official daily NAV file
2016-01-06,628800000.0,2.151875,https://accounts.profunds.com/etfdata/ByFund/TQQQ-historical_nav.csv,ProShares official daily NAV file
2016-01-07,652800000.0,1.9508333335,https://accounts.profunds.com/etfdata/ByFund/TQQQ-historical_nav.csv,ProShares official daily NAV file
2016-01-08,679200000.0,1.9033333335,https://accounts.profunds.com/etfdata/ByFund/TQQQ-historical_nav.csv,ProShares official daily NAV file
2016-01-11,679200000.0,1.9202083335,https://accounts.profunds.com/etfdata/ByFund/TQQQ-historical_nav.csv,ProShares official daily NAV file
2016-01-12,715200000.0,1.9875,https://accounts.profunds.com/etfdata/ByFund/TQQQ-historical_nav.csv,ProShares official daily NAV file
2016-01-13,729600000.0,1.77979166675,https://accounts.profunds.com/etfdata/ByFund/TQQQ-historical_nav.csv,ProShares official daily NAV file
2016-01-14,729600000.0,1.894375,https://accounts.profunds.com/etfdata/ByFund/TQQQ-historical_nav.csv,ProShares official daily NAV file
2016-01-15,729600000.0,1.71875,https://accounts.profunds.com/etfdata/ByFund/TQQQ-historical_nav.csv,ProShares official daily NAV file
2016-01-19,748800000.0,1.72604166675,https://accounts.profunds.com/etfdata/ByFund/TQQQ-historical_nav.csv,ProShares official daily NAV file
2016-01-20,782400000.0,1.7120833335,https://accounts.profunds.com/etfdata/ByFund/TQQQ-historical_nav.csv,ProShares official daily NAV file
2016-01-21,772800000.0,1.71979166675,https://accounts.profunds.com/etfdata/ByFund/TQQQ-historical_nav.csv,ProShares official daily NAV file
2016-01-22,772800000.0,1.865625,https://accounts.profunds.com/etfdata/ByFund/TQQQ-historical_nav.csv,ProShares official daily NAV file
2016-01-25,772800000.0,1.78229166675,https://accounts.profunds.com/etfdata/ByFund/TQQQ-historical_nav.csv,ProShares official daily NAV file
2016-01-26,763200000.0,1.82979166675,https://accounts.profunds.com/etfdata/ByFund/TQQQ-historical_nav.csv,ProShares official daily NAV file
2016-01-27,768000000.0,1.6933333335,https://accounts.profunds.com/etfdata/ByFund/TQQQ-historical_nav.csv,ProShares official daily NAV file
2016-01-28,768000000.0,1.76416666675,https://accounts.profunds.com/etfdata/ByFund/TQQQ-historical_nav.csv,ProShares official daily NAV file
2016-01-29,760800000.0,1.8814583335,https://accounts.profunds.com/etfdata/ByFund/TQQQ-historical_nav.csv,ProShares official daily NAV file
2016-02-01,760800000.0,1.89125,https://accounts.profunds.com/etfdata/ByFund/TQQQ-historical_nav.csv,ProShares official daily NAV file
2016-02-02,760800000.0,1.76791666675,https://accounts.profunds.com/etfdata/ByFund/TQQQ-historical_nav.csv,ProShares official daily NAV file
2016-02-03,760800000.0,1.7420833335,https://accounts.profunds.com/etfdata/ByFund/TQQQ-historical_nav.csv,ProShares official daily NAV file
2016-02-04,772800000.0,1.74,https://accounts.profunds.com/etfdata/ByFund/TQQQ-historical_nav.csv,ProShares official daily NAV file
2016-02-05,772800000.0,1.56041666675,https://accounts.profunds.com/etfdata/ByFund/TQQQ-historical_nav.csv,ProShares official daily NAV file
2016-02-08,811200000.0,1.48625,https://accounts.profunds.com/etfdata/ByFund/TQQQ-historical_nav.csv,ProShares official daily NAV file
2016-02-09,844800000.0,1.47166666675,https://accounts.profunds.com/etfdata/ByFund/TQQQ-historical_nav.csv,ProShares official daily NAV file
2016-02-10,840000000.0,1.4920833335,https://accounts.profunds.com/etfdata/ByFund/TQQQ-historical_nav.csv,ProShares official daily NAV file
2016-02-11,840000000.0,1.4883333335,https://accounts.profunds.com/etfdata/ByFund/TQQQ-historical_nav.csv,ProShares official daily NAV file
2016-02-12,828000000.0,1.5525,https://accounts.profunds.com/etfdata/ByFund/TQQQ-historical_nav.csv,ProShares official daily NAV file
2016-02-16,820800000.0,1.654375,https://accounts.profunds.com/etfdata/ByFund/TQQQ-historical_nav.csv,ProShares official daily NAV file
2016-02-17,820800000.0,1.76875,https://accounts.profunds.com/etfdata/ByFund/TQQQ-historical_nav.csv,ProShares official daily NAV file
2016-02-18,820800000.0,1.70875,https://accounts.profunds.com/etfdata/ByFund/TQQQ-historical_nav.csv,ProShares official daily NAV file
2016-02-19,811200000.0,1.72416666675,https://accounts.profunds.com/etfdata/ByFund/TQQQ-historical_nav.csv,ProShares official daily NAV file
2016-02-22,811200000.0,1.80729166675,https://accounts.profunds.com/etfdata/ByFund/TQQQ-historical_nav.csv,ProShares official daily NAV file
2016-02-23,808800000.0,1.719375,https://accounts.profunds.com/etfdata/ByFund/TQQQ-historical_nav.csv,ProShares official daily NAV file
2016-02-24,799200000.0,1.7664583335,https://accounts.profunds.com/etfdata/ByFund/TQQQ-historical_nav.csv,ProShares official daily NAV file
2016-02-25,799200000.0,1.8175,https://accounts.profunds.com/etfdata/ByFund/TQQQ-historical_nav.csv,ProShares official daily NAV file
2016-02-26,765600000.0,1.81041666675,https://accounts.profunds.com/etfdata/ByFund/TQQQ-historical_nav.csv,ProShares official daily NAV file
2016-02-29,765600000.0,1.76666666675,https://accounts.profunds.com/etfdata/ByFund/TQQQ-historical_nav.csv,ProShares official daily NAV file
2016-03-01,734400000.0,1.9339583335,https://accounts.profunds.com/etfdata/ByFund/TQQQ-historical_nav.csv,ProShares official daily NAV file
2016-03-02,734400000.0,1.9345833335,https://accounts.profunds.com/etfdata/ByFund/TQQQ-historical_nav.csv,ProShares official daily NAV file
2016-03-03,739200000.0,1.923125,https://accounts.profunds.com/etfdata/ByFund/TQQQ-historical_nav.csv,ProShares official daily NAV file
2016-03-04,712800000.0,1.9270833335,https://accounts.profunds.com/etfdata/ByFund/TQQQ-historical_nav.csv,ProShares official daily NAV file
2016-03-07,712800000.0,1.89291666675,https://accounts.profunds.com/etfdata/ByFund/TQQQ-historical_nav.csv,ProShares official daily NAV file
2016-03-08,712800000.0,1.84291666675,https://accounts.profunds.com/etfdata/ByFund/TQQQ-historical_nav.csv,ProShares official daily NAV file
2016-03-09,712800000.0,1.8789583335,https://accounts.profunds.com/etfdata/ByFund/TQQQ-historical_nav.csv,ProShares official daily NAV file
2016-03-10,712800000.0,1.870625,https://accounts.profunds.com/etfdata/ByFund/TQQQ-historical_nav.csv,ProShares official daily NAV file
2016-03-11,696000000.0,1.96854166675,https://accounts.profunds.com/etfdata/ByFund/TQQQ-historical_nav.csv,ProShares official daily NAV file
2016-03-14,696000000.0,1.9764583335,https://accounts.profunds.com/etfdata/ByFund/TQQQ-historical_nav.csv,ProShares official daily NAV file
2016-03-15,674400000.0,1.97604166675,https://accounts.profunds.com/etfdata/ByFund/TQQQ-historical_nav.csv,ProShares official daily NAV file
2016-03-16,655200000.0,2.0270833335,https://accounts.profunds.com/etfdata/ByFund/TQQQ-historical_nav.csv,ProShares official daily NAV file
2016-03-17,655200000.0,2.0214583335,https://accounts.profunds.com/etfdata/ByFund/TQQQ-historical_nav.csv,ProShares official daily NAV file
2016-03-18,640800000.0,2.0358333335,https://accounts.profunds.com/etfdata/ByFund/TQQQ-historical_nav.csv,ProShares official daily NAV file
2016-03-21,633600000.0,2.058125,https://accounts.profunds.com/etfdata/ByFund/TQQQ-historical_nav.csv,ProShares official daily NAV file
2016-03-22,633600000.0,2.0725,https://accounts.profunds.com/etfdata/ByFund/TQQQ-historical_nav.csv,ProShares official daily NAV file
2016-03-23,633600000.0,2.023125,https://accounts.profunds.com/etfdata/ByFund/TQQQ-historical_nav.csv,ProShares official daily NAV file
2016-03-24,614400000.0,2.0270833335,https://accounts.profunds.com/etfdata/ByFund/TQQQ-historical_nav.csv,ProShares official daily NAV file
2016-03-28,614400000.0,2.01666666675,https://accounts.profunds.com/etfdata/ByFund/TQQQ-historical_nav.csv,ProShares official daily NAV file
2016-03-29,614400000.0,2.1127083335,https://accounts.profunds.com/etfdata/ByFund/TQQQ-historical_nav.csv,ProShares official daily NAV file
2016-03-30,607200000.0,2.14541666675,https://accounts.profunds.com/etfdata/ByFund/TQQQ-historical_nav.csv,ProShares official daily NAV file
2016-03-31,607200000.0,2.13479166675,https://accounts.profunds.com/etfdata/ByFund/TQQQ-historical_nav.csv,ProShares official daily NAV file
2016-04-01,597600000.0,2.2039583335,https://accounts.profunds.com/etfdata/ByFund/TQQQ-historical_nav.csv,ProShares official daily NAV file
2016-04-04,597600000.0,2.1764583335,https://accounts.profunds.com/etfdata/ByFund/TQQQ-historical_nav.csv,ProShares official daily NAV file
2016-04-05,592800000.0,2.116875,https://accounts.profunds.com/etfdata/ByFund/TQQQ-historical_nav.csv,ProShares official daily NAV file
2016-04-06,592800000.0,2.22041666675,https://accounts.profunds.com/etfdata/ByFund/TQQQ-historical_nav.csv,ProShares official daily NAV file
2016-04-07,592800000.0,2.12,https://accounts.profunds.com/etfdata/ByFund/TQQQ-historical_nav.csv,ProShares official daily NAV file
2016-04-08,592800000.0,2.119375,https://accounts.profunds.com/etfdata/ByFund/TQQQ-historical_nav.csv,ProShares official daily NAV file
2016-04-11,592800000.0,2.09604166675,https://accounts.profunds.com/etfdata/ByFund/TQQQ-historical_nav.csv,ProShares official daily NAV file
2016-04-12,592800000.0,2.14854166675,https://accounts.profunds.com/etfdata/ByFund/TQQQ-historical_nav.csv,ProShares official daily NAV file
2016-04-13,580800000.0,2.23229166675,https://accounts.profunds.com/etfdata/ByFund/TQQQ-historical_nav.csv,ProShares official daily NAV file
2016-04-14,580800000.0,2.2320833335,https://accounts.profunds.com/etfdata/ByFund/TQQQ-historical_nav.csv,ProShares official daily NAV file
2016-04-15,566400000.0,2.215,https://accounts.profunds.com/etfdata/ByFund/TQQQ-historical_nav.csv,ProShares official daily NAV file
2016-04-18,566400000.0,2.25166666675,https://accounts.profunds.com/etfdata/ByFund/TQQQ-historical_nav.csv,ProShares official daily NAV file
2016-04-19,566400000.0,2.20541666675,https://accounts.profunds.com/etfdata/ByFund/TQQQ-historical_nav.csv,ProShares official daily NAV file
2016-04-20,578400000.0,2.21,https://accounts.profunds.com/etfdata/ByFund/TQQQ-historical_nav.csv,ProShares official daily NAV file
2016-04-21,578400000.0,2.21041666675,https://accounts.profunds.com/etfdata/ByFund/TQQQ-historical_nav.csv,ProShares official daily NAV file
2016-04-22,578400000.0,2.11291666675,https://accounts.profunds.com/etfdata/ByFund/TQQQ-historical_nav.csv,ProShares official daily NAV file
2016-04-25,585600000.0,2.1125,https://accounts.profunds.com/etfdata/ByFund/TQQQ-historical_nav.csv,ProShares official daily NAV file
2016-04-26,592800000.0,2.0825,https://accounts.profunds.com/etfdata/ByFund/TQQQ-historical_nav.csv,ProShares official daily NAV file
2016-04-27,592800000.0,2.0314583335,https://accounts.profunds.com/etfdata/ByFund/TQQQ-historical_nav.csv,ProShares official daily NAV file
2016-04-28,592800000.0,1.9589583335,https://accounts.profunds.com/etfdata/ByFund/TQQQ-historical_nav.csv,ProShares official daily NAV file
2016-04-29,600000000.0,1.928125,https://accounts.profunds.com/etfdata/ByFund/TQQQ-historical_nav.csv,ProShares official daily NAV file
2016-05-02,600000000.0,1.9814583335,https://accounts.profunds.com/etfdata/ByFund/TQQQ-historical_nav.csv,ProShares official daily NAV file
2016-05-03,600000000.0,1.92729166675,https://accounts.profunds.com/etfdata/ByFund/TQQQ-historical_nav.csv,ProShares official daily NAV file
2016-05-04,600000000.0,1.889375,https://accounts.profunds.com/etfdata/ByFund/TQQQ-historical_nav.csv,ProShares official daily NAV file
2016-05-05,600000000.0,1.8895833335,https://accounts.profunds.com/etfdata/ByFund/TQQQ-historical_nav.csv,ProShares official daily NAV file
2016-05-06,604800000.0,1.9170833335,https://accounts.profunds.com/etfdata/ByFund/TQQQ-historical_nav.csv,ProShares official daily NAV file
2016-05-09,604800000.0,1.9314583335,https://accounts.profunds.com/etfdata/ByFund/TQQQ-historical_nav.csv,ProShares official daily NAV file
2016-05-10,600000000.0,2.0127083335,https://accounts.profunds.com/etfdata/ByFund/TQQQ-historical_nav.csv,ProShares official daily NAV file
2016-05-11,600000000.0,1.95625,https://accounts.profunds.com/etfdata/ByFund/TQQQ-historical_nav.csv,ProShares official daily NAV file
2016-05-12,612000000.0,1.9314583335,https://accounts.profunds.com/etfdata/ByFund/TQQQ-historical_nav.csv,ProShares official daily NAV file
2016-05-13,612000000.0,1.910625,https://accounts.profunds.com/etfdata/ByFund/TQQQ-historical_nav.csv,ProShares official daily NAV file
2016-05-16,612000000.0,1.98229166675,https://accounts.profunds.com/etfdata/ByFund/TQQQ-historical_nav.csv,ProShares official daily NAV file
2016-05-17,614400000.0,1.90729166675,https://accounts.profunds.com/etfdata/ByFund/TQQQ-historical_nav.csv,ProShares official daily NAV file
2016-05-18,604800000.0,1.9277083335,https://accounts.profunds.com/etfdata/ByFund/TQQQ-historical_nav.csv,ProShares official daily NAV file
2016-05-19,609600000.0,1.8975,https://accounts.profunds.com/etfdata/ByFund/TQQQ-historical_nav.csv,ProShares official daily NAV file
2016-05-20,600000000.0,1.95979166675,https://accounts.profunds.com/etfdata/ByFund/TQQQ-historical_nav.csv,ProShares official daily NAV file
2016-05-23,600000000.0,1.94916666675,https://accounts.profunds.com/etfdata/ByFund/TQQQ-historical_nav.csv,ProShares official daily NAV file
2016-05-24,585600000.0,2.06916666675,https://accounts.profunds.com/etfdata/ByFund/TQQQ-historical_nav.csv,ProShares official daily NAV file
2016-05-25,576000000.0,2.1145833335,https://accounts.profunds.com/etfdata/ByFund/TQQQ-historical_nav.csv,ProShares official daily NAV file
2016-05-26,576000000.0,2.13104166675,https://accounts.profunds.com/etfdata/ByFund/TQQQ-historical_nav.csv,ProShares official daily NAV file
2016-05-27,537600000.0,2.166875,https://accounts.profunds.com/etfdata/ByFund/TQQQ-historical_nav.csv,ProShares official daily NAV file
2016-05-31,528000000.0,2.1827083335,https://accounts.profunds.com/etfdata/ByFund/TQQQ-historical_nav.csv,ProShares official daily NAV file
2016-06-01,518400000.0,2.1770833335,https://accounts.profunds.com/etfdata/ByFund/TQQQ-historical_nav.csv,ProShares official daily NAV file
2016-06-02,518400000.0,2.193125,https://accounts.profunds.com/etfdata/ByFund/TQQQ-historical_nav.csv,ProShares official daily NAV file
2016-06-03,518400000.0,2.161875,https://accounts.profunds.com/etfdata/ByFund/TQQQ-historical_nav.csv,ProShares official daily NAV file
2016-06-06,518400000.0,2.18166666675,https://accounts.profunds.com/etfdata/ByFund/TQQQ-historical_nav.csv,ProShares official daily NAV file
2016-06-07,508800000.0,2.16625,https://accounts.profunds.com/etfdata/ByFund/TQQQ-historical_nav.csv,ProShares official daily NAV file
2016-06-08,508800000.0,2.1777083335,https://accounts.profunds.com/etfdata/ByFund/TQQQ-historical_nav.csv,ProShares official daily NAV file
2016-06-09,508800000.0,2.16604166675,https://accounts.profunds.com/etfdata/ByFund/TQQQ-historical_nav.csv,ProShares official daily NAV file
2016-06-10,511200000.0,2.0914583335,https://accounts.profunds.com/etfdata/ByFund/TQQQ-historical_nav.csv,ProShares official daily NAV file
2016-06-13,511200000.0,2.0375,https://accounts.profunds.com/etfdata/ByFund/TQQQ-historical_nav.csv,ProShares official daily NAV file
2016-06-14,518400000.0,2.04125,https://accounts.profunds.com/etfdata/ByFund/TQQQ-historical_nav.csv,ProShares official daily NAV file
2016-06-15,518400000.0,2.01979166675,https://accounts.profunds.com/etfdata/ByFund/TQQQ-historical_nav.csv,ProShares official daily NAV file
2016-06-16,525600000.0,2.04,https://accounts.profunds.com/etfdata/ByFund/TQQQ-historical_nav.csv,ProShares official daily NAV file
2016-06-17,537600000.0,1.9708333335,https://accounts.profunds.com/etfdata/ByFund/TQQQ-historical_nav.csv,ProShares official daily NAV file
2016-06-20,544800000.0,2.00541666675,https://accounts.profunds.com/etfdata/ByFund/TQQQ-historical_nav.csv,ProShares official daily NAV file
2016-06-21,540000000.0,2.0233333335,https://accounts.profunds.com/etfdata/ByFund/TQQQ-historical_nav.csv,ProShares official daily NAV file
2016-06-22,540000000.0,2.01104166675,https://accounts.profunds.com/etfdata/ByFund/TQQQ-historical_nav.csv,ProShares official daily NAV file
2016-06-23,540000000.0,2.096875,https://accounts.profunds.com/etfdata/ByFund/TQQQ-historical_nav.csv,ProShares official daily NAV file
2016-06-24,552000000.0,1.8408333335,https://accounts.profunds.com/etfdata/ByFund/TQQQ-historical_nav.csv,ProShares official daily NAV file
2016-06-27,616800000.0,1.7314583335,https://accounts.profunds.com/etfdata/ByFund/TQQQ-historical_nav.csv,ProShares official daily NAV file
2016-06-28,631200000.0,1.8420833335,https://accounts.profunds.com/etfdata/ByFund/TQQQ-historical_nav.csv,ProShares official daily NAV file
2016-06-29,631200000.0,1.93791666675,https://accounts.profunds.com/etfdata/ByFund/TQQQ-historical_nav.csv,ProShares official daily NAV file
2016-06-30,616800000.0,2.0083333335,https://accounts.profunds.com/etfdata/ByFund/TQQQ-historical_nav.csv,ProShares official daily NAV file
2016-07-01,578400000.0,2.0358333335,https://accounts.profunds.com/etfdata/ByFund/TQQQ-historical_nav.csv,ProShares official daily NAV file
2016-07-05,568800000.0,2.0002083335,https://accounts.profunds.com/etfdata/ByFund/TQQQ-historical_nav.csv,ProShares official daily NAV file
2016-07-06,568800000.0,2.0464583335,https://accounts.profunds.com/etfdata/ByFund/TQQQ-historical_nav.csv,ProShares official daily NAV file
2016-07-07,568800000.0,2.06666666675,https://accounts.profunds.com/etfdata/ByFund/TQQQ-historical_nav.csv,ProShares official daily NAV file
2016-07-08,537600000.0,2.16229166675,https://accounts.profunds.com/etfdata/ByFund/TQQQ-historical_nav.csv,ProShares official daily NAV file
2016-07-11,537600000.0,2.19979166675,https://accounts.profunds.com/etfdata/ByFund/TQQQ-historical_nav.csv,ProShares official daily NAV file
2016-07-12,518400000.0,2.2327083335,https://accounts.profunds.com/etfdata/ByFund/TQQQ-historical_nav.csv,ProShares official daily NAV file
2016-07-13,506400000.0,2.2152083335,https://accounts.profunds.com/etfdata/ByFund/TQQQ-historical_nav.csv,ProShares official daily NAV file
2016-07-14,501600000.0,2.25979166675,https://accounts.profunds.com/etfdata/ByFund/TQQQ-historical_nav.csv,ProShares official daily NAV file
2016-07-15,482400000.0,2.24979166675,https://accounts.profunds.com/etfdata/ByFund/TQQQ-historical_nav.csv,ProShares official daily NAV file
2016-07-18,482400000.0,2.29354166675,https://accounts.profunds.com/etfdata/ByFund/TQQQ-historical_nav.csv,ProShares official daily NAV file
2016-07-19,477600000.0,2.2689583335,https://accounts.profunds.com/etfdata/ByFund/TQQQ-historical_nav.csv,ProShares official daily NAV file
2016-07-20,477600000.0,2.3483333335,https://accounts.profunds.com/etfdata/ByFund/TQQQ-historical_nav.csv,ProShares official daily NAV file
2016-07-21,477600000.0,2.3327083335,https://accounts.profunds.com/etfdata/ByFund/TQQQ-historical_nav.csv,ProShares official daily NAV file
2016-07-22,460800000.0,2.36125,https://accounts.profunds.com/etfdata/ByFund/TQQQ-historical_nav.csv,ProShares official daily NAV file
2016-07-25,460800000.0,2.3608333335,https://accounts.profunds.com/etfdata/ByFund/TQQQ-historical_nav.csv,ProShares official daily NAV file
2016-07-26,451200000.0,2.37,https://accounts.profunds.com/etfdata/ByFund/TQQQ-historical_nav.csv,ProShares official daily NAV file
2016-07-27,451200000.0,2.41666666675,https://accounts.profunds.com/etfdata/ByFund/TQQQ-historical_nav.csv,ProShares official daily NAV file
2016-07-28,451200000.0,2.445625,https://accounts.profunds.com/etfdata/ByFund/TQQQ-historical_nav.csv,ProShares official daily NAV file
2016-07-29,436800000.0,2.45916666675,https://accounts.profunds.com/etfdata/ByFund/TQQQ-historical_nav.csv,ProShares official daily NAV file
2016-08-01,434400000.0,2.49916666675,https://accounts.profunds.com/etfdata/ByFund/TQQQ-historical_nav.csv,ProShares official daily NAV file
2016-08-02,422400000.0,2.4414583335,https://accounts.profunds.com/etfdata/ByFund/TQQQ-historical_nav.csv,ProShares official daily NAV file
2016-08-03,422400000.0,2.46625,https://accounts.profunds.com/etfdata/ByFund/TQQQ-historical_nav.csv,ProShares official daily NAV file
2016-08-04,415200000.0,2.4852083335,https://accounts.profunds.com/etfdata/ByFund/TQQQ-historical_nav.csv,ProShares official daily NAV file
2016-08-05,408000000.0,2.559375,https://accounts.profunds.com/etfdata/ByFund/TQQQ-historical_nav.csv,ProShares official daily NAV file
2016-08-08,408000000.0,2.54875,https://accounts.profunds.com/etfdata/ByFund/TQQQ-historical_nav.csv,ProShares official daily NAV file
2016-08-09,405600000.0,2.56625,https://accounts.profunds.com/etfdata/ByFund/TQQQ-historical_nav.csv,ProShares official daily NAV file
2016-08-10,405600000.0,2.5464583335,https://accounts.profunds.com/etfdata/ByFund/TQQQ-historical_nav.csv,ProShares official daily NAV file
2016-08-11,405600000.0,2.5783333335,https://accounts.profunds.com/etfdata/ByFund/TQQQ-historical_nav.csv,ProShares official daily NAV file
2016-08-12,384000000.0,2.58416666675,https://accounts.profunds.com/etfdata/ByFund/TQQQ-historical_nav.csv,ProShares official daily NAV file
2016-08-15,384000000.0,2.6170833335,https://accounts.profunds.com/etfdata/ByFund/TQQQ-historical_nav.csv,ProShares official daily NAV file
2016-08-16,384000000.0,2.5725,https://accounts.profunds.com/etfdata/ByFund/TQQQ-historical_nav.csv,ProShares official daily NAV file
2016-08-17,388800000.0,2.5858333335,https://accounts.profunds.com/etfdata/ByFund/TQQQ-historical_nav.csv,ProShares official daily NAV file
2016-08-18,393600000.0,2.59104166675,https://accounts.profunds.com/etfdata/ByFund/TQQQ-historical_nav.csv,ProShares official daily NAV file
2016-08-19,396000000.0,2.586875,https://accounts.profunds.com/etfdata/ByFund/TQQQ-historical_nav.csv,ProShares official daily NAV file
2016-08-22,396000000.0,2.590625,https://accounts.profunds.com/etfdata/ByFund/TQQQ-historical_nav.csv,ProShares official daily NAV file
2016-08-23,376800000.0,2.606875,https://accounts.profunds.com/etfdata/ByFund/TQQQ-historical_nav.csv,ProShares official daily NAV file
2016-08-24,376800000.0,2.55104166675,https://accounts.profunds.com/etfdata/ByFund/TQQQ-historical_nav.csv,ProShares official daily NAV file
2016-08-25,376800000.0,2.53791666675,https://accounts.profunds.com/etfdata/ByFund/TQQQ-historical_nav.csv,ProShares official daily NAV file
2016-08-26,376800000.0,2.5508333335,https://accounts.profunds.com/etfdata/ByFund/TQQQ-historical_nav.csv,ProShares official daily NAV file
2016-08-29,376800000.0,2.56375,https://accounts.profunds.com/etfdata/ByFund/TQQQ-historical_nav.csv,ProShares official daily NAV file
2016-08-30,381600000.0,2.53916666675,https://accounts.profunds.com/etfdata/ByFund/TQQQ-historical_nav.csv,ProShares official daily NAV file
2016-08-31,384000000.0,2.53104166675,https://accounts.profunds.com/etfdata/ByFund/TQQQ-historical_nav.csv,ProShares official daily NAV file
2016-09-01,379200000.0,2.55125,https://accounts.profunds.com/etfdata/ByFund/TQQQ-historical_nav.csv,ProShares official daily NAV file
2016-09-02,372000000.0,2.57479166675,https://accounts.profunds.com/etfdata/ByFund/TQQQ-historical_nav.csv,ProShares official daily NAV file
2016-09-06,369600000.0,2.6239583335,https://accounts.profunds.com/etfdata/ByFund/TQQQ-historical_nav.csv,ProShares official daily NAV file
2016-09-07,369600000.0,2.6277083335,https://accounts.profunds.com/etfdata/ByFund/TQQQ-historical_nav.csv,ProShares official daily NAV file
2016-09-08,369600000.0,2.581875,https://accounts.profunds.com/etfdata/ByFund/TQQQ-historical_nav.csv,ProShares official daily NAV file
2016-09-09,379200000.0,2.384375,https://accounts.profunds.com/etfdata/ByFund/TQQQ-historical_nav.csv,ProShares official daily NAV file
2016-09-12,384000000.0,2.5114583335,https://accounts.profunds.com/etfdata/ByFund/TQQQ-historical_nav.csv,ProShares official daily NAV file
2016-09-13,386400000.0,2.4452083335,https://accounts.profunds.com/etfdata/ByFund/TQQQ-historical_nav.csv,ProShares official daily NAV file
2016-09-14,386400000.0,2.48166666675,https://accounts.profunds.com/etfdata/ByFund/TQQQ-historical_nav.csv,ProShares official daily NAV file
2016-09-15,386400000.0,2.5977083335,https://accounts.profunds.com/etfdata/ByFund/TQQQ-historical_nav.csv,ProShares official daily NAV file
2016-09-16,372000000.0,2.594375,https://accounts.profunds.com/etfdata/ByFund/TQQQ-historical_nav.csv,ProShares official daily NAV file
2016-09-19,372000000.0,2.55875,https://accounts.profunds.com/etfdata/ByFund/TQQQ-historical_nav.csv,ProShares official daily NAV file
2016-09-20,360000000.0,2.5733333335,https://accounts.profunds.com/etfdata/ByFund/TQQQ-historical_nav.csv,ProShares official daily NAV file
2016-09-21,357600000.0,2.6508333335,https://accounts.profunds.com/etfdata/ByFund/TQQQ-historical_nav.csv,ProShares official daily NAV file
2016-09-22,352800000.0,2.71229166675,https://accounts.profunds.com/etfdata/ByFund/TQQQ-historical_nav.csv,ProShares official daily NAV file
2016-09-23,350400000.0,2.6583333335,https://accounts.profunds.com/etfdata/ByFund/TQQQ-historical_nav.csv,ProShares official daily NAV file
2016-09-26,352800000.0,2.589375,https://accounts.profunds.com/etfdata/ByFund/TQQQ-historical_nav.csv,ProShares official daily NAV file
2016-09-27,345600000.0,2.66916666675,https://accounts.profunds.com/etfdata/ByFund/TQQQ-historical_nav.csv,ProShares official daily NAV file
2016-09-28,348000000.0,2.6833333335,https://accounts.profunds.com/etfdata/ByFund/TQQQ-historical_nav.csv,ProShares official daily NAV file
2016-09-29,348000000.0,2.62229166675,https://accounts.profunds.com/etfdata/ByFund/TQQQ-historical_nav.csv,ProShares official daily NAV file
2016-09-30,345600000.0,2.68291666675,https://accounts.profunds.com/etfdata/ByFund/TQQQ-historical_nav.csv,ProShares official daily NAV file
2016-10-03,352800000.0,2.67041666675,https://accounts.profunds.com/etfdata/ByFund/TQQQ-historical_nav.csv,ProShares official daily NAV file
2016-10-04,350400000.0,2.6583333335,https://accounts.profunds.com/etfdata/ByFund/TQQQ-historical_nav.csv,ProShares official daily NAV file
2016-10-05,355200000.0,2.68791666675,https://accounts.profunds.com/etfdata/ByFund/TQQQ-historical_nav.csv,ProShares official daily NAV file
2016-10-06,355200000.0,2.6814583335,https://accounts.profunds.com/etfdata/ByFund/TQQQ-historical_nav.csv,ProShares official daily NAV file
2016-10-07,355200000.0,2.665625,https://accounts.profunds.com/etfdata/ByFund/TQQQ-historical_nav.csv,ProShares official daily NAV file
2016-10-10,355200000.0,2.71354166675,https://accounts.profunds.com/etfdata/ByFund/TQQQ-historical_nav.csv,ProShares official daily NAV file
2016-10-11,357600000.0,2.5939583335,https://accounts.profunds.com/etfdata/ByFund/TQQQ-historical_nav.csv,ProShares official daily NAV file
2016-10-12,372000000.0,2.58979166675,https://accounts.profunds.com/etfdata/ByFund/TQQQ-historical_nav.csv,ProShares official daily NAV file
2016-10-13,364800000.0,2.56291666675,https://accounts.profunds.com/etfdata/ByFund/TQQQ-historical_nav.csv,ProShares official daily NAV file
2016-10-14,364800000.0,2.57125,https://accounts.profunds.com/etfdata/ByFund/TQQQ-historical_nav.csv,ProShares official daily NAV file
2016-10-17,364800000.0,2.55104166675,https://accounts.profunds.com/etfdata/ByFund/TQQQ-historical_nav.csv,ProShares official daily NAV file
2016-10-18,362400000.0,2.62041666675,https://accounts.profunds.com/etfdata/ByFund/TQQQ-historical_nav.csv,ProShares official daily NAV file
2016-10-19,360000000.0,2.615,https://accounts.profunds.com/etfdata/ByFund/TQQQ-historical_nav.csv,ProShares official daily NAV file
2016-10-20,369600000.0,2.6083333335,https://accounts.profunds.com/etfdata/ByFund/TQQQ-historical_nav.csv,ProShares official daily NAV file
2016-10-21,357600000.0,2.63916666675,https://accounts.profunds.com/etfdata/ByFund/TQQQ-historical_nav.csv,ProShares official daily NAV file
2016-10-24,350400000.0,2.73375,https://accounts.profunds.com/etfdata/ByFund/TQQQ-historical_nav.csv,ProShares official daily NAV file
2016-10-25,343200000.0,2.7027083335,https://accounts.profunds.com/etfdata/ByFund/TQQQ-historical_nav.csv,ProShares official daily NAV file
2016-10-26,343200000.0,2.65104166675,https://accounts.profunds.com/etfdata/ByFund/TQQQ-historical_nav.csv,ProShares official daily NAV file
2016-10-27,343200000.0,2.61125,https://accounts.profunds.com/etfdata/ByFund/TQQQ-historical_nav.csv,ProShares official daily NAV file
2016-10-28,343200000.0,2.5614583335,https://accounts.profunds.com/etfdata/ByFund/TQQQ-historical_nav.csv,ProShares official daily NAV file
2016-10-31,374400000.0,2.55416666675,https://accounts.profunds.com/etfdata/ByFund/TQQQ-historical_nav.csv,ProShares official daily NAV file
2016-11-01,379200000.0,2.4989583335,https://accounts.profunds.com/etfdata/ByFund/TQQQ-historical_nav.csv,ProShares official daily NAV file
2016-11-02,379200000.0,2.43604166675,https://accounts.profunds.com/etfdata/ByFund/TQQQ-historical_nav.csv,ProShares official daily NAV file
2016-11-03,386400000.0,2.3683333335,https://accounts.profunds.com/etfdata/ByFund/TQQQ-historical_nav.csv,ProShares official daily NAV file
2016-11-04,388800000.0,2.34,https://accounts.profunds.com/etfdata/ByFund/TQQQ-historical_nav.csv,ProShares official daily NAV file
2016-11-07,396000000.0,2.5102083335,https://accounts.profunds.com/etfdata/ByFund/TQQQ-historical_nav.csv,ProShares official daily NAV file
2016-11-08,391200000.0,2.55875,https://accounts.profunds.com/etfdata/ByFund/TQQQ-historical_nav.csv,ProShares official daily NAV file
2016-11-09,391200000.0,2.59104166675,https://accounts.profunds.com/etfdata/ByFund/TQQQ-historical_nav.csv,ProShares official daily NAV file
2016-11-10,391200000.0,2.465,https://accounts.profunds.com/etfdata/ByFund/TQQQ-historical_nav.csv,ProShares official daily NAV file
2016-11-11,417600000.0,2.4725,https://accounts.profunds.com/etfdata/ByFund/TQQQ-historical_nav.csv,ProShares official daily NAV file
2016-11-14,432000000.0,2.3952083335,https://accounts.profunds.com/etfdata/ByFund/TQQQ-historical_nav.csv,ProShares official daily NAV file
2016-11-15,436800000.0,2.495625,https://accounts.profunds.com/etfdata/ByFund/TQQQ-historical_nav.csv,ProShares official daily NAV file
2016-11-16,427200000.0,2.53916666675,https://accounts.profunds.com/etfdata/ByFund/TQQQ-historical_nav.csv,ProShares official daily NAV file
2016-11-17,427200000.0,2.59375,https://accounts.profunds.com/etfdata/ByFund/TQQQ-historical_nav.csv,ProShares official daily NAV file
2016-11-18,422400000.0,2.56375,https://accounts.profunds.com/etfdata/ByFund/TQQQ-historical_nav.csv,ProShares official daily NAV file
2016-11-21,422400000.0,2.645,https://accounts.profunds.com/etfdata/ByFund/TQQQ-historical_nav.csv,ProShares official daily NAV file
2016-11-22,420000000.0,2.66916666675,https://accounts.profunds.com/etfdata/ByFund/TQQQ-historical_nav.csv,ProShares official daily NAV file
2016-11-23,420000000.0,2.63625,https://accounts.profunds.com/etfdata/ByFund/TQQQ-historical_nav.csv,ProShares official daily NAV file
2016-11-25,417600000.0,2.66229166675,https://accounts.profunds.com/etfdata/ByFund/TQQQ-historical_nav.csv,ProShares official daily NAV file
2016-11-28,415200000.0,2.6420833335,https://accounts.profunds.com/etfdata/ByFund/TQQQ-historical_nav.csv,ProShares official daily NAV file
2016-11-29,410400000.0,2.66854166675,https://accounts.profunds.com/etfdata/ByFund/TQQQ-historical_nav.csv,ProShares official daily NAV file
2016-11-30,412800000.0,2.566875,https://accounts.profunds.com/etfdata/ByFund/TQQQ-historical_nav.csv,ProShares official daily NAV file
2016-12-01,444000000.0,2.44375,https://accounts.profunds.com/etfdata/ByFund/TQQQ-historical_nav.csv,ProShares official daily NAV file
2016-12-02,444000000.0,2.451875,https://accounts.profunds.com/etfdata/ByFund/TQQQ-historical_nav.csv,ProShares official daily NAV file
2016-12-05,448800000.0,2.51166666675,https://accounts.profunds.com/etfdata/ByFund/TQQQ-historical_nav.csv,ProShares official daily NAV file
2016-12-06,448800000.0,2.528125,https://accounts.profunds.com/etfdata/ByFund/TQQQ-historical_nav.csv,ProShares official daily NAV file
2016-12-07,458400000.0,2.628125,https://accounts.profunds.com/etfdata/ByFund/TQQQ-historical_nav.csv,ProShares official daily NAV file
2016-12-08,446400000.0,2.6395833335,https://accounts.profunds.com/etfdata/ByFund/TQQQ-historical_nav.csv,ProShares official daily NAV file
2016-12-09,422400000.0,2.699375,https://accounts.profunds.com/etfdata/ByFund/TQQQ-historical_nav.csv,ProShares official daily NAV file
2016-12-12,417600000.0,2.6633333335,https://accounts.profunds.com/etfdata/ByFund/TQQQ-historical_nav.csv,ProShares official daily NAV file
2016-12-13,398400000.0,2.765,https://accounts.profunds.com/etfdata/ByFund/TQQQ-historical_nav.csv,ProShares official daily NAV file
2016-12-14,400800000.0,2.74041666675,https://accounts.profunds.com/etfdata/ByFund/TQQQ-historical_nav.csv,ProShares official daily NAV file
2016-12-15,400800000.0,2.760625,https://accounts.profunds.com/etfdata/ByFund/TQQQ-historical_nav.csv,ProShares official daily NAV file
2016-12-16,374400000.0,2.72916666675,https://accounts.profunds.com/etfdata/ByFund/TQQQ-historical_nav.csv,ProShares official daily NAV file
2016-12-19,374400000.0,2.76229166675,https://accounts.profunds.com/etfdata/ByFund/TQQQ-historical_nav.csv,ProShares official daily NAV file
2016-12-20,381600000.0,2.7939583335,https://accounts.profunds.com/etfdata/ByFund/TQQQ-historical_nav.csv,ProShares official daily NAV file
2016-12-21,381600000.0,2.785,https://accounts.profunds.com/etfdata/ByFund/TQQQ-historical_nav.csv,ProShares official daily NAV file
2016-12-22,381600000.0,2.7602083335,https://accounts.profunds.com/etfdata/ByFund/TQQQ-historical_nav.csv,ProShares official daily NAV file
2016-12-23,384000000.0,2.769375,https://accounts.profunds.com/etfdata/ByFund/TQQQ-historical_nav.csv,ProShares official daily NAV file
2016-12-27,376800000.0,2.81229166675,https://accounts.profunds.com/etfdata/ByFund/TQQQ-historical_nav.csv,ProShares official daily NAV file
2016-12-28,376800000.0,2.7452083335,https://accounts.profunds.com/etfdata/ByFund/TQQQ-historical_nav.csv,ProShares official daily NAV file
2016-12-29,376800000.0,2.7314583335,https://accounts.profunds.com/etfdata/ByFund/TQQQ-historical_nav.csv,ProShares official daily NAV file
2016-12-30,376800000.0,2.64125,https://accounts.profunds.com/etfdata/ByFund/TQQQ-historical_nav.csv,ProShares official daily NAV file
2017-01-03,376800000.0,2.7183333335,https://accounts.profunds.com/etfdata/ByFund/TQQQ-historical_nav.csv,ProShares official daily NAV file
2017-01-04,376800000.0,2.7627083335,https://accounts.profunds.com/etfdata/ByFund/TQQQ-historical_nav.csv,ProShares official daily NAV file
2017-01-05,376800000.0,2.8089583335,https://accounts.profunds.com/etfdata/ByFund/TQQQ-historical_nav.csv,ProShares official daily NAV file
2017-01-06,362400000.0,2.88041666675,https://accounts.profunds.com/etfdata/ByFund/TQQQ-historical_nav.csv,ProShares official daily NAV file
2017-01-09,360000000.0,2.910625,https://accounts.profunds.com/etfdata/ByFund/TQQQ-historical_nav.csv,ProShares official daily NAV file
2017-01-10,352800000.0,2.9283333335,https://accounts.profunds.com/etfdata/ByFund/TQQQ-historical_nav.csv,ProShares official daily NAV file
2017-01-11,352800000.0,2.95375,https://accounts.profunds.com/etfdata/ByFund/TQQQ-historical_nav.csv,ProShares official daily NAV file
2017-01-12,352800000.0,2.9383333335,https://accounts.profunds.com/etfdata/ByFund/TQQQ-historical_nav.csv,ProShares official daily NAV file
2017-01-13,346800000.0,2.9695833335,https://accounts.profunds.com/etfdata/ByFund/TQQQ-historical_nav.csv,ProShares official daily NAV file
2017-01-17,345600000.0,2.94291666675,https://accounts.profunds.com/etfdata/ByFund/TQQQ-historical_nav.csv,ProShares official daily NAV file
2017-01-18,338400000.0,2.96166666675,https://accounts.profunds.com/etfdata/ByFund/TQQQ-historical_nav.csv,ProShares official daily NAV file
2017-01-19,338400000.0,2.9533333335,https://accounts.profunds.com/etfdata/ByFund/TQQQ-historical_nav.csv,ProShares official daily NAV file
2017-01-20,337200000.0,2.97416666675,https://accounts.profunds.com/etfdata/ByFund/TQQQ-historical_nav.csv,ProShares official daily NAV file
2017-01-23,342000000.0,2.9783333335,https://accounts.profunds.com/etfdata/ByFund/TQQQ-historical_nav.csv,ProShares official daily NAV file
2017-01-24,348000000.0,3.04041666675,https://accounts.profunds.com/etfdata/ByFund/TQQQ-historical_nav.csv,ProShares official daily NAV file
2017-01-25,348000000.0,3.13,https://accounts.profunds.com/etfdata/ByFund/TQQQ-historical_nav.csv,ProShares official daily NAV file
2017-01-26,348000000.0,3.1395833335,https://accounts.profunds.com/etfdata/ByFund/TQQQ-historical_nav.csv,ProShares official daily NAV file
2017-01-27,346800000.0,3.16041666675,https://accounts.profunds.com/etfdata/ByFund/TQQQ-historical_nav.csv,ProShares official daily NAV file
2017-01-30,346800000.0,3.08916666675,https://accounts.profunds.com/etfdata/ByFund/TQQQ-historical_nav.csv,ProShares official daily NAV file
2017-01-31,345600000.0,3.06666666675,https://accounts.profunds.com/etfdata/ByFund/TQQQ-historical_nav.csv,ProShares official daily NAV file
2017-02-01,348000000.0,3.13041666675,https://accounts.profunds.com/etfdata/ByFund/TQQQ-historical_nav.csv,ProShares official daily NAV file
2017-02-02,348000000.0,3.1208333335,https://accounts.profunds.com/etfdata/ByFund/TQQQ-historical_nav.csv,ProShares official daily NAV file
2017-02-03,338400000.0,3.14791666675,https://accounts.profunds.com/etfdata/ByFund/TQQQ-historical_nav.csv,ProShares official daily NAV file
2017-02-06,338400000.0,3.15916666675,https://accounts.profunds.com/etfdata/ByFund/TQQQ-historical_nav.csv,ProShares official daily NAV file
2017-02-07,338400000.0,3.1925,https://accounts.profunds.com/etfdata/ByFund/TQQQ-historical_nav.csv,ProShares official daily NAV file
2017-02-08,338400000.0,3.2120833335,https://accounts.profunds.com/etfdata/ByFund/TQQQ-historical_nav.csv,ProShares official daily NAV file
2017-02-09,338400000.0,3.24541666675,https://accounts.profunds.com/etfdata/ByFund/TQQQ-historical_nav.csv,ProShares official daily NAV file
2017-02-10,337200000.0,3.2725,https://accounts.profunds.com/etfdata/ByFund/TQQQ-historical_nav.csv,ProShares official daily NAV file
2017-02-13,340800000.0,3.3308333335,https://accounts.profunds.com/etfdata/ByFund/TQQQ-historical_nav.csv,ProShares official daily NAV file
2017-02-14,345600000.0,3.36291666675,https://accounts.profunds.com/etfdata/ByFund/TQQQ-historical_nav.csv,ProShares official daily NAV file
2017-02-15,344400000.0,3.4220833335,https://accounts.profunds.com/etfdata/ByFund/TQQQ-historical_nav.csv,ProShares official daily NAV file
2017-02-16,345600000.0,3.41875,https://accounts.profunds.com/etfdata/ByFund/TQQQ-historical_nav.csv,ProShares official daily NAV file
2017-02-17,344400000.0,3.465,https://accounts.profunds.com/etfdata/ByFund/TQQQ-historical_nav.csv,ProShares official daily NAV file
2017-02-21,361200000.0,3.515,https://accounts.profunds.com/etfdata/ByFund/TQQQ-historical_nav.csv,ProShares official daily NAV file
2017-02-22,363600000.0,3.51791666675,https://accounts.profunds.com/etfdata/ByFund/TQQQ-historical_nav.csv,ProShares official daily NAV file
2017-02-23,366000000.0,3.4783333335,https://accounts.profunds.com/etfdata/ByFund/TQQQ-historical_nav.csv,ProShares official daily NAV file
2017-02-24,366000000.0,3.5,https://accounts.profunds.com/etfdata/ByFund/TQQQ-historical_nav.csv,ProShares official daily NAV file
2017-02-27,366000000.0,3.50916666675,https://accounts.profunds.com/etfdata/ByFund/TQQQ-historical_nav.csv,ProShares official daily NAV file
2017-02-28,366000000.0,3.475,https://accounts.profunds.com/etfdata/ByFund/TQQQ-historical_nav.csv,ProShares official daily NAV file
2017-03-01,366000000.0,3.59416666675,https://accounts.profunds.com/etfdata/ByFund/TQQQ-historical_nav.csv,ProShares official daily NAV file
2017-03-02,366000000.0,3.5383333335,https://accounts.profunds.com/etfdata/ByFund/TQQQ-historical_nav.csv,ProShares official daily NAV file
2017-03-03,366000000.0,3.5583333335,https://accounts.profunds.com/etfdata/ByFund/TQQQ-historical_nav.csv,ProShares official daily NAV file
2017-03-06,370800000.0,3.53166666675,https://accounts.profunds.com/etfdata/ByFund/TQQQ-historical_nav.csv,ProShares official daily NAV file
2017-03-07,370800000.0,3.51375,https://accounts.profunds.com/etfdata/ByFund/TQQQ-historical_nav.csv,ProShares official daily NAV file
2017-03-08,370800000.0,3.53041666675,https://accounts.profunds.com/etfdata/ByFund/TQQQ-historical_nav.csv,ProShares official daily NAV file
2017-03-09,370800000.0,3.5383333335,https://accounts.profunds.com/etfdata/ByFund/TQQQ-historical_nav.csv,ProShares official daily NAV file
2017-03-10,366000000.0,3.58125,https://accounts.profunds.com/etfdata/ByFund/TQQQ-historical_nav.csv,ProShares official daily NAV file
2017-03-13,364800000.0,3.59875,https://accounts.profunds.com/etfdata/ByFund/TQQQ-historical_nav.csv,ProShares official daily NAV file
2017-03-14,364800000.0,3.5745833335,https://accounts.profunds.com/etfdata/ByFund/TQQQ-historical_nav.csv,ProShares official daily NAV file
2017-03-15,364800000.0,3.64166666675,https://accounts.profunds.com/etfdata/ByFund/TQQQ-historical_nav.csv,ProShares official daily NAV file
2017-03-16,364800000.0,3.63375,https://accounts.profunds.com/etfdata/ByFund/TQQQ-historical_nav.csv,ProShares official daily NAV file
2017-03-17,362400000.0,3.62666666675,https://accounts.profunds.com/etfdata/ByFund/TQQQ-historical_nav.csv,ProShares official daily NAV file
2017-03-20,362400000.0,3.63541666675,https://accounts.profunds.com/etfdata/ByFund/TQQQ-historical_nav.csv,ProShares official daily NAV file
2017-03-21,364800000.0,3.4725,https://accounts.profunds.com/etfdata/ByFund/TQQQ-historical_nav.csv,ProShares official daily NAV file
2017-03-22,364800000.0,3.54,https://accounts.profunds.com/etfdata/ByFund/TQQQ-historical_nav.csv,ProShares official daily NAV file
2017-03-23,364800000.0,3.515,https://accounts.profunds.com/etfdata/ByFund/TQQQ-historical_nav.csv,ProShares official daily NAV file
2017-03-24,363600000.0,3.5320833335,https://accounts.profunds.com/etfdata/ByFund/TQQQ-historical_nav.csv,ProShares official daily NAV file
2017-03-27,363600000.0,3.5520833335,https://accounts.profunds.com/etfdata/ByFund/TQQQ-historical_nav.csv,ProShares official daily NAV file
2017-03-28,364800000.0,3.6175,https://accounts.profunds.com/etfdata/ByFund/TQQQ-historical_nav.csv,ProShares official daily NAV file
2017-03-29,364800000.0,3.66375,https://accounts.profunds.com/etfdata/ByFund/TQQQ-historical_nav.csv,ProShares official daily NAV file
2017-03-30,364800000.0,3.6825,https://accounts.profunds.com/etfdata/ByFund/TQQQ-historical_nav.csv,ProShares official daily NAV file
2017-03-31,363600000.0,3.675,https://accounts.profunds.com/etfdata/ByFund/TQQQ-historical_nav.csv,ProShares official daily NAV file
2017-04-03,370800000.0,3.6675,https://accounts.profunds.com/etfdata/ByFund/TQQQ-historical_nav.csv,ProShares official daily NAV file
2017-04-04,370800000.0,3.68625,https://accounts.profunds.com/etfdata/ByFund/TQQQ-historical_nav.csv,ProShares official daily NAV file
2017-04-05,369600000.0,3.6408333335,https://accounts.profunds.com/etfdata/ByFund/TQQQ-historical_nav.csv,ProShares official daily NAV file
2017-04-06,369600000.0,3.64541666675,https://accounts.profunds.com/etfdata/ByFund/TQQQ-historical_nav.csv,ProShares official daily NAV file
2017-04-07,369600000.0,3.64,https://accounts.profunds.com/etfdata/ByFund/TQQQ-historical_nav.csv,ProShares official daily NAV file
2017-04-10,369600000.0,3.64625,https://accounts.profunds.com/etfdata/ByFund/TQQQ-historical_nav.csv,ProShares official daily NAV file
2017-04-11,369600000.0,3.59791666675,https://accounts.profunds.com/etfdata/ByFund/TQQQ-historical_nav.csv,ProShares official daily NAV file
2017-04-12,374400000.0,3.5545833335,https://accounts.profunds.com/etfdata/ByFund/TQQQ-historical_nav.csv,ProShares official daily NAV file
2017-04-13,374400000.0,3.50791666675,https://accounts.profunds.com/etfdata/ByFund/TQQQ-historical_nav.csv,ProShares official daily NAV file
2017-04-17,375600000.0,3.5970833335,https://accounts.profunds.com/etfdata/ByFund/TQQQ-historical_nav.csv,ProShares official daily NAV file
2017-04-18,375600000.0,3.58125,https://accounts.profunds.com/etfdata/ByFund/TQQQ-historical_nav.csv,ProShares official daily NAV file
2017-04-19,375600000.0,3.59625,https://accounts.profunds.com/etfdata/ByFund/TQQQ-historical_nav.csv,ProShares official daily NAV file
2017-04-20,375600000.0,3.68375,https://accounts.profunds.com/etfdata/ByFund/TQQQ-historical_nav.csv,ProShares official daily NAV file
2017-04-21,369600000.0,3.68041666675,https://accounts.profunds.com/etfdata/ByFund/TQQQ-historical_nav.csv,ProShares official daily NAV file
2017-04-24,369600000.0,3.81375,https://accounts.profunds.com/etfdata/ByFund/TQQQ-historical_nav.csv,ProShares official daily NAV file
2017-04-25,364800000.0,3.8970833335,https://accounts.profunds.com/etfdata/ByFund/TQQQ-historical_nav.csv,ProShares official daily NAV file
2017-04-26,366000000.0,3.8808333335,https://accounts.profunds.com/etfdata/ByFund/TQQQ-historical_nav.csv,ProShares official daily NAV file
2017-04-27,366000000.0,3.945,https://accounts.profunds.com/etfdata/ByFund/TQQQ-historical_nav.csv,ProShares official daily NAV file
2017-04-28,363600000.0,3.97041666675,https://accounts.profunds.com/etfdata/ByFund/TQQQ-historical_nav.csv,ProShares official daily NAV file
2017-05-01,367200000.0,4.0683333335,https://accounts.profunds.com/etfdata/ByFund/TQQQ-historical_nav.csv,ProShares official daily NAV file
2017-05-02,373200000.0,4.09916666675,https://accounts.profunds.com/etfdata/ByFund/TQQQ-historical_nav.csv,ProShares official daily NAV file
2017-05-03,373200000.0,4.05916666675,https://accounts.profunds.com/etfdata/ByFund/TQQQ-historical_nav.csv,ProShares official daily NAV file
2017-05-04,373200000.0,4.06166666675,https://accounts.profunds.com/etfdata/ByFund/TQQQ-historical_nav.csv,ProShares official daily NAV file
2017-05-05,373200000.0,4.10375,https://accounts.profunds.com/etfdata/ByFund/TQQQ-historical_nav.csv,ProShares official daily NAV file
2017-05-08,375600000.0,4.13166666675,https://accounts.profunds.com/etfdata/ByFund/TQQQ-historical_nav.csv,ProShares official daily NAV file
2017-05-09,378000000.0,4.1745833335,https://accounts.profunds.com/etfdata/ByFund/TQQQ-historical_nav.csv,ProShares official daily NAV file
2017-05-10,381600000.0,4.18125,https://accounts.profunds.com/etfdata/ByFund/TQQQ-historical_nav.csv,ProShares official daily NAV file
2017-05-11,381600000.0,4.1708333335,https://accounts.profunds.com/etfdata/ByFund/TQQQ-historical_nav.csv,ProShares official daily NAV file
2017-05-12,378000000.0,4.1983333335,https://accounts.profunds.com/etfdata/ByFund/TQQQ-historical_nav.csv,ProShares official daily NAV file
2017-05-15,380400000.0,4.2383333335,https://accounts.profunds.com/etfdata/ByFund/TQQQ-historical_nav.csv,ProShares official daily NAV file
2017-05-16,380400000.0,4.28916666675,https://accounts.profunds.com/etfdata/ByFund/TQQQ-historical_nav.csv,ProShares official daily NAV file
2017-05-17,379200000.0,3.96666666675,https://accounts.profunds.com/etfdata/ByFund/TQQQ-historical_nav.csv,ProShares official daily NAV file
2017-05-18,387600000.0,4.06416666675,https://accounts.profunds.com/etfdata/ByFund/TQQQ-historical_nav.csv,ProShares official daily NAV file
2017-05-19,387600000.0,4.11875,https://accounts.profunds.com/etfdata/ByFund/TQQQ-historical_nav.csv,ProShares official daily NAV file
2017-05-22,392400000.0,4.22291666675,https://accounts.profunds.com/etfdata/ByFund/TQQQ-historical_nav.csv,ProShares official daily NAV file
2017-05-23,400800000.0,4.23166666675,https://accounts.profunds.com/etfdata/ByFund/TQQQ-historical_nav.csv,ProShares official daily NAV file
2017-05-24,403200000.0,4.29041666675,https://accounts.profunds.com/etfdata/ByFund/TQQQ-historical_nav.csv,ProShares official daily NAV file
2017-05-25,404400000.0,4.39791666675,https://accounts.profunds.com/etfdata/ByFund/TQQQ-historical_nav.csv,ProShares official daily NAV file
2017-05-26,400800000.0,4.4220833335,https://accounts.profunds.com/etfdata/ByFund/TQQQ-historical_nav.csv,ProShares official daily NAV file
2017-05-30,400800000.0,4.4358333335,https://accounts.profunds.com/etfdata/ByFund/TQQQ-historical_nav.csv,ProShares official daily NAV file
2017-05-31,400800000.0,4.42166666675,https://accounts.profunds.com/etfdata/ByFund/TQQQ-historical_nav.csv,ProShares official daily NAV file
2017-06-01,403200000.0,4.48416666675,https://accounts.profunds.com/etfdata/ByFund/TQQQ-historical_nav.csv,ProShares official daily NAV file
2017-06-02,392400000.0,4.63416666675,https://accounts.profunds.com/etfdata/ByFund/TQQQ-historical_nav.csv,ProShares official daily NAV file
2017-06-05,393600000.0,4.62625,https://accounts.profunds.com/etfdata/ByFund/TQQQ-historical_nav.csv,ProShares official daily NAV file
2017-06-06,402000000.0,4.575,https://accounts.profunds.com/etfdata/ByFund/TQQQ-historical_nav.csv,ProShares official daily NAV file
2017-06-07,402000000.0,4.6245833335,https://accounts.profunds.com/etfdata/ByFund/TQQQ-historical_nav.csv,ProShares official daily NAV file
2017-06-08,400800000.0,4.6420833335,https://accounts.profunds.com/etfdata/ByFund/TQQQ-historical_nav.csv,ProShares official daily NAV file
2017-06-09,403200000.0,4.30166666675,https://accounts.profunds.com/etfdata/ByFund/TQQQ-historical_nav.csv,ProShares official daily NAV file
2017-06-12,414000000.0,4.225,https://accounts.profunds.com/etfdata/ByFund/TQQQ-historical_nav.csv,ProShares official daily NAV file
2017-06-13,423600000.0,4.32166666675,https://accounts.profunds.com/etfdata/ByFund/TQQQ-historical_nav.csv,ProShares official daily NAV file
2017-06-14,428400000.0,4.2658333335,https://accounts.profunds.com/etfdata/ByFund/TQQQ-historical_nav.csv,ProShares official daily NAV file
2017-06-15,432000000.0,4.20791666675,https://accounts.profunds.com/etfdata/ByFund/TQQQ-historical_nav.csv,ProShares official daily NAV file
2017-06-16,432000000.0,4.16416666675,https://accounts.profunds.com/etfdata/ByFund/TQQQ-historical_nav.csv,ProShares official daily NAV file
2017-06-19,435600000.0,4.3633333335,https://accounts.profunds.com/etfdata/ByFund/TQQQ-historical_nav.csv,ProShares official daily NAV file
2017-06-20,439200000.0,4.25875,https://accounts.profunds.com/etfdata/ByFund/TQQQ-historical_nav.csv,ProShares official daily NAV file
2017-06-21,441600000.0,4.38291666675,https://accounts.profunds.com/etfdata/ByFund/TQQQ-historical_nav.csv,ProShares official daily NAV file
2017-06-22,441600000.0,4.37666666675,https://accounts.profunds.com/etfdata/ByFund/TQQQ-historical_nav.csv,ProShares official daily NAV file
2017-06-23,438000000.0,4.42875,https://accounts.profunds.com/etfdata/ByFund/TQQQ-historical_nav.csv,ProShares official daily NAV file
2017-06-26,438000000.0,4.3695833335,https://accounts.profunds.com/etfdata/ByFund/TQQQ-historical_nav.csv,ProShares official daily NAV file
2017-06-27,444000000.0,4.12875,https://accounts.profunds.com/etfdata/ByFund/TQQQ-historical_nav.csv,ProShares official daily NAV file
2017-06-28,445200000.0,4.30625,https://accounts.profunds.com/etfdata/ByFund/TQQQ-historical_nav.csv,ProShares official daily NAV file
2017-06-29,445200000.0,4.0808333335,https://accounts.profunds.com/etfdata/ByFund/TQQQ-historical_nav.csv,ProShares official daily NAV file
2017-06-30,456000000.0,4.0683333335,https://accounts.profunds.com/etfdata/ByFund/TQQQ-historical_nav.csv,ProShares official daily NAV file
2017-07-03,456000000.0,3.9595833335,https://accounts.profunds.com/etfdata/ByFund/TQQQ-historical_nav.csv,ProShares official daily NAV file
2017-07-05,460800000.0,4.07125,https://accounts.profunds.com/etfdata/ByFund/TQQQ-historical_nav.csv,ProShares official daily NAV file
2017-07-06,460800000.0,3.9608333335,https://accounts.profunds.com/etfdata/ByFund/TQQQ-historical_nav.csv,ProShares official daily NAV file
2017-07-07,460800000.0,4.0845833335,https://accounts.profunds.com/etfdata/ByFund/TQQQ-historical_nav.csv,ProShares official daily NAV file
2017-07-10,463200000.0,4.16541666675,https://accounts.profunds.com/etfdata/ByFund/TQQQ-historical_nav.csv,ProShares official daily NAV file
2017-07-11,463200000.0,4.1995833335,https://accounts.profunds.com/etfdata/ByFund/TQQQ-historical_nav.csv,ProShares official daily NAV file
2017-07-12,459600000.0,4.3508333335,https://accounts.profunds.com/etfdata/ByFund/TQQQ-historical_nav.csv,ProShares official daily NAV file
2017-07-13,459600000.0,4.3825,https://accounts.profunds.com/etfdata/ByFund/TQQQ-historical_nav.csv,ProShares official daily NAV file
2017-07-14,444000000.0,4.48375,https://accounts.profunds.com/etfdata/ByFund/TQQQ-historical_nav.csv,ProShares official daily NAV file
2017-07-17,445200000.0,4.48666666675,https://accounts.profunds.com/etfdata/ByFund/TQQQ-historical_nav.csv,ProShares official daily NAV file
2017-07-18,439200000.0,4.57916666675,https://accounts.profunds.com/etfdata/ByFund/TQQQ-historical_nav.csv,ProShares official daily NAV file
2017-07-19,427200000.0,4.6620833335,https://accounts.profunds.com/etfdata/ByFund/TQQQ-historical_nav.csv,ProShares official daily NAV file
2017-07-20,427200000.0,4.67375,https://accounts.profunds.com/etfdata/ByFund/TQQQ-historical_nav.csv,ProShares official daily NAV file
2017-07-21,418800000.0,4.67375,https://accounts.profunds.com/etfdata/ByFund/TQQQ-historical_nav.csv,ProShares official daily NAV file
2017-07-24,416400000.0,4.72041666675,https://accounts.profunds.com/etfdata/ByFund/TQQQ-historical_nav.csv,ProShares official daily NAV file
2017-07-25,450000000.0,4.69416666675,https://accounts.profunds.com/etfdata/ByFund/TQQQ-historical_nav.csv,ProShares official daily NAV file
2017-07-26,451200000.0,4.74,https://accounts.profunds.com/etfdata/ByFund/TQQQ-historical_nav.csv,ProShares official daily NAV file
2017-07-27,415200000.0,4.66,https://accounts.profunds.com/etfdata/ByFund/TQQQ-historical_nav.csv,ProShares official daily NAV file
2017-07-28,412800000.0,4.6408333335,https://accounts.profunds.com/etfdata/ByFund/TQQQ-historical_nav.csv,ProShares official daily NAV file
2017-07-31,411600000.0,4.57291666675,https://accounts.profunds.com/etfdata/ByFund/TQQQ-historical_nav.csv,ProShares official daily NAV file
2017-08-01,415200000.0,4.60666666675,https://accounts.profunds.com/etfdata/ByFund/TQQQ-historical_nav.csv,ProShares official daily NAV file
2017-08-02,408000000.0,4.65,https://accounts.profunds.com/etfdata/ByFund/TQQQ-historical_nav.csv,ProShares official daily NAV file
2017-08-03,406800000.0,4.5975,https://accounts.profunds.com/etfdata/ByFund/TQQQ-historical_nav.csv,ProShares official daily NAV file
2017-08-04,406800000.0,4.6175,https://accounts.profunds.com/etfdata/ByFund/TQQQ-historical_nav.csv,ProShares official daily NAV file
2017-08-07,406800000.0,4.69875,https://accounts.profunds.com/etfdata/ByFund/TQQQ-historical_nav.csv,ProShares official daily NAV file
2017-08-08,402000000.0,4.67916666675,https://accounts.profunds.com/etfdata/ByFund/TQQQ-historical_nav.csv,ProShares official daily NAV file
2017-08-09,402000000.0,4.66125,https://accounts.profunds.com/etfdata/ByFund/TQQQ-historical_nav.csv,ProShares official daily NAV file
2017-08-10,410400000.0,4.35791666675,https://accounts.profunds.com/etfdata/ByFund/TQQQ-historical_nav.csv,ProShares official daily NAV file
2017-08-11,412800000.0,4.45541666675,https://accounts.profunds.com/etfdata/ByFund/TQQQ-historical_nav.csv,ProShares official daily NAV file
2017-08-14,415200000.0,4.63041666675,https://accounts.profunds.com/etfdata/ByFund/TQQQ-historical_nav.csv,ProShares official daily NAV file
2017-08-15,418800000.0,4.63666666675,https://accounts.profunds.com/etfdata/ByFund/TQQQ-historical_nav.csv,ProShares official daily NAV file
2017-08-16,418800000.0,4.6608333335,https://accounts.profunds.com/etfdata/ByFund/TQQQ-historical_nav.csv,ProShares official daily NAV file
2017-08-17,427200000.0,4.3745833335,https://accounts.profunds.com/etfdata/ByFund/TQQQ-historical_nav.csv,ProShares official daily NAV file
2017-08-18,433200000.0,4.3620833335,https://accounts.profunds.com/etfdata/ByFund/TQQQ-historical_nav.csv,ProShares official daily NAV file
2017-08-21,435600000.0,4.35125,https://accounts.profunds.com/etfdata/ByFund/TQQQ-historical_nav.csv,ProShares official daily NAV file
2017-08-22,438000000.0,4.5475,https://accounts.profunds.com/etfdata/ByFund/TQQQ-historical_nav.csv,ProShares official daily NAV file
2017-08-23,435600000.0,4.49625,https://accounts.profunds.com/etfdata/ByFund/TQQQ-historical_nav.csv,ProShares official daily NAV file
2017-08-24,439200000.0,4.4558333335,https://accounts.profunds.com/etfdata/ByFund/TQQQ-historical_nav.csv,ProShares official daily NAV file
2017-08-25,436800000.0,4.42791666675,https://accounts.profunds.com/etfdata/ByFund/TQQQ-historical_nav.csv,ProShares official daily NAV file
2017-08-28,460800000.0,4.4645833335,https://accounts.profunds.com/etfdata/ByFund/TQQQ-historical_nav.csv,ProShares official daily NAV file
2017-08-29,459600000.0,4.5195833335,https://accounts.profunds.com/etfdata/ByFund/TQQQ-historical_nav.csv,ProShares official daily NAV file
2017-08-30,427200000.0,4.68125,https://accounts.profunds.com/etfdata/ByFund/TQQQ-historical_nav.csv,ProShares official daily NAV file
2017-08-31,416400000.0,4.81291666675,https://accounts.profunds.com/etfdata/ByFund/TQQQ-historical_nav.csv,ProShares official daily NAV file
2017-09-01,408000000.0,4.81041666675,https://accounts.profunds.com/etfdata/ByFund/TQQQ-historical_nav.csv,ProShares official daily NAV file
2017-09-05,403200000.0,4.67666666675,https://accounts.profunds.com/etfdata/ByFund/TQQQ-historical_nav.csv,ProShares official daily NAV file
2017-09-06,415200000.0,4.7195833335,https://accounts.profunds.com/etfdata/ByFund/TQQQ-historical_nav.csv,ProShares official daily NAV file
2017-09-07,415200000.0,4.75041666675,https://accounts.profunds.com/etfdata/ByFund/TQQQ-historical_nav.csv,ProShares official daily NAV file
2017-09-08,398400000.0,4.62791666675,https://accounts.profunds.com/etfdata/ByFund/TQQQ-historical_nav.csv,ProShares official daily NAV file
2017-09-11,394800000.0,4.785,https://accounts.profunds.com/etfdata/ByFund/TQQQ-historical_nav.csv,ProShares official daily NAV file
2017-09-12,410400000.0,4.82125,https://accounts.profunds.com/etfdata/ByFund/TQQQ-historical_nav.csv,ProShares official daily NAV file
2017-09-13,406800000.0,4.84166666675,https://accounts.profunds.com/etfdata/ByFund/TQQQ-historical_nav.csv,ProShares official daily NAV file
2017-09-14,393600000.0,4.7558333335,https://accounts.profunds.com/etfdata/ByFund/TQQQ-historical_nav.csv,ProShares official daily NAV file
2017-09-15,392400000.0,4.80125,https://accounts.profunds.com/etfdata/ByFund/TQQQ-historical_nav.csv,ProShares official daily NAV file
2017-09-18,392400000.0,4.7845833335,https://accounts.profunds.com/etfdata/ByFund/TQQQ-historical_nav.csv,ProShares official daily NAV file
2017-09-19,416400000.0,4.8083333335,https://accounts.profunds.com/etfdata/ByFund/TQQQ-historical_nav.csv,ProShares official daily NAV file
2017-09-20,424800000.0,4.76541666675,https://accounts.profunds.com/etfdata/ByFund/TQQQ-historical_nav.csv,ProShares official daily NAV file
2017-09-21,406800000.0,4.67166666675,https://accounts.profunds.com/etfdata/ByFund/TQQQ-historical_nav.csv,ProShares official daily NAV file
2017-09-22,406800000.0,4.6645833335,https://accounts.profunds.com/etfdata/ByFund/TQQQ-historical_nav.csv,ProShares official daily NAV file
2017-09-25,460800000.0,4.5108333335,https://accounts.profunds.com/etfdata/ByFund/TQQQ-historical_nav.csv,ProShares official daily NAV file
2017-09-26,466800000.0,4.5425,https://accounts.profunds.com/etfdata/ByFund/TQQQ-historical_nav.csv,ProShares official daily NAV file
2017-09-27,438000000.0,4.6725,https://accounts.profunds.com/etfdata/ByFund/TQQQ-historical_nav.csv,ProShares official daily NAV file
2017-09-28,439200000.0,4.66125,https://accounts.profunds.com/etfdata/ByFund/TQQQ-historical_nav.csv,ProShares official daily NAV file
2017-09-29,429600000.0,4.76916666675,https://accounts.profunds.com/etfdata/ByFund/TQQQ-historical_nav.csv,ProShares official daily NAV file
2017-10-02,426000000.0,4.775,https://accounts.profunds.com/etfdata/ByFund/TQQQ-historical_nav.csv,ProShares official daily NAV file
2017-10-03,422400000.0,4.8075,https://accounts.profunds.com/etfdata/ByFund/TQQQ-historical_nav.csv,ProShares official daily NAV file
2017-10-04,414000000.0,4.81875,https://accounts.profunds.com/etfdata/ByFund/TQQQ-historical_nav.csv,ProShares official daily NAV file
2017-10-05,405600000.0,4.9575,https://accounts.profunds.com/etfdata/ByFund/TQQQ-historical_nav.csv,ProShares official daily NAV file
2017-10-06,391200000.0,4.97541666675,https://accounts.profunds.com/etfdata/ByFund/TQQQ-historical_nav.csv,ProShares official daily NAV file
2017-10-09,390000000.0,4.96,https://accounts.profunds.com/etfdata/ByFund/TQQQ-historical_nav.csv,ProShares official daily NAV file
2017-10-10,390000000.0,4.97166666675,https://accounts.profunds.com/etfdata/ByFund/TQQQ-historical_nav.csv,ProShares official daily NAV file
2017-10-11,390000000.0,5.015,https://accounts.profunds.com/etfdata/ByFund/TQQQ-historical_nav.csv,ProShares official daily NAV file
2017-10-12,390000000.0,4.98541666675,https://accounts.profunds.com/etfdata/ByFund/TQQQ-historical_nav.csv,ProShares official daily NAV file
2017-10-13,388800000.0,5.04041666675,https://accounts.profunds.com/etfdata/ByFund/TQQQ-historical_nav.csv,ProShares official daily NAV file
2017-10-16,388800000.0,5.09416666675,https://accounts.profunds.com/etfdata/ByFund/TQQQ-historical_nav.csv,ProShares official daily NAV file
2017-10-17,388800000.0,5.11375,https://accounts.profunds.com/etfdata/ByFund/TQQQ-historical_nav.csv,ProShares official daily NAV file
2017-10-18,388800000.0,5.0925,https://accounts.profunds.com/etfdata/ByFund/TQQQ-historical_nav.csv,ProShares official daily NAV file
2017-10-19,394800000.0,5.03666666675,https://accounts.profunds.com/etfdata/ByFund/TQQQ-historical_nav.csv,ProShares official daily NAV file
2017-10-20,393600000.0,5.07625,https://accounts.profunds.com/etfdata/ByFund/TQQQ-historical_nav.csv,ProShares official daily NAV file
2017-10-23,398400000.0,4.97291666675,https://accounts.profunds.com/etfdata/ByFund/TQQQ-historical_nav.csv,ProShares official daily NAV file
2017-10-24,402000000.0,5.00291666675,https://accounts.profunds.com/etfdata/ByFund/TQQQ-historical_nav.csv,ProShares official daily NAV file
2017-10-25,404400000.0,4.94041666675,https://accounts.profunds.com/etfdata/ByFund/TQQQ-historical_nav.csv,ProShares official daily NAV file
2017-10-26,404400000.0,4.89666666675,https://accounts.profunds.com/etfdata/ByFund/TQQQ-historical_nav.csv,ProShares official daily NAV file
2017-10-27,386400000.0,5.3233333335,https://accounts.profunds.com/etfdata/ByFund/TQQQ-historical_nav.csv,ProShares official daily NAV file
2017-10-30,387600000.0,5.36,https://accounts.profunds.com/etfdata/ByFund/TQQQ-historical_nav.csv,ProShares official daily NAV file
2017-10-31,386400000.0,5.41416666675,https://accounts.profunds.com/etfdata/ByFund/TQQQ-historical_nav.csv,ProShares official daily NAV file
2017-11-01,392400000.0,5.41375,https://accounts.profunds.com/etfdata/ByFund/TQQQ-historical_nav.csv,ProShares official daily NAV file
2017-11-02,396000000.0,5.38041666675,https://accounts.profunds.com/etfdata/ByFund/TQQQ-historical_nav.csv,ProShares official daily NAV file
2017-11-03,391200000.0,5.53291666675,https://accounts.profunds.com/etfdata/ByFund/TQQQ-historical_nav.csv,ProShares official daily NAV file
2017-11-06,388800000.0,5.5825,https://accounts.profunds.com/etfdata/ByFund/TQQQ-historical_nav.csv,ProShares official daily NAV file
2017-11-07,388800000.0,5.6008333335,https://accounts.profunds.com/etfdata/ByFund/TQQQ-historical_nav.csv,ProShares official daily NAV file
2017-11-08,384000000.0,5.66666666675,https://accounts.profunds.com/etfdata/ByFund/TQQQ-historical_nav.csv,ProShares official daily NAV file
2017-11-09,388800000.0,5.575,https://accounts.profunds.com/etfdata/ByFund/TQQQ-historical_nav.csv,ProShares official daily NAV file
2017-11-10,388800000.0,5.5745833335,https://accounts.profunds.com/etfdata/ByFund/TQQQ-historical_nav.csv,ProShares official daily NAV file
2017-11-13,393600000.0,5.59291666675,https://accounts.profunds.com/etfdata/ByFund/TQQQ-historical_nav.csv,ProShares official daily NAV file
2017-11-14,397200000.0,5.5325,https://accounts.profunds.com/etfdata/ByFund/TQQQ-historical_nav.csv,ProShares official daily NAV file
2017-11-15,399600000.0,5.4475,https://accounts.profunds.com/etfdata/ByFund/TQQQ-historical_nav.csv,ProShares official daily NAV file
2017-11-16,400800000.0,5.66041666675,https://accounts.profunds.com/etfdata/ByFund/TQQQ-historical_nav.csv,ProShares official daily NAV file
2017-11-17,399600000.0,5.59416666675,https://accounts.profunds.com/etfdata/ByFund/TQQQ-historical_nav.csv,ProShares official daily NAV file
2017-11-20,399600000.0,5.57791666675,https://accounts.profunds.com/etfdata/ByFund/TQQQ-historical_nav.csv,ProShares official daily NAV file
2017-11-21,397200000.0,5.76291666675,https://accounts.profunds.com/etfdata/ByFund/TQQQ-historical_nav.csv,ProShares official daily NAV file
2017-11-22,396000000.0,5.7820833335,https://accounts.profunds.com/etfdata/ByFund/TQQQ-historical_nav.csv,ProShares official daily NAV file
2017-11-24,392400000.0,5.84416666675,https://accounts.profunds.com/etfdata/ByFund/TQQQ-historical_nav.csv,ProShares official daily NAV file
2017-11-27,392400000.0,5.83416666675,https://accounts.profunds.com/etfdata/ByFund/TQQQ-historical_nav.csv,ProShares official daily NAV file
2017-11-28,392400000.0,5.8808333335,https://accounts.profunds.com/etfdata/ByFund/TQQQ-historical_nav.csv,ProShares official daily NAV file
2017-11-29,416400000.0,5.5758333335,https://accounts.profunds.com/etfdata/ByFund/TQQQ-historical_nav.csv,ProShares official daily NAV file
2017-11-30,422400000.0,5.71791666675,https://accounts.profunds.com/etfdata/ByFund/TQQQ-historical_nav.csv,ProShares official daily NAV file
2017-12-01,422400000.0,5.64291666675,https://accounts.profunds.com/etfdata/ByFund/TQQQ-historical_nav.csv,ProShares official daily NAV file
2017-12-04,433200000.0,5.44375,https://accounts.profunds.com/etfdata/ByFund/TQQQ-historical_nav.csv,ProShares official daily NAV file
2017-12-05,434400000.0,5.4470833335,https://accounts.profunds.com/etfdata/ByFund/TQQQ-historical_nav.csv,ProShares official daily NAV file
2017-12-06,442800000.0,5.51916666675,https://accounts.profunds.com/etfdata/ByFund/TQQQ-historical_nav.csv,ProShares official daily NAV file
2017-12-07,442800000.0,5.57916666675,https://accounts.profunds.com/etfdata/ByFund/TQQQ-historical_nav.csv,ProShares official daily NAV file
2017-12-08,430800000.0,5.6533333335,https://accounts.profunds.com/etfdata/ByFund/TQQQ-historical_nav.csv,ProShares official daily NAV file
2017-12-11,430800000.0,5.78416666675,https://accounts.profunds.com/etfdata/ByFund/TQQQ-historical_nav.csv,ProShares official daily NAV file
2017-12-12,424800000.0,5.75541666675,https://accounts.profunds.com/etfdata/ByFund/TQQQ-historical_nav.csv,ProShares official daily NAV file
2017-12-13,418800000.0,5.7845833335,https://accounts.profunds.com/etfdata/ByFund/TQQQ-historical_nav.csv,ProShares official daily NAV file
2017-12-14,416400000.0,5.77125,https://accounts.profunds.com/etfdata/ByFund/TQQQ-historical_nav.csv,ProShares official daily NAV file
2017-12-15,399600000.0,5.9775,https://accounts.profunds.com/etfdata/ByFund/TQQQ-historical_nav.csv,ProShares official daily NAV file
2017-12-18,402000000.0,6.10875,https://accounts.profunds.com/etfdata/ByFund/TQQQ-historical_nav.csv,ProShares official daily NAV file
2017-12-19,405600000.0,6.01625,https://accounts.profunds.com/etfdata/ByFund/TQQQ-historical_nav.csv,ProShares official daily NAV file
2017-12-20,409200000.0,5.99291666675,https://accounts.profunds.com/etfdata/ByFund/TQQQ-historical_nav.csv,ProShares official daily NAV file
2017-12-21,409200000.0,5.99041666675,https://accounts.profunds.com/etfdata/ByFund/TQQQ-historical_nav.csv,ProShares official daily NAV file
2017-12-22,409200000.0,5.96916666675,https://accounts.profunds.com/etfdata/ByFund/TQQQ-historical_nav.csv,ProShares official daily NAV file
2017-12-26,409200000.0,5.87916666675,https://accounts.profunds.com/etfdata/ByFund/TQQQ-historical_nav.csv,ProShares official daily NAV file
2017-12-27,412800000.0,5.88375,https://accounts.profunds.com/etfdata/ByFund/TQQQ-historical_nav.csv,ProShares official daily NAV file
2017-12-28,415200000.0,5.89916666675,https://accounts.profunds.com/etfdata/ByFund/TQQQ-historical_nav.csv,ProShares official daily NAV file
2017-12-29,414000000.0,5.775,https://accounts.profunds.com/etfdata/ByFund/TQQQ-historical_nav.csv,ProShares official daily NAV file
2018-01-02,412800000.0,6.08666666675,https://accounts.profunds.com/etfdata/ByFund/TQQQ-historical_nav.csv,ProShares official daily NAV file
2018-01-03,403200000.0,6.26625,https://accounts.profunds.com/etfdata/ByFund/TQQQ-historical_nav.csv,ProShares official daily NAV file
2018-01-04,403200000.0,6.29291666675,https://accounts.profunds.com/etfdata/ByFund/TQQQ-historical_nav.csv,ProShares official daily NAV file
2018-01-05,400800000.0,6.48875,https://accounts.profunds.com/etfdata/ByFund/TQQQ-historical_nav.csv,ProShares official daily NAV file
2018-01-08,400800000.0,6.55625,https://accounts.profunds.com/etfdata/ByFund/TQQQ-historical_nav.csv,ProShares official daily NAV file
2018-01-09,402000000.0,6.5595833335,https://accounts.profunds.com/etfdata/ByFund/TQQQ-historical_nav.csv,ProShares official daily NAV file
2018-01-10,406800000.0,6.51375,https://accounts.profunds.com/etfdata/ByFund/TQQQ-historical_nav.csv,ProShares official daily NAV file
2018-01-11,406800000.0,6.645,https://accounts.profunds.com/etfdata/ByFund/TQQQ-historical_nav.csv,ProShares official daily NAV file
2018-01-12,404400000.0,6.7925,https://accounts.profunds.com/etfdata/ByFund/TQQQ-historical_nav.csv,ProShares official daily NAV file
2018-01-16,412800000.0,6.7270833335,https://accounts.profunds.com/etfdata/ByFund/TQQQ-historical_nav.csv,ProShares official daily NAV file
2018-01-17,422400000.0,6.94541666675,https://accounts.profunds.com/etfdata/ByFund/TQQQ-historical_nav.csv,ProShares official daily NAV file
2018-01-18,422400000.0,6.94625,https://accounts.profunds.com/etfdata/ByFund/TQQQ-historical_nav.csv,ProShares official daily NAV file
2018-01-19,426000000.0,7.01541666675,https://accounts.profunds.com/etfdata/ByFund/TQQQ-historical_nav.csv,ProShares official daily NAV file
2018-01-22,432000000.0,7.2358333335,https://accounts.profunds.com/etfdata/ByFund/TQQQ-historical_nav.csv,ProShares official daily NAV file
2018-01-23,441600000.0,7.41416666675,https://accounts.profunds.com/etfdata/ByFund/TQQQ-historical_nav.csv,ProShares official daily NAV file
2018-01-24,450000000.0,7.2720833335,https://accounts.profunds.com/etfdata/ByFund/TQQQ-historical_nav.csv,ProShares official daily NAV file
2018-01-25,456000000.0,7.2595833335,https://accounts.profunds.com/etfdata/ByFund/TQQQ-historical_nav.csv,ProShares official daily NAV file
2018-01-26,454800000.0,7.59416666675,https://accounts.profunds.com/etfdata/ByFund/TQQQ-historical_nav.csv,ProShares official daily NAV file
2018-01-29,453600000.0,7.48041666675,https://accounts.profunds.com/etfdata/ByFund/TQQQ-historical_nav.csv,ProShares official daily NAV file
2018-01-30,462000000.0,7.2970833335,https://accounts.profunds.com/etfdata/ByFund/TQQQ-historical_nav.csv,ProShares official daily NAV file
2018-01-31,464400000.0,7.3583333335,https://accounts.profunds.com/etfdata/ByFund/TQQQ-historical_nav.csv,ProShares official daily NAV file
2018-02-01,466800000.0,7.2008333335,https://accounts.profunds.com/etfdata/ByFund/TQQQ-historical_nav.csv,ProShares official daily NAV file
2018-02-02,458400000.0,6.75791666675,https://accounts.profunds.com/etfdata/ByFund/TQQQ-historical_nav.csv,ProShares official daily NAV file
2018-02-05,457200000.0,5.96375,https://accounts.profunds.com/etfdata/ByFund/TQQQ-historical_nav.csv,ProShares official daily NAV file
2018-02-06,458400000.0,6.43416666675,https://accounts.profunds.com/etfdata/ByFund/TQQQ-historical_nav.csv,ProShares official daily NAV file
2018-02-07,475200000.0,6.1908333335,https://accounts.profunds.com/etfdata/ByFund/TQQQ-historical_nav.csv,ProShares official daily NAV file
2018-02-08,482400000.0,5.41,https://accounts.profunds.com/etfdata/ByFund/TQQQ-historical_nav.csv,ProShares official daily NAV file
2018-02-09,486000000.0,5.69125,https://accounts.profunds.com/etfdata/ByFund/TQQQ-historical_nav.csv,ProShares official daily NAV file
2018-02-12,486000000.0,5.98625,https://accounts.profunds.com/etfdata/ByFund/TQQQ-historical_nav.csv,ProShares official daily NAV file
2018-02-13,490800000.0,6.06791666675,https://accounts.profunds.com/etfdata/ByFund/TQQQ-historical_nav.csv,ProShares official daily NAV file
2018-02-14,501600000.0,6.415,https://accounts.profunds.com/etfdata/ByFund/TQQQ-historical_nav.csv,ProShares official daily NAV file
2018-02-15,505200000.0,6.7583333335,https://accounts.profunds.com/etfdata/ByFund/TQQQ-historical_nav.csv,ProShares official daily NAV file
2018-02-16,501600000.0,6.6845833335,https://accounts.profunds.com/etfdata/ByFund/TQQQ-historical_nav.csv,ProShares official daily NAV file
2018-02-20,496800000.0,6.7108333335,https://accounts.profunds.com/etfdata/ByFund/TQQQ-historical_nav.csv,ProShares official daily NAV file
2018-02-21,490800000.0,6.65,https://accounts.profunds.com/etfdata/ByFund/TQQQ-historical_nav.csv,ProShares official daily NAV file
2018-02-22,493200000.0,6.65541666675,https://accounts.profunds.com/etfdata/ByFund/TQQQ-historical_nav.csv,ProShares official daily NAV file
2018-02-23,477600000.0,7.0525,https://accounts.profunds.com/etfdata/ByFund/TQQQ-historical_nav.csv,ProShares official daily NAV file
2018-02-26,478800000.0,7.335,https://accounts.profunds.com/etfdata/ByFund/TQQQ-historical_nav.csv,ProShares official daily NAV file
2018-02-27,481200000.0,7.05666666675,https://accounts.profunds.com/etfdata/ByFund/TQQQ-historical_nav.csv,ProShares official daily NAV file
2018-02-28,484800000.0,6.9158333335,https://accounts.profunds.com/etfdata/ByFund/TQQQ-historical_nav.csv,ProShares official daily NAV file
2018-03-01,487200000.0,6.59875,https://accounts.profunds.com/etfdata/ByFund/TQQQ-historical_nav.csv,ProShares official daily NAV file
2018-03-02,487200000.0,6.775,https://accounts.profunds.com/etfdata/ByFund/TQQQ-historical_nav.csv,ProShares official daily NAV file
2018-03-05,489600000.0,6.98375,https://accounts.profunds.com/etfdata/ByFund/TQQQ-historical_nav.csv,ProShares official daily NAV file
2018-03-06,490800000.0,7.07916666675,https://accounts.profunds.com/etfdata/ByFund/TQQQ-historical_nav.csv,ProShares official daily NAV file
2018-03-07,495600000.0,7.12875,https://accounts.profunds.com/etfdata/ByFund/TQQQ-historical_nav.csv,ProShares official daily NAV file
2018-03-08,494400000.0,7.2433333335,https://accounts.profunds.com/etfdata/ByFund/TQQQ-historical_nav.csv,ProShares official daily NAV file
2018-03-09,459600000.0,7.6625,https://accounts.profunds.com/etfdata/ByFund/TQQQ-historical_nav.csv,ProShares official daily NAV file
2018-03-12,459600000.0,7.7583333335,https://accounts.profunds.com/etfdata/ByFund/TQQQ-historical_nav.csv,ProShares official daily NAV file
2018-03-13,469200000.0,7.48166666675,https://accounts.profunds.com/etfdata/ByFund/TQQQ-historical_nav.csv,ProShares official daily NAV file
2018-03-14,475200000.0,7.46291666675,https://accounts.profunds.com/etfdata/ByFund/TQQQ-historical_nav.csv,ProShares official daily NAV file
2018-03-15,477600000.0,7.43,https://accounts.profunds.com/etfdata/ByFund/TQQQ-historical_nav.csv,ProShares official daily NAV file
2018-03-16,478800000.0,7.39416666675,https://accounts.profunds.com/etfdata/ByFund/TQQQ-historical_nav.csv,ProShares official daily NAV file
2018-03-19,484800000.0,6.9025,https://accounts.profunds.com/etfdata/ByFund/TQQQ-historical_nav.csv,ProShares official daily NAV file
2018-03-20,488400000.0,6.96541666675,https://accounts.profunds.com/etfdata/ByFund/TQQQ-historical_nav.csv,ProShares official daily NAV file
2018-03-21,502800000.0,6.8675,https://accounts.profunds.com/etfdata/ByFund/TQQQ-historical_nav.csv,ProShares official daily NAV file
2018-03-22,510000000.0,6.35,https://accounts.profunds.com/etfdata/ByFund/TQQQ-historical_nav.csv,ProShares official daily NAV file
2018-03-23,514800000.0,5.8525,https://accounts.profunds.com/etfdata/ByFund/TQQQ-historical_nav.csv,ProShares official daily NAV file
2018-03-26,522000000.0,6.51416666675,https://accounts.profunds.com/etfdata/ByFund/TQQQ-historical_nav.csv,ProShares official daily NAV file
2018-03-27,549600000.0,5.865,https://accounts.profunds.com/etfdata/ByFund/TQQQ-historical_nav.csv,ProShares official daily NAV file
2018-03-28,560400000.0,5.6775,https://accounts.profunds.com/etfdata/ByFund/TQQQ-historical_nav.csv,ProShares official daily NAV file
2018-03-29,568800000.0,5.99375,https://accounts.profunds.com/etfdata/ByFund/TQQQ-historical_nav.csv,ProShares official daily NAV file
2018-04-02,588000000.0,5.4725,https://accounts.profunds.com/etfdata/ByFund/TQQQ-historical_nav.csv,ProShares official daily NAV file
2018-04-03,586800000.0,5.64791666675,https://accounts.profunds.com/etfdata/ByFund/TQQQ-historical_nav.csv,ProShares official daily NAV file
2018-04-04,585600000.0,5.91625,https://accounts.profunds.com/etfdata/ByFund/TQQQ-historical_nav.csv,ProShares official daily NAV file
2018-04-05,592800000.0,6.00791666675,https://accounts.profunds.com/etfdata/ByFund/TQQQ-historical_nav.csv,ProShares official daily NAV file
2018-04-06,597600000.0,5.56541666675,https://accounts.profunds.com/etfdata/ByFund/TQQQ-historical_nav.csv,ProShares official daily NAV file
2018-04-09,589200000.0,5.6658333335,https://accounts.profunds.com/etfdata/ByFund/TQQQ-historical_nav.csv,ProShares official daily NAV file
2018-04-10,595200000.0,6.0420833335,https://accounts.profunds.com/etfdata/ByFund/TQQQ-historical_nav.csv,ProShares official daily NAV file
2018-04-11,596400000.0,5.9520833335,https://accounts.profunds.com/etfdata/ByFund/TQQQ-historical_nav.csv,ProShares official daily NAV file
2018-04-12,591600000.0,6.1470833335,https://accounts.profunds.com/etfdata/ByFund/TQQQ-historical_nav.csv,ProShares official daily NAV file
2018-04-13,588000000.0,6.0683333335,https://accounts.profunds.com/etfdata/ByFund/TQQQ-historical_nav.csv,ProShares official daily NAV file
2018-04-16,582000000.0,6.1958333335,https://accounts.profunds.com/etfdata/ByFund/TQQQ-historical_nav.csv,ProShares official daily NAV file
2018-04-17,580800000.0,6.58791666675,https://accounts.profunds.com/etfdata/ByFund/TQQQ-historical_nav.csv,ProShares official daily NAV file
2018-04-18,576000000.0,6.63541666675,https://accounts.profunds.com/etfdata/ByFund/TQQQ-historical_nav.csv,ProShares official daily NAV file
2018-04-19,577200000.0,6.4625,https://accounts.profunds.com/etfdata/ByFund/TQQQ-historical_nav.csv,ProShares official daily NAV file
2018-04-20,574800000.0,6.1545833335,https://accounts.profunds.com/etfdata/ByFund/TQQQ-historical_nav.csv,ProShares official daily NAV file
2018-04-23,577200000.0,6.1008333335,https://accounts.profunds.com/etfdata/ByFund/TQQQ-historical_nav.csv,ProShares official daily NAV file
2018-04-24,579600000.0,5.71541666675,https://accounts.profunds.com/etfdata/ByFund/TQQQ-historical_nav.csv,ProShares official daily NAV file
2018-04-25,584400000.0,5.7275,https://accounts.profunds.com/etfdata/ByFund/TQQQ-historical_nav.csv,ProShares official daily NAV file
2018-04-26,572400000.0,6.0825,https://accounts.profunds.com/etfdata/ByFund/TQQQ-historical_nav.csv,ProShares official daily NAV file
2018-04-27,560400000.0,6.1,https://accounts.profunds.com/etfdata/ByFund/TQQQ-historical_nav.csv,ProShares official daily NAV file
2018-04-30,559200000.0,5.9595833335,https://accounts.profunds.com/etfdata/ByFund/TQQQ-historical_nav.csv,ProShares official daily NAV file
2018-05-01,560400000.0,6.165,https://accounts.profunds.com/etfdata/ByFund/TQQQ-historical_nav.csv,ProShares official daily NAV file
2018-05-02,550800000.0,6.06041666675,https://accounts.profunds.com/etfdata/ByFund/TQQQ-historical_nav.csv,ProShares official daily NAV file
2018-05-03,554400000.0,6.055,https://accounts.profunds.com/etfdata/ByFund/TQQQ-historical_nav.csv,ProShares official daily NAV file
2018-05-04,530400000.0,6.4020833335,https://accounts.profunds.com/etfdata/ByFund/TQQQ-historical_nav.csv,ProShares official daily NAV file
2018-05-07,526800000.0,6.5508333335,https://accounts.profunds.com/etfdata/ByFund/TQQQ-historical_nav.csv,ProShares official daily NAV file
2018-05-08,526800000.0,6.53166666675,https://accounts.profunds.com/etfdata/ByFund/TQQQ-historical_nav.csv,ProShares official daily NAV file
2018-05-09,525600000.0,6.75541666675,https://accounts.profunds.com/etfdata/ByFund/TQQQ-historical_nav.csv,ProShares official daily NAV file
2018-05-10,523200000.0,6.9595833335,https://accounts.profunds.com/etfdata/ByFund/TQQQ-historical_nav.csv,ProShares official daily NAV file
2018-05-11,508800000.0,6.93541666675,https://accounts.profunds.com/etfdata/ByFund/TQQQ-historical_nav.csv,ProShares official daily NAV file
2018-05-14,504000000.0,6.97,https://accounts.profunds.com/etfdata/ByFund/TQQQ-historical_nav.csv,ProShares official daily NAV file
2018-05-15,505200000.0,6.7408333335,https://accounts.profunds.com/etfdata/ByFund/TQQQ-historical_nav.csv,ProShares official daily NAV file
2018-05-16,502800000.0,6.87291666675,https://accounts.profunds.com/etfdata/ByFund/TQQQ-historical_nav.csv,ProShares official daily NAV file
2018-05-17,502800000.0,6.78875,https://accounts.profunds.com/etfdata/ByFund/TQQQ-historical_nav.csv,ProShares official daily NAV file
2018-05-18,502800000.0,6.6833333335,https://accounts.profunds.com/etfdata/ByFund/TQQQ-historical_nav.csv,ProShares official daily NAV file
2018-05-21,504000000.0,6.7970833335,https://accounts.profunds.com/etfdata/ByFund/TQQQ-historical_nav.csv,ProShares official daily NAV file
2018-05-22,504000000.0,6.76125,https://accounts.profunds.com/etfdata/ByFund/TQQQ-historical_nav.csv,ProShares official daily NAV file
2018-05-23,507600000.0,6.9370833335,https://accounts.profunds.com/etfdata/ByFund/TQQQ-historical_nav.csv,ProShares official daily NAV file
2018-05-24,507600000.0,6.92125,https://accounts.profunds.com/etfdata/ByFund/TQQQ-historical_nav.csv,ProShares official daily NAV file
2018-05-25,502000000.0,6.95375,https://accounts.profunds.com/etfdata/ByFund/TQQQ-historical_nav.csv,ProShares official daily NAV file
2018-05-29,506400000.0,6.85125,https://accounts.profunds.com/etfdata/ByFund/TQQQ-historical_nav.csv,ProShares official daily NAV file
2018-05-30,500000000.0,6.99875,https://accounts.profunds.com/etfdata/ByFund/TQQQ-historical_nav.csv,ProShares official daily NAV file
2018-05-31,494800000.0,6.97,https://accounts.profunds.com/etfdata/ByFund/TQQQ-historical_nav.csv,ProShares official daily NAV file
2018-06-01,483600000.0,7.3175,https://accounts.profunds.com/etfdata/ByFund/TQQQ-historical_nav.csv,ProShares official daily NAV file
2018-06-04,481200000.0,7.50125,https://accounts.profunds.com/etfdata/ByFund/TQQQ-historical_nav.csv,ProShares official daily NAV file
2018-06-05,477200000.0,7.57375,https://accounts.profunds.com/etfdata/ByFund/TQQQ-historical_nav.csv,ProShares official daily NAV file
2018-06-06,469600000.0,7.70875,https://accounts.profunds.com/etfdata/ByFund/TQQQ-historical_nav.csv,ProShares official daily NAV file
2018-06-07,470800000.0,7.525,https://accounts.profunds.com/etfdata/ByFund/TQQQ-historical_nav.csv,ProShares official daily NAV file
2018-06-08,468800000.0,7.5225,https://accounts.profunds.com/etfdata/ByFund/TQQQ-historical_nav.csv,ProShares official daily NAV file
2018-06-11,464000000.0,7.5725,https://accounts.profunds.com/etfdata/ByFund/TQQQ-historical_nav.csv,ProShares official daily NAV file
2018-06-12,464000000.0,7.7,https://accounts.profunds.com/etfdata/ByFund/TQQQ-historical_nav.csv,ProShares official daily NAV file
2018-06-13,458400000.0,7.685,https://accounts.profunds.com/etfdata/ByFund/TQQQ-historical_nav.csv,ProShares official daily NAV file
2018-06-14,450800000.0,7.92125,https://accounts.profunds.com/etfdata/ByFund/TQQQ-historical_nav.csv,ProShares official daily NAV file
2018-06-15,450800000.0,7.8425,https://accounts.profunds.com/etfdata/ByFund/TQQQ-historical_nav.csv,ProShares official daily NAV file
2018-06-18,450800000.0,7.82625,https://accounts.profunds.com/etfdata/ByFund/TQQQ-historical_nav.csv,ProShares official daily NAV file
2018-06-19,452400000.0,7.7525,https://accounts.profunds.com/etfdata/ByFund/TQQQ-historical_nav.csv,ProShares official daily NAV file
2018-06-20,449200000.0,7.92,https://accounts.profunds.com/etfdata/ByFund/TQQQ-historical_nav.csv,ProShares official daily NAV file
2018-06-21,450800000.0,7.71,https://accounts.profunds.com/etfdata/ByFund/TQQQ-historical_nav.csv,ProShares official daily NAV file
2018-06-22,451200000.0,7.645,https://accounts.profunds.com/etfdata/ByFund/TQQQ-historical_nav.csv,ProShares official daily NAV file
2018-06-25,466800000.0,7.135,https://accounts.profunds.com/etfdata/ByFund/TQQQ-historical_nav.csv,ProShares official daily NAV file
2018-06-26,470000000.0,7.225,https://accounts.profunds.com/etfdata/ByFund/TQQQ-historical_nav.csv,ProShares official daily NAV file
2018-06-27,472400000.0,6.9225,https://accounts.profunds.com/etfdata/ByFund/TQQQ-historical_nav.csv,ProShares official daily NAV file
2018-06-28,478000000.0,7.105,https://accounts.profunds.com/etfdata/ByFund/TQQQ-historical_nav.csv,ProShares official daily NAV file
2018-06-29,483200000.0,7.13125,https://accounts.profunds.com/etfdata/ByFund/TQQQ-historical_nav.csv,ProShares official daily NAV file
2018-07-02,484000000.0,7.30375,https://accounts.profunds.com/etfdata/ByFund/TQQQ-historical_nav.csv,ProShares official daily NAV file
2018-07-03,486000000.0,7.04625,https://accounts.profunds.com/etfdata/ByFund/TQQQ-historical_nav.csv,ProShares official daily NAV file
2018-07-05,488000000.0,7.3075,https://accounts.profunds.com/etfdata/ByFund/TQQQ-historical_nav.csv,ProShares official daily NAV file
2018-07-06,479600000.0,7.63375,https://accounts.profunds.com/etfdata/ByFund/TQQQ-historical_nav.csv,ProShares official daily NAV file
2018-07-09,492800000.0,7.85125,https://accounts.profunds.com/etfdata/ByFund/TQQQ-historical_nav.csv,ProShares official daily NAV file
2018-07-10,486800000.0,7.87,https://accounts.profunds.com/etfdata/ByFund/TQQQ-historical_nav.csv,ProShares official daily NAV file
2018-07-11,469600000.0,7.74375,https://accounts.profunds.com/etfdata/ByFund/TQQQ-historical_nav.csv,ProShares official daily NAV file
2018-07-12,461200000.0,8.1325,https://accounts.profunds.com/etfdata/ByFund/TQQQ-historical_nav.csv,ProShares official daily NAV file
2018-07-13,452000000.0,8.1625,https://accounts.profunds.com/etfdata/ByFund/TQQQ-historical_nav.csv,ProShares official daily NAV file
2018-07-16,450800000.0,8.10125,https://accounts.profunds.com/etfdata/ByFund/TQQQ-historical_nav.csv,ProShares official daily NAV file
2018-07-17,451200000.0,8.2525,https://accounts.profunds.com/etfdata/ByFund/TQQQ-historical_nav.csv,ProShares official daily NAV file
2018-07-18,449600000.0,8.205,https://accounts.profunds.com/etfdata/ByFund/TQQQ-historical_nav.csv,ProShares official daily NAV file
2018-07-19,448800000.0,8.075,https://accounts.profunds.com/etfdata/ByFund/TQQQ-historical_nav.csv,ProShares official daily NAV file
2018-07-20,441200000.0,8.06625,https://accounts.profunds.com/etfdata/ByFund/TQQQ-historical_nav.csv,ProShares official daily NAV file
2018-07-23,443200000.0,8.13625,https://accounts.profunds.com/etfdata/ByFund/TQQQ-historical_nav.csv,ProShares official daily NAV file
2018-07-24,438000000.0,8.24875,https://accounts.profunds.com/etfdata/ByFund/TQQQ-historical_nav.csv,ProShares official daily NAV file
2018-07-25,437600000.0,8.58875,https://accounts.profunds.com/etfdata/ByFund/TQQQ-historical_nav.csv,ProShares official daily NAV file
2018-07-26,447600000.0,8.215,https://accounts.profunds.com/etfdata/ByFund/TQQQ-historical_nav.csv,ProShares official daily NAV file
2018-07-27,448000000.0,7.8675,https://accounts.profunds.com/etfdata/ByFund/TQQQ-historical_nav.csv,ProShares official daily NAV file
2018-07-30,452800000.0,7.5325,https://accounts.profunds.com/etfdata/ByFund/TQQQ-historical_nav.csv,ProShares official daily NAV file
2018-07-31,461600000.0,7.65375,https://accounts.profunds.com/etfdata/ByFund/TQQQ-historical_nav.csv,ProShares official daily NAV file
2018-08-01,466000000.0,7.78125,https://accounts.profunds.com/etfdata/ByFund/TQQQ-historical_nav.csv,ProShares official daily NAV file
2018-08-02,464800000.0,8.0975,https://accounts.profunds.com/etfdata/ByFund/TQQQ-historical_nav.csv,ProShares official daily NAV file
2018-08-03,461600000.0,8.1725,https://accounts.profunds.com/etfdata/ByFund/TQQQ-historical_nav.csv,ProShares official daily NAV file
2018-08-06,452800000.0,8.31875,https://accounts.profunds.com/etfdata/ByFund/TQQQ-historical_nav.csv,ProShares official daily NAV file
2018-08-07,449200000.0,8.3975,https://accounts.profunds.com/etfdata/ByFund/TQQQ-historical_nav.csv,ProShares official daily NAV file
2018-08-08,445600000.0,8.42,https://accounts.profunds.com/etfdata/ByFund/TQQQ-historical_nav.csv,ProShares official daily NAV file
2018-08-09,442400000.0,8.4075,https://accounts.profunds.com/etfdata/ByFund/TQQQ-historical_nav.csv,ProShares official daily NAV file
2018-08-10,441200000.0,8.21875,https://accounts.profunds.com/etfdata/ByFund/TQQQ-historical_nav.csv,ProShares official daily NAV file
2018-08-13,438400000.0,8.19375,https://accounts.profunds.com/etfdata/ByFund/TQQQ-historical_nav.csv,ProShares official daily NAV file
2018-08-14,438000000.0,8.345,https://accounts.profunds.com/etfdata/ByFund/TQQQ-historical_nav.csv,ProShares official daily NAV file
2018-08-15,446400000.0,8.0425,https://accounts.profunds.com/etfdata/ByFund/TQQQ-historical_nav.csv,ProShares official daily NAV file
2018-08-16,446000000.0,8.1075,https://accounts.profunds.com/etfdata/ByFund/TQQQ-historical_nav.csv,ProShares official daily NAV file
2018-08-17,449200000.0,8.11875,https://accounts.profunds.com/etfdata/ByFund/TQQQ-historical_nav.csv,ProShares official daily NAV file
2018-08-20,451200000.0,8.09625,https://accounts.profunds.com/etfdata/ByFund/TQQQ-historical_nav.csv,ProShares official daily NAV file
2018-08-21,449200000.0,8.18125,https://accounts.profunds.com/etfdata/ByFund/TQQQ-historical_nav.csv,ProShares official daily NAV file
2018-08-22,448800000.0,8.2725,https://accounts.profunds.com/etfdata/ByFund/TQQQ-historical_nav.csv,ProShares official daily NAV file
2018-08-23,446400000.0,8.2325,https://accounts.profunds.com/etfdata/ByFund/TQQQ-historical_nav.csv,ProShares official daily NAV file
2018-08-24,435600000.0,8.46875,https://accounts.profunds.com/etfdata/ByFund/TQQQ-historical_nav.csv,ProShares official daily NAV file
2018-08-27,447200000.0,8.7175,https://accounts.profunds.com/etfdata/ByFund/TQQQ-historical_nav.csv,ProShares official daily NAV file
2018-08-28,447200000.0,8.755,https://accounts.profunds.com/etfdata/ByFund/TQQQ-historical_nav.csv,ProShares official daily NAV file
2018-08-29,429200000.0,9.065,https://accounts.profunds.com/etfdata/ByFund/TQQQ-historical_nav.csv,ProShares official daily NAV file
2018-08-30,428000000.0,9.0,https://accounts.profunds.com/etfdata/ByFund/TQQQ-historical_nav.csv,ProShares official daily NAV file
2018-08-31,423200000.0,9.04,https://accounts.profunds.com/etfdata/ByFund/TQQQ-historical_nav.csv,ProShares official daily NAV file
2018-09-04,422800000.0,8.92625,https://accounts.profunds.com/etfdata/ByFund/TQQQ-historical_nav.csv,ProShares official daily NAV file
2018-09-05,428400000.0,8.5775,https://accounts.profunds.com/etfdata/ByFund/TQQQ-historical_nav.csv,ProShares official daily NAV file
2018-09-06,441200000.0,8.3375,https://accounts.profunds.com/etfdata/ByFund/TQQQ-historical_nav.csv,ProShares official daily NAV file
2018-09-07,451200000.0,8.25875,https://accounts.profunds.com/etfdata/ByFund/TQQQ-historical_nav.csv,ProShares official daily NAV file
2018-09-10,495600000.0,8.31625,https://accounts.profunds.com/etfdata/ByFund/TQQQ-historical_nav.csv,ProShares official daily NAV file
2018-09-11,496800000.0,8.51625,https://accounts.profunds.com/etfdata/ByFund/TQQQ-historical_nav.csv,ProShares official daily NAV file
2018-09-12,470800000.0,8.4475,https://accounts.profunds.com/etfdata/ByFund/TQQQ-historical_nav.csv,ProShares official daily NAV file
2018-09-13,473600000.0,8.69625,https://accounts.profunds.com/etfdata/ByFund/TQQQ-historical_nav.csv,ProShares official daily NAV file
2018-09-14,478000000.0,8.63875,https://accounts.profunds.com/etfdata/ByFund/TQQQ-historical_nav.csv,ProShares official daily NAV file
2018-09-17,514000000.0,8.25625,https://accounts.profunds.com/etfdata/ByFund/TQQQ-historical_nav.csv,ProShares official daily NAV file
2018-09-18,508800000.0,8.45625,https://accounts.profunds.com/etfdata/ByFund/TQQQ-historical_nav.csv,ProShares official daily NAV file
2018-09-19,473600000.0,8.44125,https://accounts.profunds.com/etfdata/ByFund/TQQQ-historical_nav.csv,ProShares official daily NAV file
2018-09-20,471200000.0,8.7025,https://accounts.profunds.com/etfdata/ByFund/TQQQ-historical_nav.csv,ProShares official daily NAV file
2018-09-21,471200000.0,8.57,https://accounts.profunds.com/etfdata/ByFund/TQQQ-historical_nav.csv,ProShares official daily NAV file
2018-09-24,514400000.0,8.62875,https://accounts.profunds.com/etfdata/ByFund/TQQQ-historical_nav.csv,ProShares official daily NAV file
2018-09-25,514400000.0,8.67625,https://accounts.profunds.com/etfdata/ByFund/TQQQ-historical_nav.csv,ProShares official daily NAV file
2018-09-26,467200000.0,8.67375,https://accounts.profunds.com/etfdata/ByFund/TQQQ-historical_nav.csv,ProShares official daily NAV file
2018-09-27,462800000.0,8.9,https://accounts.profunds.com/etfdata/ByFund/TQQQ-historical_nav.csv,ProShares official daily NAV file
2018-09-28,460800000.0,8.89125,https://accounts.profunds.com/etfdata/ByFund/TQQQ-historical_nav.csv,ProShares official daily NAV file
2018-10-01,480400000.0,8.95125,https://accounts.profunds.com/etfdata/ByFund/TQQQ-historical_nav.csv,ProShares official daily NAV file
2018-10-02,480000000.0,8.8925,https://accounts.profunds.com/etfdata/ByFund/TQQQ-historical_nav.csv,ProShares official daily NAV file
2018-10-03,456000000.0,8.9225,https://accounts.profunds.com/etfdata/ByFund/TQQQ-historical_nav.csv,ProShares official daily NAV file
2018-10-04,484000000.0,8.405,https://accounts.profunds.com/etfdata/ByFund/TQQQ-historical_nav.csv,ProShares official daily NAV file
2018-10-05,494800000.0,8.0975,https://accounts.profunds.com/etfdata/ByFund/TQQQ-historical_nav.csv,ProShares official daily NAV file
2018-10-08,539600000.0,7.945,https://accounts.profunds.com/etfdata/ByFund/TQQQ-historical_nav.csv,ProShares official daily NAV file
2018-10-09,540000000.0,8.005,https://accounts.profunds.com/etfdata/ByFund/TQQQ-historical_nav.csv,ProShares official daily NAV file
2018-10-10,536000000.0,6.9375,https://accounts.profunds.com/etfdata/ByFund/TQQQ-historical_nav.csv,ProShares official daily NAV file
2018-10-11,549600000.0,6.69625,https://accounts.profunds.com/etfdata/ByFund/TQQQ-historical_nav.csv,ProShares official daily NAV file
2018-10-12,555200000.0,7.25125,https://accounts.profunds.com/etfdata/ByFund/TQQQ-historical_nav.csv,ProShares official daily NAV file
2018-10-15,559600000.0,6.98125,https://accounts.profunds.com/etfdata/ByFund/TQQQ-historical_nav.csv,ProShares official daily NAV file
2018-10-16,567600000.0,7.595,https://accounts.profunds.com/etfdata/ByFund/TQQQ-historical_nav.csv,ProShares official daily NAV file
2018-10-17,568800000.0,7.60125,https://accounts.profunds.com/etfdata/ByFund/TQQQ-historical_nav.csv,ProShares official daily NAV file
2018-10-18,576800000.0,7.0875,https://accounts.profunds.com/etfdata/ByFund/TQQQ-historical_nav.csv,ProShares official daily NAV file
2018-10-19,576800000.0,7.06,https://accounts.profunds.com/etfdata/ByFund/TQQQ-historical_nav.csv,ProShares official daily NAV file
2018-10-22,580800000.0,7.15875,https://accounts.profunds.com/etfdata/ByFund/TQQQ-historical_nav.csv,ProShares official daily NAV file
2018-10-23,581600000.0,7.09,https://accounts.profunds.com/etfdata/ByFund/TQQQ-historical_nav.csv,ProShares official daily NAV file
2018-10-24,602000000.0,6.105,https://accounts.profunds.com/etfdata/ByFund/TQQQ-historical_nav.csv,ProShares official daily NAV file
2018-10-25,609600000.0,6.715,https://accounts.profunds.com/etfdata/ByFund/TQQQ-historical_nav.csv,ProShares official daily NAV file
2018-10-26,628800000.0,6.2425,https://accounts.profunds.com/etfdata/ByFund/TQQQ-historical_nav.csv,ProShares official daily NAV file
2018-10-29,638400000.0,5.8625,https://accounts.profunds.com/etfdata/ByFund/TQQQ-historical_nav.csv,ProShares official daily NAV file
2018-10-30,640000000.0,6.115,https://accounts.profunds.com/etfdata/ByFund/TQQQ-historical_nav.csv,ProShares official daily NAV file
2018-10-31,639600000.0,6.5375,https://accounts.profunds.com/etfdata/ByFund/TQQQ-historical_nav.csv,ProShares official daily NAV file
2018-11-01,637200000.0,6.82125,https://accounts.profunds.com/etfdata/ByFund/TQQQ-historical_nav.csv,ProShares official daily NAV file
2018-11-02,649200000.0,6.51875,https://accounts.profunds.com/etfdata/ByFund/TQQQ-historical_nav.csv,ProShares official daily NAV file
2018-11-05,652400000.0,6.43875,https://accounts.profunds.com/etfdata/ByFund/TQQQ-historical_nav.csv,ProShares official daily NAV file
2018-11-06,652400000.0,6.585,https://accounts.profunds.com/etfdata/ByFund/TQQQ-historical_nav.csv,ProShares official daily NAV file
2018-11-07,652000000.0,7.18875,https://accounts.profunds.com/etfdata/ByFund/TQQQ-historical_nav.csv,ProShares official daily NAV file
2018-11-08,651200000.0,7.0625,https://accounts.profunds.com/etfdata/ByFund/TQQQ-historical_nav.csv,ProShares official daily NAV file
2018-11-09,652000000.0,6.7075,https://accounts.profunds.com/etfdata/ByFund/TQQQ-historical_nav.csv,ProShares official daily NAV file
2018-11-12,654800000.0,6.10625,https://accounts.profunds.com/etfdata/ByFund/TQQQ-historical_nav.csv,ProShares official daily NAV file
2018-11-13,655600000.0,6.11,https://accounts.profunds.com/etfdata/ByFund/TQQQ-historical_nav.csv,ProShares official daily NAV file
2018-11-14,671600000.0,5.955,https://accounts.profunds.com/etfdata/ByFund/TQQQ-historical_nav.csv,ProShares official daily NAV file
2018-11-15,673600000.0,6.27375,https://accounts.profunds.com/etfdata/ByFund/TQQQ-historical_nav.csv,ProShares official daily NAV file
2018-11-16,674000000.0,6.20875,https://accounts.profunds.com/etfdata/ByFund/TQQQ-historical_nav.csv,ProShares official daily NAV file
2018-11-19,695200000.0,5.6,https://accounts.profunds.com/etfdata/ByFund/TQQQ-historical_nav.csv,ProShares official daily NAV file
2018-11-20,698400000.0,5.305,https://accounts.profunds.com/etfdata/ByFund/TQQQ-historical_nav.csv,ProShares official daily NAV file
2018-11-21,693200000.0,5.42125,https://accounts.profunds.com/etfdata/ByFund/TQQQ-historical_nav.csv,ProShares official daily NAV file
2018-11-23,690800000.0,5.30125,https://accounts.profunds.com/etfdata/ByFund/TQQQ-historical_nav.csv,ProShares official daily NAV file
2018-11-26,690800000.0,5.6675,https://accounts.profunds.com/etfdata/ByFund/TQQQ-historical_nav.csv,ProShares official daily NAV file
2018-11-27,685600000.0,5.725,https://accounts.profunds.com/etfdata/ByFund/TQQQ-historical_nav.csv,ProShares official daily NAV file
2018-11-28,692000000.0,6.26875,https://accounts.profunds.com/etfdata/ByFund/TQQQ-historical_nav.csv,ProShares official daily NAV file
2018-11-29,684400000.0,6.20875,https://accounts.profunds.com/etfdata/ByFund/TQQQ-historical_nav.csv,ProShares official daily NAV file
2018-11-30,682000000.0,6.36,https://accounts.profunds.com/etfdata/ByFund/TQQQ-historical_nav.csv,ProShares official daily NAV file
2018-12-03,680800000.0,6.67,https://accounts.profunds.com/etfdata/ByFund/TQQQ-historical_nav.csv,ProShares official daily NAV file
2018-12-04,681200000.0,5.91125,https://accounts.profunds.com/etfdata/ByFund/TQQQ-historical_nav.csv,ProShares official daily NAV file
2018-12-06,684000000.0,6.02625,https://accounts.profunds.com/etfdata/ByFund/TQQQ-historical_nav.csv,ProShares official daily NAV file
2018-12-07,688400000.0,5.42875,https://accounts.profunds.com/etfdata/ByFund/TQQQ-historical_nav.csv,ProShares official daily NAV file
2018-12-10,689200000.0,5.59875,https://accounts.profunds.com/etfdata/ByFund/TQQQ-historical_nav.csv,ProShares official daily NAV file
2018-12-11,683600000.0,5.65125,https://accounts.profunds.com/etfdata/ByFund/TQQQ-historical_nav.csv,ProShares official daily NAV file
2018-12-12,670400000.0,5.80125,https://accounts.profunds.com/etfdata/ByFund/TQQQ-historical_nav.csv,ProShares official daily NAV file
2018-12-13,674800000.0,5.81125,https://accounts.profunds.com/etfdata/ByFund/TQQQ-historical_nav.csv,ProShares official daily NAV file
2018-12-14,680400000.0,5.365,https://accounts.profunds.com/etfdata/ByFund/TQQQ-historical_nav.csv,ProShares official daily NAV file
2018-12-17,691600000.0,5.00625,https://accounts.profunds.com/etfdata/ByFund/TQQQ-historical_nav.csv,ProShares official daily NAV file
2018-12-18,691600000.0,5.1075,https://accounts.profunds.com/etfdata/ByFund/TQQQ-historical_nav.csv,ProShares official daily NAV file
2018-12-19,708000000.0,4.75625,https://accounts.profunds.com/etfdata/ByFund/TQQQ-historical_nav.csv,ProShares official daily NAV file
2018-12-20,714400000.0,4.52875,https://accounts.profunds.com/etfdata/ByFund/TQQQ-historical_nav.csv,ProShares official daily NAV file
2018-12-21,714400000.0,4.0975,https://accounts.profunds.com/etfdata/ByFund/TQQQ-historical_nav.csv,ProShares official daily NAV file
2018-12-24,716800000.0,3.7975,https://accounts.profunds.com/etfdata/ByFund/TQQQ-historical_nav.csv,ProShares official daily NAV file
2018-12-26,716800000.0,4.4925,https://accounts.profunds.com/etfdata/ByFund/TQQQ-historical_nav.csv,ProShares official daily NAV file
2018-12-27,720800000.0,4.545,https://accounts.profunds.com/etfdata/ByFund/TQQQ-historical_nav.csv,ProShares official daily NAV file
2018-12-28,716800000.0,4.5375,https://accounts.profunds.com/etfdata/ByFund/TQQQ-historical_nav.csv,ProShares official daily NAV file
2018-12-31,704400000.0,4.635,https://accounts.profunds.com/etfdata/ByFund/TQQQ-historical_nav.csv,ProShares official daily NAV file
2019-01-02,696400000.0,4.70125,https://accounts.profunds.com/etfdata/ByFund/TQQQ-historical_nav.csv,ProShares official daily NAV file
2019-01-03,699600000.0,4.2275,https://accounts.profunds.com/etfdata/ByFund/TQQQ-historical_nav.csv,ProShares official daily NAV file
2019-01-04,676800000.0,4.79625,https://accounts.profunds.com/etfdata/ByFund/TQQQ-historical_nav.csv,ProShares official daily NAV file
2019-01-07,672400000.0,4.94125,https://accounts.profunds.com/etfdata/ByFund/TQQQ-historical_nav.csv,ProShares official daily NAV file
2019-01-08,673600000.0,5.08625,https://accounts.profunds.com/etfdata/ByFund/TQQQ-historical_nav.csv,ProShares official daily NAV file
2019-01-09,672000000.0,5.19875,https://accounts.profunds.com/etfdata/ByFund/TQQQ-historical_nav.csv,ProShares official daily NAV file
2019-01-10,669200000.0,5.24375,https://accounts.profunds.com/etfdata/ByFund/TQQQ-historical_nav.csv,ProShares official daily NAV file
2019-01-11,665600000.0,5.19625,https://accounts.profunds.com/etfdata/ByFund/TQQQ-historical_nav.csv,ProShares official daily NAV file
2019-01-14,662000000.0,5.0525,https://accounts.profunds.com/etfdata/ByFund/TQQQ-historical_nav.csv,ProShares official daily NAV file
2019-01-15,654000000.0,5.35,https://accounts.profunds.com/etfdata/ByFund/TQQQ-historical_nav.csv,ProShares official daily NAV file
2019-01-16,660800000.0,5.34625,https://accounts.profunds.com/etfdata/ByFund/TQQQ-historical_nav.csv,ProShares official daily NAV file
2019-01-17,655600000.0,5.46125,https://accounts.profunds.com/etfdata/ByFund/TQQQ-historical_nav.csv,ProShares official daily NAV file
2019-01-18,656000000.0,5.6225,https://accounts.profunds.com/etfdata/ByFund/TQQQ-historical_nav.csv,ProShares official daily NAV file
2019-01-22,654800000.0,5.27875,https://accounts.profunds.com/etfdata/ByFund/TQQQ-historical_nav.csv,ProShares official daily NAV file
2019-01-23,654800000.0,5.305,https://accounts.profunds.com/etfdata/ByFund/TQQQ-historical_nav.csv,ProShares official daily NAV file
2019-01-24,653600000.0,5.40625,https://accounts.profunds.com/etfdata/ByFund/TQQQ-historical_nav.csv,ProShares official daily NAV file
2019-01-25,646800000.0,5.61125,https://accounts.profunds.com/etfdata/ByFund/TQQQ-historical_nav.csv,ProShares official daily NAV file
2019-01-28,645600000.0,5.38625,https://accounts.profunds.com/etfdata/ByFund/TQQQ-historical_nav.csv,ProShares official daily NAV file
2019-01-29,645600000.0,5.23,https://accounts.profunds.com/etfdata/ByFund/TQQQ-historical_nav.csv,ProShares official daily NAV file
2019-01-30,645200000.0,5.645,https://accounts.profunds.com/etfdata/ByFund/TQQQ-historical_nav.csv,ProShares official daily NAV file
2019-01-31,646000000.0,5.8875,https://accounts.profunds.com/etfdata/ByFund/TQQQ-historical_nav.csv,ProShares official daily NAV file
2019-02-01,640000000.0,5.80625,https://accounts.profunds.com/etfdata/ByFund/TQQQ-historical_nav.csv,ProShares official daily NAV file
2019-02-04,635200000.0,6.01875,https://accounts.profunds.com/etfdata/ByFund/TQQQ-historical_nav.csv,ProShares official daily NAV file
2019-02-05,636000000.0,6.1825,https://accounts.profunds.com/etfdata/ByFund/TQQQ-historical_nav.csv,ProShares official daily NAV file
2019-02-06,635600000.0,6.11875,https://accounts.profunds.com/etfdata/ByFund/TQQQ-historical_nav.csv,ProShares official daily NAV file
2019-02-07,637600000.0,5.8725,https://accounts.profunds.com/etfdata/ByFund/TQQQ-historical_nav.csv,ProShares official daily NAV file
2019-02-08,630000000.0,5.9,https://accounts.profunds.com/etfdata/ByFund/TQQQ-historical_nav.csv,ProShares official daily NAV file
2019-02-11,631600000.0,5.88875,https://accounts.profunds.com/etfdata/ByFund/TQQQ-historical_nav.csv,ProShares official daily NAV file
2019-02-12,631600000.0,6.15625,https://accounts.profunds.com/etfdata/ByFund/TQQQ-historical_nav.csv,ProShares official daily NAV file
2019-02-13,635600000.0,6.15875,https://accounts.profunds.com/etfdata/ByFund/TQQQ-historical_nav.csv,ProShares official daily NAV file
2019-02-14,635200000.0,6.175,https://accounts.profunds.com/etfdata/ByFund/TQQQ-historical_nav.csv,ProShares official daily NAV file
2019-02-15,622400000.0,6.26,https://accounts.profunds.com/etfdata/ByFund/TQQQ-historical_nav.csv,ProShares official daily NAV file
2019-02-19,622400000.0,6.29,https://accounts.profunds.com/etfdata/ByFund/TQQQ-historical_nav.csv,ProShares official daily NAV file
2019-02-20,619600000.0,6.28625,https://accounts.profunds.com/etfdata/ByFund/TQQQ-historical_nav.csv,ProShares official daily NAV file
2019-02-21,619600000.0,6.21,https://accounts.profunds.com/etfdata/ByFund/TQQQ-historical_nav.csv,ProShares official daily NAV file
2019-02-22,617200000.0,6.355,https://accounts.profunds.com/etfdata/ByFund/TQQQ-historical_nav.csv,ProShares official daily NAV file
2019-02-25,616400000.0,6.42,https://accounts.profunds.com/etfdata/ByFund/TQQQ-historical_nav.csv,ProShares official daily NAV file
2019-02-26,614800000.0,6.44,https://accounts.profunds.com/etfdata/ByFund/TQQQ-historical_nav.csv,ProShares official daily NAV file
2019-02-27,613600000.0,6.4225,https://accounts.profunds.com/etfdata/ByFund/TQQQ-historical_nav.csv,ProShares official daily NAV file
2019-02-28,613600000.0,6.37125,https://accounts.profunds.com/etfdata/ByFund/TQQQ-historical_nav.csv,ProShares official daily NAV file
2019-03-01,610000000.0,6.515,https://accounts.profunds.com/etfdata/ByFund/TQQQ-historical_nav.csv,ProShares official daily NAV file
2019-03-04,610400000.0,6.5125,https://accounts.profunds.com/etfdata/ByFund/TQQQ-historical_nav.csv,ProShares official daily NAV file
2019-03-05,605200000.0,6.5275,https://accounts.profunds.com/etfdata/ByFund/TQQQ-historical_nav.csv,ProShares official daily NAV file
2019-03-06,604800000.0,6.40625,https://accounts.profunds.com/etfdata/ByFund/TQQQ-historical_nav.csv,ProShares official daily NAV file
2019-03-07,598800000.0,6.17375,https://accounts.profunds.com/etfdata/ByFund/TQQQ-historical_nav.csv,ProShares official daily NAV file
2019-03-08,595600000.0,6.14375,https://accounts.profunds.com/etfdata/ByFund/TQQQ-historical_nav.csv,ProShares official daily NAV file
2019-03-11,592400000.0,6.53125,https://accounts.profunds.com/etfdata/ByFund/TQQQ-historical_nav.csv,ProShares official daily NAV file
2019-03-12,592400000.0,6.6325,https://accounts.profunds.com/etfdata/ByFund/TQQQ-historical_nav.csv,ProShares official daily NAV file
2019-03-13,587600000.0,6.785,https://accounts.profunds.com/etfdata/ByFund/TQQQ-historical_nav.csv,ProShares official daily NAV file
2019-03-14,587200000.0,6.745,https://accounts.profunds.com/etfdata/ByFund/TQQQ-historical_nav.csv,ProShares official daily NAV file
2019-03-15,579200000.0,6.9225,https://accounts.profunds.com/etfdata/ByFund/TQQQ-historical_nav.csv,ProShares official daily NAV file
2019-03-18,581600000.0,6.975,https://accounts.profunds.com/etfdata/ByFund/TQQQ-historical_nav.csv,ProShares official daily NAV file
2019-03-19,578400000.0,7.04,https://accounts.profunds.com/etfdata/ByFund/TQQQ-historical_nav.csv,ProShares official daily NAV file
2019-03-20,578800000.0,7.13,https://accounts.profunds.com/etfdata/ByFund/TQQQ-historical_nav.csv,ProShares official daily NAV file
2019-03-21,577200000.0,7.4525,https://accounts.profunds.com/etfdata/ByFund/TQQQ-historical_nav.csv,ProShares official daily NAV file
2019-03-22,574400000.0,6.95125,https://accounts.profunds.com/etfdata/ByFund/TQQQ-historical_nav.csv,ProShares official daily NAV file
2019-03-25,568800000.0,6.92375,https://accounts.profunds.com/etfdata/ByFund/TQQQ-historical_nav.csv,ProShares official daily NAV file
2019-03-26,572800000.0,7.02,https://accounts.profunds.com/etfdata/ByFund/TQQQ-historical_nav.csv,ProShares official daily NAV file
2019-03-27,576800000.0,6.89625,https://accounts.profunds.com/etfdata/ByFund/TQQQ-historical_nav.csv,ProShares official daily NAV file
2019-03-28,576800000.0,6.92875,https://accounts.profunds.com/etfdata/ByFund/TQQQ-historical_nav.csv,ProShares official daily NAV file
2019-03-29,574800000.0,7.0925,https://accounts.profunds.com/etfdata/ByFund/TQQQ-historical_nav.csv,ProShares official daily NAV file
2019-04-01,572800000.0,7.37875,https://accounts.profunds.com/etfdata/ByFund/TQQQ-historical_nav.csv,ProShares official daily NAV file
2019-04-02,571600000.0,7.4425,https://accounts.profunds.com/etfdata/ByFund/TQQQ-historical_nav.csv,ProShares official daily NAV file
2019-04-03,565600000.0,7.57625,https://accounts.profunds.com/etfdata/ByFund/TQQQ-historical_nav.csv,ProShares official daily NAV file
2019-04-04,566800000.0,7.56375,https://accounts.profunds.com/etfdata/ByFund/TQQQ-historical_nav.csv,ProShares official daily NAV file
2019-04-05,562400000.0,7.6775,https://accounts.profunds.com/etfdata/ByFund/TQQQ-historical_nav.csv,ProShares official daily NAV file
2019-04-08,562400000.0,7.73875,https://accounts.profunds.com/etfdata/ByFund/TQQQ-historical_nav.csv,ProShares official daily NAV file
2019-04-09,559200000.0,7.6425,https://accounts.profunds.com/etfdata/ByFund/TQQQ-historical_nav.csv,ProShares official daily NAV file
2019-04-10,555200000.0,7.77125,https://accounts.profunds.com/etfdata/ByFund/TQQQ-historical_nav.csv,ProShares official daily NAV file
2019-04-11,555200000.0,7.71625,https://accounts.profunds.com/etfdata/ByFund/TQQQ-historical_nav.csv,ProShares official daily NAV file
2019-04-12,552000000.0,7.81625,https://accounts.profunds.com/etfdata/ByFund/TQQQ-historical_nav.csv,ProShares official daily NAV file
2019-04-15,553200000.0,7.8175,https://accounts.profunds.com/etfdata/ByFund/TQQQ-historical_nav.csv,ProShares official daily NAV file
2019-04-16,551600000.0,7.89375,https://accounts.profunds.com/etfdata/ByFund/TQQQ-historical_nav.csv,ProShares official daily NAV file
2019-04-17,550400000.0,7.96875,https://accounts.profunds.com/etfdata/ByFund/TQQQ-historical_nav.csv,ProShares official daily NAV file
2019-04-18,545200000.0,7.99625,https://accounts.profunds.com/etfdata/ByFund/TQQQ-historical_nav.csv,ProShares official daily NAV file
2019-04-22,545200000.0,8.0675,https://accounts.profunds.com/etfdata/ByFund/TQQQ-historical_nav.csv,ProShares official daily NAV file
2019-04-23,542400000.0,8.37125,https://accounts.profunds.com/etfdata/ByFund/TQQQ-historical_nav.csv,ProShares official daily NAV file
2019-04-24,542000000.0,8.285,https://accounts.profunds.com/etfdata/ByFund/TQQQ-historical_nav.csv,ProShares official daily NAV file
2019-04-25,538400000.0,8.38375,https://accounts.profunds.com/etfdata/ByFund/TQQQ-historical_nav.csv,ProShares official daily NAV file
2019-04-26,537200000.0,8.415,https://accounts.profunds.com/etfdata/ByFund/TQQQ-historical_nav.csv,ProShares official daily NAV file
2019-04-29,537200000.0,8.4525,https://accounts.profunds.com/etfdata/ByFund/TQQQ-historical_nav.csv,ProShares official daily NAV file
2019-04-30,538000000.0,8.265,https://accounts.profunds.com/etfdata/ByFund/TQQQ-historical_nav.csv,ProShares official daily NAV file
2019-05-01,537600000.0,8.16875,https://accounts.profunds.com/etfdata/ByFund/TQQQ-historical_nav.csv,ProShares official daily NAV file
2019-05-02,530800000.0,8.07625,https://accounts.profunds.com/etfdata/ByFund/TQQQ-historical_nav.csv,ProShares official daily NAV file
2019-05-03,522800000.0,8.45875,https://accounts.profunds.com/etfdata/ByFund/TQQQ-historical_nav.csv,ProShares official daily NAV file
2019-05-06,524800000.0,8.29375,https://accounts.profunds.com/etfdata/ByFund/TQQQ-historical_nav.csv,ProShares official daily NAV file
2019-05-07,527600000.0,7.80125,https://accounts.profunds.com/etfdata/ByFund/TQQQ-historical_nav.csv,ProShares official daily NAV file
2019-05-08,529200000.0,7.73125,https://accounts.profunds.com/etfdata/ByFund/TQQQ-historical_nav.csv,ProShares official daily NAV file
2019-05-09,522400000.0,7.6225,https://accounts.profunds.com/etfdata/ByFund/TQQQ-historical_nav.csv,ProShares official daily NAV file
2019-05-10,520400000.0,7.64125,https://accounts.profunds.com/etfdata/ByFund/TQQQ-historical_nav.csv,ProShares official daily NAV file
2019-05-13,528000000.0,6.84625,https://accounts.profunds.com/etfdata/ByFund/TQQQ-historical_nav.csv,ProShares official daily NAV file
2019-05-14,524000000.0,7.06375,https://accounts.profunds.com/etfdata/ByFund/TQQQ-historical_nav.csv,ProShares official daily NAV file
2019-05-15,522400000.0,7.36125,https://accounts.profunds.com/etfdata/ByFund/TQQQ-historical_nav.csv,ProShares official daily NAV file
2019-05-16,528800000.0,7.58625,https://accounts.profunds.com/etfdata/ByFund/TQQQ-historical_nav.csv,ProShares official daily NAV file
2019-05-17,524800000.0,7.35625,https://accounts.profunds.com/etfdata/ByFund/TQQQ-historical_nav.csv,ProShares official daily NAV file
2019-05-20,534400000.0,6.9825,https://accounts.profunds.com/etfdata/ByFund/TQQQ-historical_nav.csv,ProShares official daily NAV file
2019-05-21,533600000.0,7.1925,https://accounts.profunds.com/etfdata/ByFund/TQQQ-historical_nav.csv,ProShares official daily NAV file
2019-05-22,532400000.0,7.10375,https://accounts.profunds.com/etfdata/ByFund/TQQQ-historical_nav.csv,ProShares official daily NAV file
2019-05-23,538800000.0,6.775,https://accounts.profunds.com/etfdata/ByFund/TQQQ-historical_nav.csv,ProShares official daily NAV file
2019-05-24,526000000.0,6.755,https://accounts.profunds.com/etfdata/ByFund/TQQQ-historical_nav.csv,ProShares official daily NAV file
2019-05-28,520000000.0,6.69,https://accounts.profunds.com/etfdata/ByFund/TQQQ-historical_nav.csv,ProShares official daily NAV file
2019-05-29,517200000.0,6.52,https://accounts.profunds.com/etfdata/ByFund/TQQQ-historical_nav.csv,ProShares official daily NAV file
2019-05-30,508800000.0,6.59625,https://accounts.profunds.com/etfdata/ByFund/TQQQ-historical_nav.csv,ProShares official daily NAV file
2019-05-31,508400000.0,6.27375,https://accounts.profunds.com/etfdata/ByFund/TQQQ-historical_nav.csv,ProShares official daily NAV file
2019-06-03,514400000.0,5.87625,https://accounts.profunds.com/etfdata/ByFund/TQQQ-historical_nav.csv,ProShares official daily NAV file
2019-06-04,521600000.0,6.3525,https://accounts.profunds.com/etfdata/ByFund/TQQQ-historical_nav.csv,ProShares official daily NAV file
2019-06-05,521600000.0,6.4975,https://accounts.profunds.com/etfdata/ByFund/TQQQ-historical_nav.csv,ProShares official daily NAV file
2019-06-06,521600000.0,6.645,https://accounts.profunds.com/etfdata/ByFund/TQQQ-historical_nav.csv,ProShares official daily NAV file
2019-06-07,519600000.0,7.03125,https://accounts.profunds.com/etfdata/ByFund/TQQQ-historical_nav.csv,ProShares official daily NAV file
2019-06-10,528400000.0,7.27125,https://accounts.profunds.com/etfdata/ByFund/TQQQ-historical_nav.csv,ProShares official daily NAV file
2019-06-11,524400000.0,7.305,https://accounts.profunds.com/etfdata/ByFund/TQQQ-historical_nav.csv,ProShares official daily NAV file
2019-06-12,524400000.0,7.1825,https://accounts.profunds.com/etfdata/ByFund/TQQQ-historical_nav.csv,ProShares official daily NAV file
2019-06-13,524400000.0,7.29375,https://accounts.profunds.com/etfdata/ByFund/TQQQ-historical_nav.csv,ProShares official daily NAV file
2019-06-14,523200000.0,7.2,https://accounts.profunds.com/etfdata/ByFund/TQQQ-historical_nav.csv,ProShares official daily NAV file
2019-06-17,523600000.0,7.335,https://accounts.profunds.com/etfdata/ByFund/TQQQ-historical_nav.csv,ProShares official daily NAV file
2019-06-18,515200000.0,7.65125,https://accounts.profunds.com/etfdata/ByFund/TQQQ-historical_nav.csv,ProShares official daily NAV file
2019-06-19,519600000.0,7.7475,https://accounts.profunds.com/etfdata/ByFund/TQQQ-historical_nav.csv,ProShares official daily NAV file
2019-06-20,516800000.0,7.95625,https://accounts.profunds.com/etfdata/ByFund/TQQQ-historical_nav.csv,ProShares official daily NAV file
2019-06-21,510000000.0,7.92875,https://accounts.profunds.com/etfdata/ByFund/TQQQ-historical_nav.csv,ProShares official daily NAV file
2019-06-24,510000000.0,7.91,https://accounts.profunds.com/etfdata/ByFund/TQQQ-historical_nav.csv,ProShares official daily NAV file
2019-06-25,506000000.0,7.50375,https://accounts.profunds.com/etfdata/ByFund/TQQQ-historical_nav.csv,ProShares official daily NAV file
2019-06-26,503600000.0,7.60875,https://accounts.profunds.com/etfdata/ByFund/TQQQ-historical_nav.csv,ProShares official daily NAV file
2019-06-27,503600000.0,7.695,https://accounts.profunds.com/etfdata/ByFund/TQQQ-historical_nav.csv,ProShares official daily NAV file
2019-06-28,503600000.0,7.73625,https://accounts.profunds.com/etfdata/ByFund/TQQQ-historical_nav.csv,ProShares official daily NAV file
2019-07-01,502000000.0,8.02875,https://accounts.profunds.com/etfdata/ByFund/TQQQ-historical_nav.csv,ProShares official daily NAV file
2019-07-02,500800000.0,8.12625,https://accounts.profunds.com/etfdata/ByFund/TQQQ-historical_nav.csv,ProShares official daily NAV file
2019-07-03,499600000.0,8.3075,https://accounts.profunds.com/etfdata/ByFund/TQQQ-historical_nav.csv,ProShares official daily NAV file
2019-07-05,491200000.0,8.25375,https://accounts.profunds.com/etfdata/ByFund/TQQQ-historical_nav.csv,ProShares official daily NAV file
2019-07-08,488800000.0,8.07625,https://accounts.profunds.com/etfdata/ByFund/TQQQ-historical_nav.csv,ProShares official daily NAV file
2019-07-09,485200000.0,8.20375,https://accounts.profunds.com/etfdata/ByFund/TQQQ-historical_nav.csv,ProShares official daily NAV file
2019-07-10,485600000.0,8.4425,https://accounts.profunds.com/etfdata/ByFund/TQQQ-historical_nav.csv,ProShares official daily NAV file
2019-07-11,482400000.0,8.41625,https://accounts.profunds.com/etfdata/ByFund/TQQQ-historical_nav.csv,ProShares official daily NAV file
2019-07-12,475200000.0,8.56375,https://accounts.profunds.com/etfdata/ByFund/TQQQ-historical_nav.csv,ProShares official daily NAV file
2019-07-15,471600000.0,8.63875,https://accounts.profunds.com/etfdata/ByFund/TQQQ-historical_nav.csv,ProShares official daily NAV file
2019-07-16,470800000.0,8.5075,https://accounts.profunds.com/etfdata/ByFund/TQQQ-historical_nav.csv,ProShares official daily NAV file
2019-07-17,470400000.0,8.3825,https://accounts.profunds.com/etfdata/ByFund/TQQQ-historical_nav.csv,ProShares official daily NAV file
2019-07-18,468000000.0,8.42625,https://accounts.profunds.com/etfdata/ByFund/TQQQ-historical_nav.csv,ProShares official daily NAV file
2019-07-19,467600000.0,8.20375,https://accounts.profunds.com/etfdata/ByFund/TQQQ-historical_nav.csv,ProShares official daily NAV file
2019-07-22,468000000.0,8.4225,https://accounts.profunds.com/etfdata/ByFund/TQQQ-historical_nav.csv,ProShares official daily NAV file
2019-07-23,464800000.0,8.57875,https://accounts.profunds.com/etfdata/ByFund/TQQQ-historical_nav.csv,ProShares official daily NAV file
2019-07-24,458000000.0,8.75875,https://accounts.profunds.com/etfdata/ByFund/TQQQ-historical_nav.csv,ProShares official daily NAV file
2019-07-25,461200000.0,8.49,https://accounts.profunds.com/etfdata/ByFund/TQQQ-historical_nav.csv,ProShares official daily NAV file
2019-07-26,443600000.0,8.7675,https://accounts.profunds.com/etfdata/ByFund/TQQQ-historical_nav.csv,ProShares official daily NAV file
2019-07-29,445200000.0,8.67375,https://accounts.profunds.com/etfdata/ByFund/TQQQ-historical_nav.csv,ProShares official daily NAV file
2019-07-30,446000000.0,8.55625,https://accounts.profunds.com/etfdata/ByFund/TQQQ-historical_nav.csv,ProShares official daily NAV file
2019-07-31,448400000.0,8.22,https://accounts.profunds.com/etfdata/ByFund/TQQQ-historical_nav.csv,ProShares official daily NAV file
2019-08-01,452400000.0,8.06625,https://accounts.profunds.com/etfdata/ByFund/TQQQ-historical_nav.csv,ProShares official daily NAV file
2019-08-02,456000000.0,7.72875,https://accounts.profunds.com/etfdata/ByFund/TQQQ-historical_nav.csv,ProShares official daily NAV file
2019-08-05,482400000.0,6.8925,https://accounts.profunds.com/etfdata/ByFund/TQQQ-historical_nav.csv,ProShares official daily NAV file
2019-08-06,483200000.0,7.18875,https://accounts.profunds.com/etfdata/ByFund/TQQQ-historical_nav.csv,ProShares official daily NAV file
2019-08-07,476400000.0,7.27625,https://accounts.profunds.com/etfdata/ByFund/TQQQ-historical_nav.csv,ProShares official daily NAV file
2019-08-08,475600000.0,7.77375,https://accounts.profunds.com/etfdata/ByFund/TQQQ-historical_nav.csv,ProShares official daily NAV file
2019-08-09,468800000.0,7.54375,https://accounts.profunds.com/etfdata/ByFund/TQQQ-historical_nav.csv,ProShares official daily NAV file
2019-08-12,475600000.0,7.29125,https://accounts.profunds.com/etfdata/ByFund/TQQQ-historical_nav.csv,ProShares official daily NAV file
2019-08-13,461600000.0,7.7725,https://accounts.profunds.com/etfdata/ByFund/TQQQ-historical_nav.csv,ProShares official daily NAV file
2019-08-14,482400000.0,7.06375,https://accounts.profunds.com/etfdata/ByFund/TQQQ-historical_nav.csv,ProShares official daily NAV file
2019-08-15,485200000.0,7.04625,https://accounts.profunds.com/etfdata/ByFund/TQQQ-historical_nav.csv,ProShares official daily NAV file
2019-08-16,479200000.0,7.38125,https://accounts.profunds.com/etfdata/ByFund/TQQQ-historical_nav.csv,ProShares official daily NAV file
2019-08-19,472800000.0,7.71625,https://accounts.profunds.com/etfdata/ByFund/TQQQ-historical_nav.csv,ProShares official daily NAV file
2019-08-20,473200000.0,7.5525,https://accounts.profunds.com/etfdata/ByFund/TQQQ-historical_nav.csv,ProShares official daily NAV file
2019-08-21,473600000.0,7.755,https://accounts.profunds.com/etfdata/ByFund/TQQQ-historical_nav.csv,ProShares official daily NAV file
2019-08-22,474000000.0,7.675,https://accounts.profunds.com/etfdata/ByFund/TQQQ-historical_nav.csv,ProShares official daily NAV file
2019-08-23,491600000.0,6.94875,https://accounts.profunds.com/etfdata/ByFund/TQQQ-historical_nav.csv,ProShares official daily NAV file
2019-08-26,494000000.0,7.255,https://accounts.profunds.com/etfdata/ByFund/TQQQ-historical_nav.csv,ProShares official daily NAV file
2019-08-27,489200000.0,7.2275,https://accounts.profunds.com/etfdata/ByFund/TQQQ-historical_nav.csv,ProShares official daily NAV file
2019-08-28,484800000.0,7.28875,https://accounts.profunds.com/etfdata/ByFund/TQQQ-historical_nav.csv,ProShares official daily NAV file
2019-08-29,479600000.0,7.61625,https://accounts.profunds.com/etfdata/ByFund/TQQQ-historical_nav.csv,ProShares official daily NAV file
2019-08-30,478400000.0,7.58125,https://accounts.profunds.com/etfdata/ByFund/TQQQ-historical_nav.csv,ProShares official daily NAV file
2019-09-03,479200000.0,7.33875,https://accounts.profunds.com/etfdata/ByFund/TQQQ-historical_nav.csv,ProShares official daily NAV file
2019-09-04,474400000.0,7.655,https://accounts.profunds.com/etfdata/ByFund/TQQQ-historical_nav.csv,ProShares official daily NAV file
2019-09-05,463600000.0,8.0825,https://accounts.profunds.com/etfdata/ByFund/TQQQ-historical_nav.csv,ProShares official daily NAV file
2019-09-06,454000000.0,8.05,https://accounts.profunds.com/etfdata/ByFund/TQQQ-historical_nav.csv,ProShares official daily NAV file
2019-09-09,454400000.0,7.98625,https://accounts.profunds.com/etfdata/ByFund/TQQQ-historical_nav.csv,ProShares official daily NAV file
2019-09-10,457200000.0,7.93125,https://accounts.profunds.com/etfdata/ByFund/TQQQ-historical_nav.csv,ProShares official daily NAV file
2019-09-11,462800000.0,8.15375,https://accounts.profunds.com/etfdata/ByFund/TQQQ-historical_nav.csv,ProShares official daily NAV file
2019-09-12,460000000.0,8.24625,https://accounts.profunds.com/etfdata/ByFund/TQQQ-historical_nav.csv,ProShares official daily NAV file
2019-09-13,456800000.0,8.16875,https://accounts.profunds.com/etfdata/ByFund/TQQQ-historical_nav.csv,ProShares official daily NAV file
2019-09-16,458800000.0,8.04125,https://accounts.profunds.com/etfdata/ByFund/TQQQ-historical_nav.csv,ProShares official daily NAV file
2019-09-17,458800000.0,8.15125,https://accounts.profunds.com/etfdata/ByFund/TQQQ-historical_nav.csv,ProShares official daily NAV file
2019-09-18,466400000.0,8.14875,https://accounts.profunds.com/etfdata/ByFund/TQQQ-historical_nav.csv,ProShares official daily NAV file
2019-09-19,464000000.0,8.18625,https://accounts.profunds.com/etfdata/ByFund/TQQQ-historical_nav.csv,ProShares official daily NAV file
2019-09-20,463200000.0,7.945,https://accounts.profunds.com/etfdata/ByFund/TQQQ-historical_nav.csv,ProShares official daily NAV file
2019-09-23,464000000.0,7.92875,https://accounts.profunds.com/etfdata/ByFund/TQQQ-historical_nav.csv,ProShares official daily NAV file
2019-09-24,473200000.0,7.59625,https://accounts.profunds.com/etfdata/ByFund/TQQQ-historical_nav.csv,ProShares official daily NAV file
2019-09-25,471600000.0,7.8725,https://accounts.profunds.com/etfdata/ByFund/TQQQ-historical_nav.csv,ProShares official daily NAV file
2019-09-26,471600000.0,7.7725,https://accounts.profunds.com/etfdata/ByFund/TQQQ-historical_nav.csv,ProShares official daily NAV file
2019-09-27,471600000.0,7.50125,https://accounts.profunds.com/etfdata/ByFund/TQQQ-historical_nav.csv,ProShares official daily NAV file
2019-09-30,475200000.0,7.69875,https://accounts.profunds.com/etfdata/ByFund/TQQQ-historical_nav.csv,ProShares official daily NAV file
2019-10-01,472000000.0,7.50625,https://accounts.profunds.com/etfdata/ByFund/TQQQ-historical_nav.csv,ProShares official daily NAV file
2019-10-02,494800000.0,7.11375,https://accounts.profunds.com/etfdata/ByFund/TQQQ-historical_nav.csv,ProShares official daily NAV file
2019-10-03,496400000.0,7.3625,https://accounts.profunds.com/etfdata/ByFund/TQQQ-historical_nav.csv,ProShares official daily NAV file
2019-10-04,485600000.0,7.69625,https://accounts.profunds.com/etfdata/ByFund/TQQQ-historical_nav.csv,ProShares official daily NAV file
2019-10-07,476000000.0,7.60875,https://accounts.profunds.com/etfdata/ByFund/TQQQ-historical_nav.csv,ProShares official daily NAV file
2019-10-08,476000000.0,7.25,https://accounts.profunds.com/etfdata/ByFund/TQQQ-historical_nav.csv,ProShares official daily NAV file
2019-10-09,479200000.0,7.49625,https://accounts.profunds.com/etfdata/ByFund/TQQQ-historical_nav.csv,ProShares official daily NAV file
2019-10-10,478400000.0,7.6375,https://accounts.profunds.com/etfdata/ByFund/TQQQ-historical_nav.csv,ProShares official daily NAV file
2019-10-11,459200000.0,7.9425,https://accounts.profunds.com/etfdata/ByFund/TQQQ-historical_nav.csv,ProShares official daily NAV file
2019-10-14,452400000.0,7.9375,https://accounts.profunds.com/etfdata/ByFund/TQQQ-historical_nav.csv,ProShares official daily NAV file
2019-10-15,450800000.0,8.24125,https://accounts.profunds.com/etfdata/ByFund/TQQQ-historical_nav.csv,ProShares official daily NAV file
2019-10-16,452000000.0,8.16875,https://accounts.profunds.com/etfdata/ByFund/TQQQ-historical_nav.csv,ProShares official daily NAV file
2019-10-17,451200000.0,8.23375,https://accounts.profunds.com/etfdata/ByFund/TQQQ-historical_nav.csv,ProShares official daily NAV file
2019-10-18,451200000.0,8.0025,https://accounts.profunds.com/etfdata/ByFund/TQQQ-historical_nav.csv,ProShares official daily NAV file
2019-10-21,449200000.0,8.22125,https://accounts.profunds.com/etfdata/ByFund/TQQQ-historical_nav.csv,ProShares official daily NAV file
2019-10-22,453600000.0,8.015,https://accounts.profunds.com/etfdata/ByFund/TQQQ-historical_nav.csv,ProShares official daily NAV file
2019-10-23,456400000.0,8.05875,https://accounts.profunds.com/etfdata/ByFund/TQQQ-historical_nav.csv,ProShares official daily NAV file
2019-10-24,448400000.0,8.2925,https://accounts.profunds.com/etfdata/ByFund/TQQQ-historical_nav.csv,ProShares official daily NAV file
2019-10-25,432800000.0,8.48625,https://accounts.profunds.com/etfdata/ByFund/TQQQ-historical_nav.csv,ProShares official daily NAV file
2019-10-28,426000000.0,8.74375,https://accounts.profunds.com/etfdata/ByFund/TQQQ-historical_nav.csv,ProShares official daily NAV file
2019-10-29,423600000.0,8.5375,https://accounts.profunds.com/etfdata/ByFund/TQQQ-historical_nav.csv,ProShares official daily NAV file
2019-10-30,423600000.0,8.6525,https://accounts.profunds.com/etfdata/ByFund/TQQQ-historical_nav.csv,ProShares official daily NAV file
2019-10-31,422400000.0,8.6525,https://accounts.profunds.com/etfdata/ByFund/TQQQ-historical_nav.csv,ProShares official daily NAV file
2019-11-01,412800000.0,8.9,https://accounts.profunds.com/etfdata/ByFund/TQQQ-historical_nav.csv,ProShares official daily NAV file
2019-11-04,412800000.0,9.06,https://accounts.profunds.com/etfdata/ByFund/TQQQ-historical_nav.csv,ProShares official daily NAV file
2019-11-05,407200000.0,9.0575,https://accounts.profunds.com/etfdata/ByFund/TQQQ-historical_nav.csv,ProShares official daily NAV file
2019-11-06,406400000.0,9.0125,https://accounts.profunds.com/etfdata/ByFund/TQQQ-historical_nav.csv,ProShares official daily NAV file
2019-11-07,404400000.0,9.09625,https://accounts.profunds.com/etfdata/ByFund/TQQQ-historical_nav.csv,ProShares official daily NAV file
2019-11-08,403200000.0,9.21625,https://accounts.profunds.com/etfdata/ByFund/TQQQ-historical_nav.csv,ProShares official daily NAV file
2019-11-11,401200000.0,9.16875,https://accounts.profunds.com/etfdata/ByFund/TQQQ-historical_nav.csv,ProShares official daily NAV file
2019-11-12,401200000.0,9.2425,https://accounts.profunds.com/etfdata/ByFund/TQQQ-historical_nav.csv,ProShares official daily NAV file
2019-11-13,396000000.0,9.2275,https://accounts.profunds.com/etfdata/ByFund/TQQQ-historical_nav.csv,ProShares official daily NAV file
2019-11-14,398800000.0,9.22125,https://accounts.profunds.com/etfdata/ByFund/TQQQ-historical_nav.csv,ProShares official daily NAV file
2019-11-15,393600000.0,9.415,https://accounts.profunds.com/etfdata/ByFund/TQQQ-historical_nav.csv,ProShares official daily NAV file
2019-11-18,391600000.0,9.4575,https://accounts.profunds.com/etfdata/ByFund/TQQQ-historical_nav.csv,ProShares official daily NAV file
2019-11-19,392000000.0,9.49125,https://accounts.profunds.com/etfdata/ByFund/TQQQ-historical_nav.csv,ProShares official daily NAV file
2019-11-20,388800000.0,9.315,https://accounts.profunds.com/etfdata/ByFund/TQQQ-historical_nav.csv,ProShares official daily NAV file
2019-11-21,388800000.0,9.25,https://accounts.profunds.com/etfdata/ByFund/TQQQ-historical_nav.csv,ProShares official daily NAV file
2019-11-22,388400000.0,9.27,https://accounts.profunds.com/etfdata/ByFund/TQQQ-historical_nav.csv,ProShares official daily NAV file
2019-11-25,390800000.0,9.60375,https://accounts.profunds.com/etfdata/ByFund/TQQQ-historical_nav.csv,ProShares official daily NAV file
2019-11-26,389600000.0,9.64875,https://accounts.profunds.com/etfdata/ByFund/TQQQ-historical_nav.csv,ProShares official daily NAV file
2019-11-27,391600000.0,9.85,https://accounts.profunds.com/etfdata/ByFund/TQQQ-historical_nav.csv,ProShares official daily NAV file
2019-11-29,388400000.0,9.705,https://accounts.profunds.com/etfdata/ByFund/TQQQ-historical_nav.csv,ProShares official daily NAV file
2019-12-02,392400000.0,9.37625,https://accounts.profunds.com/etfdata/ByFund/TQQQ-historical_nav.csv,ProShares official daily NAV file
2019-12-03,392400000.0,9.19,https://accounts.profunds.com/etfdata/ByFund/TQQQ-historical_nav.csv,ProShares official daily NAV file
2019-12-04,394400000.0,9.33,https://accounts.profunds.com/etfdata/ByFund/TQQQ-historical_nav.csv,ProShares official daily NAV file
2019-12-05,398000000.0,9.37375,https://accounts.profunds.com/etfdata/ByFund/TQQQ-historical_nav.csv,ProShares official daily NAV file
2019-12-06,391600000.0,9.6725,https://accounts.profunds.com/etfdata/ByFund/TQQQ-historical_nav.csv,ProShares official daily NAV file
2019-12-09,391600000.0,9.55125,https://accounts.profunds.com/etfdata/ByFund/TQQQ-historical_nav.csv,ProShares official daily NAV file
2019-12-10,393600000.0,9.52125,https://accounts.profunds.com/etfdata/ByFund/TQQQ-historical_nav.csv,ProShares official daily NAV file
2019-12-11,395200000.0,9.685,https://accounts.profunds.com/etfdata/ByFund/TQQQ-historical_nav.csv,ProShares official daily NAV file
2019-12-12,395600000.0,9.9075,https://accounts.profunds.com/etfdata/ByFund/TQQQ-historical_nav.csv,ProShares official daily NAV file
2019-12-13,392800000.0,9.97875,https://accounts.profunds.com/etfdata/ByFund/TQQQ-historical_nav.csv,ProShares official daily NAV file
2019-12-16,392800000.0,10.26875,https://accounts.profunds.com/etfdata/ByFund/TQQQ-historical_nav.csv,ProShares official daily NAV file
2019-12-17,398800000.0,10.28625,https://accounts.profunds.com/etfdata/ByFund/TQQQ-historical_nav.csv,ProShares official daily NAV file
2019-12-18,399200000.0,10.3025875,https://accounts.profunds.com/etfdata/ByFund/TQQQ-historical_nav.csv,ProShares official daily NAV file
2019-12-19,399600000.0,10.5170875,https://accounts.profunds.com/etfdata/ByFund/TQQQ-historical_nav.csv,ProShares official daily NAV file
2019-12-20,392800000.0,10.6557125,https://accounts.profunds.com/etfdata/ByFund/TQQQ-historical_nav.csv,ProShares official daily NAV file
2019-12-23,395200000.0,10.7166,https://accounts.profunds.com/etfdata/ByFund/TQQQ-historical_nav.csv,ProShares official daily NAV file
2019-12-24,401200000.0,10.72475,https://accounts.profunds.com/etfdata/ByFund/TQQQ-historical_nav.csv,ProShares official daily NAV file
2019-12-26,402400000.0,11.0116375,https://accounts.profunds.com/etfdata/ByFund/TQQQ-historical_nav.csv,ProShares official daily NAV file
2019-12-27,404400000.0,10.9822625,https://accounts.profunds.com/etfdata/ByFund/TQQQ-historical_nav.csv,ProShares official daily NAV file
2019-12-30,396800000.0,10.750475,https://accounts.profunds.com/etfdata/ByFund/TQQQ-historical_nav.csv,ProShares official daily NAV file
2019-12-31,398000000.0,10.83475,https://accounts.profunds.com/etfdata/ByFund/TQQQ-historical_nav.csv,ProShares official daily NAV file
2020-01-02,396800000.0,11.3544125,https://accounts.profunds.com/etfdata/ByFund/TQQQ-historical_nav.csv,ProShares official daily NAV file
2020-01-03,398000000.0,11.051975,https://accounts.profunds.com/etfdata/ByFund/TQQQ-historical_nav.csv,ProShares official daily NAV file
2020-01-06,395600000.0,11.2556125,https://accounts.profunds.com/etfdata/ByFund/TQQQ-historical_nav.csv,ProShares official daily NAV file
2020-01-07,395600000.0,11.24965,https://accounts.profunds.com/etfdata/ByFund/TQQQ-historical_nav.csv,ProShares official daily NAV file
2020-01-08,395600000.0,11.499575,https://accounts.profunds.com/etfdata/ByFund/TQQQ-historical_nav.csv,ProShares official daily NAV file
2020-01-09,398400000.0,11.794575,https://accounts.profunds.com/etfdata/ByFund/TQQQ-historical_nav.csv,ProShares official daily NAV file
2020-01-10,393600000.0,11.7022625,https://accounts.profunds.com/etfdata/ByFund/TQQQ-historical_nav.csv,ProShares official daily NAV file
2020-01-13,395200000.0,12.1069625,https://accounts.profunds.com/etfdata/ByFund/TQQQ-historical_nav.csv,ProShares official daily NAV file
2020-01-14,400000000.0,11.9564,https://accounts.profunds.com/etfdata/ByFund/TQQQ-historical_nav.csv,ProShares official daily NAV file
2020-01-15,404000000.0,11.963625,https://accounts.profunds.com/etfdata/ByFund/TQQQ-historical_nav.csv,ProShares official daily NAV file
2020-01-16,404800000.0,12.3119875,https://accounts.profunds.com/etfdata/ByFund/TQQQ-historical_nav.csv,ProShares official daily NAV file
2020-01-17,397200000.0,12.5067375,https://accounts.profunds.com/etfdata/ByFund/TQQQ-historical_nav.csv,ProShares official daily NAV file
2020-01-21,410000000.0,12.475675,https://accounts.profunds.com/etfdata/ByFund/TQQQ-historical_nav.csv,ProShares official daily NAV file
2020-01-22,411600000.0,12.563275,https://accounts.profunds.com/etfdata/ByFund/TQQQ-historical_nav.csv,ProShares official daily NAV file
2020-01-23,411600000.0,12.67475,https://accounts.profunds.com/etfdata/ByFund/TQQQ-historical_nav.csv,ProShares official daily NAV file
2020-01-24,410400000.0,12.3613,https://accounts.profunds.com/etfdata/ByFund/TQQQ-historical_nav.csv,ProShares official daily NAV file
2020-01-27,403200000.0,11.5906875,https://accounts.profunds.com/etfdata/ByFund/TQQQ-historical_nav.csv,ProShares official daily NAV file
2020-01-28,404800000.0,12.1274875,https://accounts.profunds.com/etfdata/ByFund/TQQQ-historical_nav.csv,ProShares official daily NAV file
2020-01-29,404400000.0,12.1685,https://accounts.profunds.com/etfdata/ByFund/TQQQ-historical_nav.csv,ProShares official daily NAV file
2020-01-30,403600000.0,12.305975,https://accounts.profunds.com/etfdata/ByFund/TQQQ-historical_nav.csv,ProShares official daily NAV file
2020-01-31,401600000.0,11.7199625,https://accounts.profunds.com/etfdata/ByFund/TQQQ-historical_nav.csv,ProShares official daily NAV file
2020-02-03,391600000.0,12.24465,https://accounts.profunds.com/etfdata/ByFund/TQQQ-historical_nav.csv,ProShares official daily NAV file
2020-02-04,385600000.0,13.08,https://accounts.profunds.com/etfdata/ByFund/TQQQ-historical_nav.csv,ProShares official daily NAV file
2020-02-05,388800000.0,13.22065,https://accounts.profunds.com/etfdata/ByFund/TQQQ-historical_nav.csv,ProShares official daily NAV file
2020-02-06,391600000.0,13.554475,https://accounts.profunds.com/etfdata/ByFund/TQQQ-historical_nav.csv,ProShares official daily NAV file
2020-02-07,386400000.0,13.37105,https://accounts.profunds.com/etfdata/ByFund/TQQQ-historical_nav.csv,ProShares official daily NAV file
2020-02-10,388800000.0,13.8629875,https://accounts.profunds.com/etfdata/ByFund/TQQQ-historical_nav.csv,ProShares official daily NAV file
2020-02-11,394800000.0,13.8655375,https://accounts.profunds.com/etfdata/ByFund/TQQQ-historical_nav.csv,ProShares official daily NAV file
2020-02-12,402000000.0,14.2801625,https://accounts.profunds.com/etfdata/ByFund/TQQQ-historical_nav.csv,ProShares official daily NAV file
2020-02-13,404400000.0,14.199825,https://accounts.profunds.com/etfdata/ByFund/TQQQ-historical_nav.csv,ProShares official daily NAV file
2020-02-14,400400000.0,14.3215375,https://accounts.profunds.com/etfdata/ByFund/TQQQ-historical_nav.csv,ProShares official daily NAV file
2020-02-18,401600000.0,14.3487625,https://accounts.profunds.com/etfdata/ByFund/TQQQ-historical_nav.csv,ProShares official daily NAV file
2020-02-19,402800000.0,14.759575,https://accounts.profunds.com/etfdata/ByFund/TQQQ-historical_nav.csv,ProShares official daily NAV file
2020-02-20,408800000.0,14.3402875,https://accounts.profunds.com/etfdata/ByFund/TQQQ-historical_nav.csv,ProShares official daily NAV file
2020-02-21,413600000.0,13.5287625,https://accounts.profunds.com/etfdata/ByFund/TQQQ-historical_nav.csv,ProShares official daily NAV file
2020-02-24,424400000.0,11.9491375,https://accounts.profunds.com/etfdata/ByFund/TQQQ-historical_nav.csv,ProShares official daily NAV file
2020-02-25,432800000.0,10.9804875,https://accounts.profunds.com/etfdata/ByFund/TQQQ-historical_nav.csv,ProShares official daily NAV file
2020-02-26,437600000.0,11.1245125,https://accounts.profunds.com/etfdata/ByFund/TQQQ-historical_nav.csv,ProShares official daily NAV file
2020-02-27,451200000.0,9.47735,https://accounts.profunds.com/etfdata/ByFund/TQQQ-historical_nav.csv,ProShares official daily NAV file
2020-02-28,479600000.0,9.56165,https://accounts.profunds.com/etfdata/ByFund/TQQQ-historical_nav.csv,ProShares official daily NAV file
2020-03-02,486000000.0,10.965575,https://accounts.profunds.com/etfdata/ByFund/TQQQ-historical_nav.csv,ProShares official daily NAV file
2020-03-03,485200000.0,9.9140875,https://accounts.profunds.com/etfdata/ByFund/TQQQ-historical_nav.csv,ProShares official daily NAV file
2020-03-04,473600000.0,11.1421,https://accounts.profunds.com/etfdata/ByFund/TQQQ-historical_nav.csv,ProShares official daily NAV file
2020-03-05,485600000.0,10.106725,https://accounts.profunds.com/etfdata/ByFund/TQQQ-historical_nav.csv,ProShares official daily NAV file
2020-03-06,506400000.0,9.6101875,https://accounts.profunds.com/etfdata/ByFund/TQQQ-historical_nav.csv,ProShares official daily NAV file
2020-03-09,524000000.0,7.6400875,https://accounts.profunds.com/etfdata/ByFund/TQQQ-historical_nav.csv,ProShares official daily NAV file
2020-03-10,531600000.0,8.862025,https://accounts.profunds.com/etfdata/ByFund/TQQQ-historical_nav.csv,ProShares official daily NAV file
2020-03-11,558800000.0,7.6980125,https://accounts.profunds.com/etfdata/ByFund/TQQQ-historical_nav.csv,ProShares official daily NAV file
2020-03-12,575600000.0,5.5599125,https://accounts.profunds.com/etfdata/ByFund/TQQQ-historical_nav.csv,ProShares official daily NAV file
2020-03-13,596000000.0,7.2338375,https://accounts.profunds.com/etfdata/ByFund/TQQQ-historical_nav.csv,ProShares official daily NAV file
2020-03-16,599600000.0,4.5866375,https://accounts.profunds.com/etfdata/ByFund/TQQQ-historical_nav.csv,ProShares official daily NAV file
2020-03-17,609200000.0,5.4750875,https://accounts.profunds.com/etfdata/ByFund/TQQQ-historical_nav.csv,ProShares official daily NAV file
2020-03-18,631200000.0,4.8215375,https://accounts.profunds.com/etfdata/ByFund/TQQQ-historical_nav.csv,ProShares official daily NAV file
2020-03-19,626000000.0,5.0422375,https://accounts.profunds.com/etfdata/ByFund/TQQQ-historical_nav.csv,ProShares official daily NAV file
2020-03-20,658000000.0,4.4328875,https://accounts.profunds.com/etfdata/ByFund/TQQQ-historical_nav.csv,ProShares official daily NAV file
2020-03-23,691200000.0,4.4562625,https://accounts.profunds.com/etfdata/ByFund/TQQQ-historical_nav.csv,ProShares official daily NAV file
2020-03-24,682800000.0,5.4992125,https://accounts.profunds.com/etfdata/ByFund/TQQQ-historical_nav.csv,ProShares official daily NAV file
2020-03-25,656400000.0,5.315425,https://accounts.profunds.com/etfdata/ByFund/TQQQ-historical_nav.csv,ProShares official daily NAV file
2020-03-26,644400000.0,6.22595,https://accounts.profunds.com/etfdata/ByFund/TQQQ-historical_nav.csv,ProShares official daily NAV file
2020-03-27,642400000.0,5.4957,https://accounts.profunds.com/etfdata/ByFund/TQQQ-historical_nav.csv,ProShares official daily NAV file
2020-03-30,634000000.0,6.1486375,https://accounts.profunds.com/etfdata/ByFund/TQQQ-historical_nav.csv,ProShares official daily NAV file
2020-03-31,646800000.0,5.9738125,https://accounts.profunds.com/etfdata/ByFund/TQQQ-historical_nav.csv,ProShares official daily NAV file
2020-04-01,664400000.0,5.2226125,https://accounts.profunds.com/etfdata/ByFund/TQQQ-historical_nav.csv,ProShares official daily NAV file
2020-04-02,656400000.0,5.5377625,https://accounts.profunds.com/etfdata/ByFund/TQQQ-historical_nav.csv,ProShares official daily NAV file
2020-04-03,657600000.0,5.3026375,https://accounts.profunds.com/etfdata/ByFund/TQQQ-historical_nav.csv,ProShares official daily NAV file
2020-04-06,633600000.0,6.47015,https://accounts.profunds.com/etfdata/ByFund/TQQQ-historical_nav.csv,ProShares official daily NAV file
2020-04-07,626000000.0,6.3929,https://accounts.profunds.com/etfdata/ByFund/TQQQ-historical_nav.csv,ProShares official daily NAV file
2020-04-08,622400000.0,6.8191625,https://accounts.profunds.com/etfdata/ByFund/TQQQ-historical_nav.csv,ProShares official daily NAV file
2020-04-09,599200000.0,6.8413875,https://accounts.profunds.com/etfdata/ByFund/TQQQ-historical_nav.csv,ProShares official daily NAV file
2020-04-13,602800000.0,7.0745125,https://accounts.profunds.com/etfdata/ByFund/TQQQ-historical_nav.csv,ProShares official daily NAV file
2020-04-14,602000000.0,7.990675,https://accounts.profunds.com/etfdata/ByFund/TQQQ-historical_nav.csv,ProShares official daily NAV file
2020-04-15,619200000.0,7.7136125,https://accounts.profunds.com/etfdata/ByFund/TQQQ-historical_nav.csv,ProShares official daily NAV file
2020-04-16,629600000.0,8.158625,https://accounts.profunds.com/etfdata/ByFund/TQQQ-historical_nav.csv,ProShares official daily NAV file
2020-04-17,622800000.0,8.366175,https://accounts.profunds.com/etfdata/ByFund/TQQQ-historical_nav.csv,ProShares official daily NAV file
2020-04-20,616400000.0,8.064375,https://accounts.profunds.com/etfdata/ByFund/TQQQ-historical_nav.csv,ProShares official daily NAV file
2020-04-21,632400000.0,7.16695,https://accounts.profunds.com/etfdata/ByFund/TQQQ-historical_nav.csv,ProShares official daily NAV file
2020-04-22,629600000.0,7.835875,https://accounts.profunds.com/etfdata/ByFund/TQQQ-historical_nav.csv,ProShares official daily NAV file
2020-04-23,630800000.0,7.7718,https://accounts.profunds.com/etfdata/ByFund/TQQQ-historical_nav.csv,ProShares official daily NAV file
2020-04-24,622400000.0,8.162925,https://accounts.profunds.com/etfdata/ByFund/TQQQ-historical_nav.csv,ProShares official daily NAV file
2020-04-27,624400000.0,8.3047375,https://accounts.profunds.com/etfdata/ByFund/TQQQ-historical_nav.csv,ProShares official daily NAV file
2020-04-28,630800000.0,7.853025,https://accounts.profunds.com/etfdata/ByFund/TQQQ-historical_nav.csv,ProShares official daily NAV file
2020-04-29,618800000.0,8.680475,https://accounts.profunds.com/etfdata/ByFund/TQQQ-historical_nav.csv,ProShares official daily NAV file
2020-04-30,620800000.0,8.731275,https://accounts.profunds.com/etfdata/ByFund/TQQQ-historical_nav.csv,ProShares official daily NAV file
2020-05-01,622800000.0,7.9135125,https://accounts.profunds.com/etfdata/ByFund/TQQQ-historical_nav.csv,ProShares official daily NAV file
2020-05-04,623600000.0,8.22705,https://accounts.profunds.com/etfdata/ByFund/TQQQ-historical_nav.csv,ProShares official daily NAV file
2020-05-05,614000000.0,8.4963625,https://accounts.profunds.com/etfdata/ByFund/TQQQ-historical_nav.csv,ProShares official daily NAV file
2020-05-06,603200000.0,8.6541625,https://accounts.profunds.com/etfdata/ByFund/TQQQ-historical_nav.csv,ProShares official daily NAV file
2020-05-07,591200000.0,8.9927,https://accounts.profunds.com/etfdata/ByFund/TQQQ-historical_nav.csv,ProShares official daily NAV file
2020-05-08,579200000.0,9.351275,https://accounts.profunds.com/etfdata/ByFund/TQQQ-historical_nav.csv,ProShares official daily NAV file
2020-05-11,578800000.0,9.5894125,https://accounts.profunds.com/etfdata/ByFund/TQQQ-historical_nav.csv,ProShares official daily NAV file
2020-05-12,583200000.0,9.0120875,https://accounts.profunds.com/etfdata/ByFund/TQQQ-historical_nav.csv,ProShares official daily NAV file
2020-05-13,591200000.0,8.6781375,https://accounts.profunds.com/etfdata/ByFund/TQQQ-historical_nav.csv,ProShares official daily NAV file
2020-05-14,590400000.0,8.951525,https://accounts.profunds.com/etfdata/ByFund/TQQQ-historical_nav.csv,ProShares official daily NAV file
2020-05-15,581600000.0,9.1260375,https://accounts.profunds.com/etfdata/ByFund/TQQQ-historical_nav.csv,ProShares official daily NAV file
2020-05-18,572400000.0,9.660875,https://accounts.profunds.com/etfdata/ByFund/TQQQ-historical_nav.csv,ProShares official daily NAV file
2020-05-19,570400000.0,9.55855,https://accounts.profunds.com/etfdata/ByFund/TQQQ-historical_nav.csv,ProShares official daily NAV file
2020-05-20,566400000.0,10.143375,https://accounts.profunds.com/etfdata/ByFund/TQQQ-historical_nav.csv,ProShares official daily NAV file
2020-05-21,575600000.0,9.7988375,https://accounts.profunds.com/etfdata/ByFund/TQQQ-historical_nav.csv,ProShares official daily NAV file
2020-05-22,572800000.0,9.9107125,https://accounts.profunds.com/etfdata/ByFund/TQQQ-historical_nav.csv,ProShares official daily NAV file
2020-05-26,576000000.0,9.8337375,https://accounts.profunds.com/etfdata/ByFund/TQQQ-historical_nav.csv,ProShares official daily NAV file
2020-05-27,588000000.0,9.996625,https://accounts.profunds.com/etfdata/ByFund/TQQQ-historical_nav.csv,ProShares official daily NAV file
2020-05-28,571200000.0,9.918325,https://accounts.profunds.com/etfdata/ByFund/TQQQ-historical_nav.csv,ProShares official daily NAV file
2020-05-29,563200000.0,10.35565,https://accounts.profunds.com/etfdata/ByFund/TQQQ-historical_nav.csv,ProShares official daily NAV file
2020-06-01,554400000.0,10.496,https://accounts.profunds.com/etfdata/ByFund/TQQQ-historical_nav.csv,ProShares official daily NAV file
2020-06-02,562000000.0,10.68745,https://accounts.profunds.com/etfdata/ByFund/TQQQ-historical_nav.csv,ProShares official daily NAV file
2020-06-03,558800000.0,10.8457375,https://accounts.profunds.com/etfdata/ByFund/TQQQ-historical_nav.csv,ProShares official daily NAV file
2020-06-04,558800000.0,10.598625,https://accounts.profunds.com/etfdata/ByFund/TQQQ-historical_nav.csv,ProShares official daily NAV file
2020-06-05,533600000.0,11.2403375,https://accounts.profunds.com/etfdata/ByFund/TQQQ-historical_nav.csv,ProShares official daily NAV file
2020-06-08,535600000.0,11.50415,https://accounts.profunds.com/etfdata/ByFund/TQQQ-historical_nav.csv,ProShares official daily NAV file
2020-06-09,534800000.0,11.7324125,https://accounts.profunds.com/etfdata/ByFund/TQQQ-historical_nav.csv,ProShares official daily NAV file
2020-06-10,535600000.0,12.1806125,https://accounts.profunds.com/etfdata/ByFund/TQQQ-historical_nav.csv,ProShares official daily NAV file
2020-06-11,541600000.0,10.353275,https://accounts.profunds.com/etfdata/ByFund/TQQQ-historical_nav.csv,ProShares official daily NAV file
2020-06-12,540000000.0,10.597625,https://accounts.profunds.com/etfdata/ByFund/TQQQ-historical_nav.csv,ProShares official daily NAV file
2020-06-15,542400000.0,10.968625,https://accounts.profunds.com/etfdata/ByFund/TQQQ-historical_nav.csv,ProShares official daily NAV file
2020-06-16,542800000.0,11.549,https://accounts.profunds.com/etfdata/ByFund/TQQQ-historical_nav.csv,ProShares official daily NAV file
2020-06-17,538400000.0,11.6634375,https://accounts.profunds.com/etfdata/ByFund/TQQQ-historical_nav.csv,ProShares official daily NAV file
2020-06-18,540000000.0,11.765975,https://accounts.profunds.com/etfdata/ByFund/TQQQ-historical_nav.csv,ProShares official daily NAV file
2020-06-19,520000000.0,11.75765,https://accounts.profunds.com/etfdata/ByFund/TQQQ-historical_nav.csv,ProShares official daily NAV file
2020-06-22,523200000.0,12.1851875,https://accounts.profunds.com/etfdata/ByFund/TQQQ-historical_nav.csv,ProShares official daily NAV file
2020-06-23,514800000.0,12.471425,https://accounts.profunds.com/etfdata/ByFund/TQQQ-historical_nav.csv,ProShares official daily NAV file
2020-06-24,518400000.0,11.712225,https://accounts.profunds.com/etfdata/ByFund/TQQQ-historical_nav.csv,ProShares official daily NAV file
2020-06-25,519600000.0,12.05905,https://accounts.profunds.com/etfdata/ByFund/TQQQ-historical_nav.csv,ProShares official daily NAV file
2020-06-26,530400000.0,11.154425,https://accounts.profunds.com/etfdata/ByFund/TQQQ-historical_nav.csv,ProShares official daily NAV file
2020-06-29,532400000.0,11.534325,https://accounts.profunds.com/etfdata/ByFund/TQQQ-historical_nav.csv,ProShares official daily NAV file
2020-06-30,529200000.0,12.215875,https://accounts.profunds.com/etfdata/ByFund/TQQQ-historical_nav.csv,ProShares official daily NAV file
2020-07-01,514400000.0,12.6566,https://accounts.profunds.com/etfdata/ByFund/TQQQ-historical_nav.csv,ProShares official daily NAV file
2020-07-02,493200000.0,12.893175,https://accounts.profunds.com/etfdata/ByFund/TQQQ-historical_nav.csv,ProShares official daily NAV file
2020-07-06,482400000.0,13.871475,https://accounts.profunds.com/etfdata/ByFund/TQQQ-historical_nav.csv,ProShares official daily NAV file
2020-07-07,478400000.0,13.5568875,https://accounts.profunds.com/etfdata/ByFund/TQQQ-historical_nav.csv,ProShares official daily NAV file
2020-07-08,478800000.0,14.1073,https://accounts.profunds.com/etfdata/ByFund/TQQQ-historical_nav.csv,ProShares official daily NAV file
2020-07-09,478800000.0,14.4553875,https://accounts.profunds.com/etfdata/ByFund/TQQQ-historical_nav.csv,ProShares official daily NAV file
2020-07-10,462400000.0,14.7841375,https://accounts.profunds.com/etfdata/ByFund/TQQQ-historical_nav.csv,ProShares official daily NAV file
2020-07-13,463200000.0,13.8253375,https://accounts.profunds.com/etfdata/ByFund/TQQQ-historical_nav.csv,ProShares official daily NAV file
2020-07-14,470000000.0,14.1644625,https://accounts.profunds.com/etfdata/ByFund/TQQQ-historical_nav.csv,ProShares official daily NAV file
2020-07-15,477200000.0,14.2122,https://accounts.profunds.com/etfdata/ByFund/TQQQ-historical_nav.csv,ProShares official daily NAV file
2020-07-16,486800000.0,13.9112,https://accounts.profunds.com/etfdata/ByFund/TQQQ-historical_nav.csv,ProShares official daily NAV file
2020-07-17,483600000.0,13.9841375,https://accounts.profunds.com/etfdata/ByFund/TQQQ-historical_nav.csv,ProShares official daily NAV file
2020-07-20,480000000.0,15.19185,https://accounts.profunds.com/etfdata/ByFund/TQQQ-historical_nav.csv,ProShares official daily NAV file
2020-07-21,474800000.0,14.6962375,https://accounts.profunds.com/etfdata/ByFund/TQQQ-historical_nav.csv,ProShares official daily NAV file
2020-07-22,477200000.0,14.8485375,https://accounts.profunds.com/etfdata/ByFund/TQQQ-historical_nav.csv,ProShares official daily NAV file
2020-07-23,488000000.0,13.6587625,https://accounts.profunds.com/etfdata/ByFund/TQQQ-historical_nav.csv,ProShares official daily NAV file
2020-07-24,497200000.0,13.280125,https://accounts.profunds.com/etfdata/ByFund/TQQQ-historical_nav.csv,ProShares official daily NAV file
2020-07-27,501600000.0,14.006125,https://accounts.profunds.com/etfdata/ByFund/TQQQ-historical_nav.csv,ProShares official daily NAV file
2020-07-28,504000000.0,13.447475,https://accounts.profunds.com/etfdata/ByFund/TQQQ-historical_nav.csv,ProShares official daily NAV file
2020-07-29,500400000.0,13.946,https://accounts.profunds.com/etfdata/ByFund/TQQQ-historical_nav.csv,ProShares official daily NAV file
2020-07-30,497600000.0,14.155275,https://accounts.profunds.com/etfdata/ByFund/TQQQ-historical_nav.csv,ProShares official daily NAV file
2020-07-31,488800000.0,14.910275,https://accounts.profunds.com/etfdata/ByFund/TQQQ-historical_nav.csv,ProShares official daily NAV file
2020-08-03,461200000.0,15.519275,https://accounts.profunds.com/etfdata/ByFund/TQQQ-historical_nav.csv,ProShares official daily NAV file
2020-08-04,456800000.0,15.6936375,https://accounts.profunds.com/etfdata/ByFund/TQQQ-historical_nav.csv,ProShares official daily NAV file
2020-08-05,451600000.0,15.8151875,https://accounts.profunds.com/etfdata/ByFund/TQQQ-historical_nav.csv,ProShares official daily NAV file
2020-08-06,448800000.0,16.4258625,https://accounts.profunds.com/etfdata/ByFund/TQQQ-historical_nav.csv,ProShares official daily NAV file
2020-08-07,439200000.0,15.8783375,https://accounts.profunds.com/etfdata/ByFund/TQQQ-historical_nav.csv,ProShares official daily NAV file
2020-08-10,445600000.0,15.6461625,https://accounts.profunds.com/etfdata/ByFund/TQQQ-historical_nav.csv,ProShares official daily NAV file
2020-08-11,449600000.0,14.759775,https://accounts.profunds.com/etfdata/ByFund/TQQQ-historical_nav.csv,ProShares official daily NAV file
2020-08-12,449200000.0,15.9050125,https://accounts.profunds.com/etfdata/ByFund/TQQQ-historical_nav.csv,ProShares official daily NAV file
2020-08-13,447200000.0,15.993825,https://accounts.profunds.com/etfdata/ByFund/TQQQ-historical_nav.csv,ProShares official daily NAV file
2020-08-14,445600000.0,15.9383625,https://accounts.profunds.com/etfdata/ByFund/TQQQ-historical_nav.csv,ProShares official daily NAV file
2020-08-17,443600000.0,16.4684375,https://accounts.profunds.com/etfdata/ByFund/TQQQ-historical_nav.csv,ProShares official daily NAV file
2020-08-18,438800000.0,16.952575,https://accounts.profunds.com/etfdata/ByFund/TQQQ-historical_nav.csv,ProShares official daily NAV file
2020-08-19,437200000.0,16.60775,https://accounts.profunds.com/etfdata/ByFund/TQQQ-historical_nav.csv,ProShares official daily NAV file
2020-08-20,435200000.0,17.3036875,https://accounts.profunds.com/etfdata/ByFund/TQQQ-historical_nav.csv,ProShares official daily NAV file
2020-08-21,423200000.0,17.6565375,https://accounts.profunds.com/etfdata/ByFund/TQQQ-historical_nav.csv,ProShares official daily NAV file
2020-08-24,427600000.0,17.980575,https://accounts.profunds.com/etfdata/ByFund/TQQQ-historical_nav.csv,ProShares official daily NAV file
2020-08-25,428800000.0,18.42195,https://accounts.profunds.com/etfdata/ByFund/TQQQ-historical_nav.csv,ProShares official daily NAV file
2020-08-26,427200000.0,19.601275,https://accounts.profunds.com/etfdata/ByFund/TQQQ-historical_nav.csv,ProShares official daily NAV file
2020-08-27,428800000.0,19.3797375,https://accounts.profunds.com/etfdata/ByFund/TQQQ-historical_nav.csv,ProShares official daily NAV file
2020-08-28,421200000.0,19.7181875,https://accounts.profunds.com/etfdata/ByFund/TQQQ-historical_nav.csv,ProShares official daily NAV file
2020-08-31,423600000.0,20.280325,https://accounts.profunds.com/etfdata/ByFund/TQQQ-historical_nav.csv,ProShares official daily NAV file
2020-09-01,425200000.0,21.19905,https://accounts.profunds.com/etfdata/ByFund/TQQQ-historical_nav.csv,ProShares official daily NAV file
2020-09-02,430000000.0,21.8598625,https://accounts.profunds.com/etfdata/ByFund/TQQQ-historical_nav.csv,ProShares official daily NAV file
2020-09-03,463600000.0,18.439075,https://accounts.profunds.com/etfdata/ByFund/TQQQ-historical_nav.csv,ProShares official daily NAV file
2020-09-04,476800000.0,17.7355125,https://accounts.profunds.com/etfdata/ByFund/TQQQ-historical_nav.csv,ProShares official daily NAV file
2020-09-08,493600000.0,15.1979125,https://accounts.profunds.com/etfdata/ByFund/TQQQ-historical_nav.csv,ProShares official daily NAV file
2020-09-09,506000000.0,16.5456375,https://accounts.profunds.com/etfdata/ByFund/TQQQ-historical_nav.csv,ProShares official daily NAV file
2020-09-10,512000000.0,15.4923875,https://accounts.profunds.com/etfdata/ByFund/TQQQ-historical_nav.csv,ProShares official daily NAV file
2020-09-11,516400000.0,15.213425,https://accounts.profunds.com/etfdata/ByFund/TQQQ-historical_nav.csv,ProShares official daily NAV file
2020-09-14,516000000.0,16.0005875,https://accounts.profunds.com/etfdata/ByFund/TQQQ-historical_nav.csv,ProShares official daily NAV file
2020-09-15,521600000.0,16.685375,https://accounts.profunds.com/etfdata/ByFund/TQQQ-historical_nav.csv,ProShares official daily NAV file
2020-09-16,524000000.0,15.8472625,https://accounts.profunds.com/etfdata/ByFund/TQQQ-historical_nav.csv,ProShares official daily NAV file
2020-09-17,540000000.0,15.1411125,https://accounts.profunds.com/etfdata/ByFund/TQQQ-historical_nav.csv,ProShares official daily NAV file
2020-09-18,552000000.0,14.5494375,https://accounts.profunds.com/etfdata/ByFund/TQQQ-historical_nav.csv,ProShares official daily NAV file
2020-09-21,548800000.0,14.7256125,https://accounts.profunds.com/etfdata/ByFund/TQQQ-historical_nav.csv,ProShares official daily NAV file
2020-09-22,544000000.0,15.5534,https://accounts.profunds.com/etfdata/ByFund/TQQQ-historical_nav.csv,ProShares official daily NAV file
2020-09-23,544400000.0,14.08055,https://accounts.profunds.com/etfdata/ByFund/TQQQ-historical_nav.csv,ProShares official daily NAV file
2020-09-24,549200000.0,14.324775,https://accounts.profunds.com/etfdata/ByFund/TQQQ-historical_nav.csv,ProShares official daily NAV file
2020-09-25,541600000.0,15.3283125,https://accounts.profunds.com/etfdata/ByFund/TQQQ-historical_nav.csv,ProShares official daily NAV file
2020-09-28,537200000.0,16.2072625,https://accounts.profunds.com/etfdata/ByFund/TQQQ-historical_nav.csv,ProShares official daily NAV file
2020-09-29,534000000.0,16.0305875,https://accounts.profunds.com/etfdata/ByFund/TQQQ-historical_nav.csv,ProShares official daily NAV file
2020-09-30,537200000.0,16.4334375,https://accounts.profunds.com/etfdata/ByFund/TQQQ-historical_nav.csv,ProShares official daily NAV file
2020-10-01,536400000.0,17.15105,https://accounts.profunds.com/etfdata/ByFund/TQQQ-historical_nav.csv,ProShares official daily NAV file
2020-10-02,539200000.0,15.69515,https://accounts.profunds.com/etfdata/ByFund/TQQQ-historical_nav.csv,ProShares official daily NAV file
2020-10-05,542000000.0,16.7523875,https://accounts.profunds.com/etfdata/ByFund/TQQQ-historical_nav.csv,ProShares official daily NAV file
2020-10-06,544800000.0,15.80505,https://accounts.profunds.com/etfdata/ByFund/TQQQ-historical_nav.csv,ProShares official daily NAV file
2020-10-07,542400000.0,16.6934125,https://accounts.profunds.com/etfdata/ByFund/TQQQ-historical_nav.csv,ProShares official daily NAV file
2020-10-08,538400000.0,16.9003375,https://accounts.profunds.com/etfdata/ByFund/TQQQ-historical_nav.csv,ProShares official daily NAV file
2020-10-09,524800000.0,17.6672125,https://accounts.profunds.com/etfdata/ByFund/TQQQ-historical_nav.csv,ProShares official daily NAV file
2020-10-12,510000000.0,19.303125,https://accounts.profunds.com/etfdata/ByFund/TQQQ-historical_nav.csv,ProShares official daily NAV file
2020-10-13,509600000.0,19.2786125,https://accounts.profunds.com/etfdata/ByFund/TQQQ-historical_nav.csv,ProShares official daily NAV file
2020-10-14,507200000.0,18.8096,https://accounts.profunds.com/etfdata/ByFund/TQQQ-historical_nav.csv,ProShares official daily NAV file
2020-10-15,508400000.0,18.398975,https://accounts.profunds.com/etfdata/ByFund/TQQQ-historical_nav.csv,ProShares official daily NAV file
2020-10-16,509200000.0,18.181575,https://accounts.profunds.com/etfdata/ByFund/TQQQ-historical_nav.csv,ProShares official daily NAV file
2020-10-19,512800000.0,17.1778375,https://accounts.profunds.com/etfdata/ByFund/TQQQ-historical_nav.csv,ProShares official daily NAV file
2020-10-20,523200000.0,17.36895,https://accounts.profunds.com/etfdata/ByFund/TQQQ-historical_nav.csv,ProShares official daily NAV file
2020-10-21,523600000.0,17.3121,https://accounts.profunds.com/etfdata/ByFund/TQQQ-historical_nav.csv,ProShares official daily NAV file
2020-10-22,522800000.0,17.2995875,https://accounts.profunds.com/etfdata/ByFund/TQQQ-historical_nav.csv,ProShares official daily NAV file
2020-10-23,525600000.0,17.43065,https://accounts.profunds.com/etfdata/ByFund/TQQQ-historical_nav.csv,ProShares official daily NAV file
2020-10-26,529200000.0,16.58855,https://accounts.profunds.com/etfdata/ByFund/TQQQ-historical_nav.csv,ProShares official daily NAV file
2020-10-27,527200000.0,16.9957375,https://accounts.profunds.com/etfdata/ByFund/TQQQ-historical_nav.csv,ProShares official daily NAV file
2020-10-28,544800000.0,14.98955,https://accounts.profunds.com/etfdata/ByFund/TQQQ-historical_nav.csv,ProShares official daily NAV file
2020-10-29,543200000.0,15.831975,https://accounts.profunds.com/etfdata/ByFund/TQQQ-historical_nav.csv,ProShares official daily NAV file
2020-10-30,554400000.0,14.5856125,https://accounts.profunds.com/etfdata/ByFund/TQQQ-historical_nav.csv,ProShares official daily NAV file
2020-11-02,555200000.0,14.7097625,https://accounts.profunds.com/etfdata/ByFund/TQQQ-historical_nav.csv,ProShares official daily NAV file
2020-11-03,545200000.0,15.4860125,https://accounts.profunds.com/etfdata/ByFund/TQQQ-historical_nav.csv,ProShares official daily NAV file
2020-11-04,520000000.0,17.5319625,https://accounts.profunds.com/etfdata/ByFund/TQQQ-historical_nav.csv,ProShares official daily NAV file
2020-11-05,516000000.0,18.882975,https://accounts.profunds.com/etfdata/ByFund/TQQQ-historical_nav.csv,ProShares official daily NAV file
2020-11-06,494400000.0,18.9484875,https://accounts.profunds.com/etfdata/ByFund/TQQQ-historical_nav.csv,ProShares official daily NAV file
2020-11-09,496800000.0,17.72675,https://accounts.profunds.com/etfdata/ByFund/TQQQ-historical_nav.csv,ProShares official daily NAV file
2020-11-10,500800000.0,16.8015875,https://accounts.profunds.com/etfdata/ByFund/TQQQ-historical_nav.csv,ProShares official daily NAV file
2020-11-11,502000000.0,17.9657875,https://accounts.profunds.com/etfdata/ByFund/TQQQ-historical_nav.csv,ProShares official daily NAV file
2020-11-12,505600000.0,17.66535,https://accounts.profunds.com/etfdata/ByFund/TQQQ-historical_nav.csv,ProShares official daily NAV file
2020-11-13,503200000.0,18.1668125,https://accounts.profunds.com/etfdata/ByFund/TQQQ-historical_nav.csv,ProShares official daily NAV file
2020-11-16,499600000.0,18.509425,https://accounts.profunds.com/etfdata/ByFund/TQQQ-historical_nav.csv,ProShares official daily NAV file
2020-11-17,498000000.0,18.342275,https://accounts.profunds.com/etfdata/ByFund/TQQQ-historical_nav.csv,ProShares official daily NAV file
2020-11-18,496800000.0,17.9796875,https://accounts.profunds.com/etfdata/ByFund/TQQQ-historical_nav.csv,ProShares official daily NAV file
2020-11-19,495200000.0,18.389425,https://accounts.profunds.com/etfdata/ByFund/TQQQ-historical_nav.csv,ProShares official daily NAV file
2020-11-20,489200000.0,18.0246375,https://accounts.profunds.com/etfdata/ByFund/TQQQ-historical_nav.csv,ProShares official daily NAV file
2020-11-23,494400000.0,18.0201,https://accounts.profunds.com/etfdata/ByFund/TQQQ-historical_nav.csv,ProShares official daily NAV file
2020-11-24,490400000.0,18.8081,https://accounts.profunds.com/etfdata/ByFund/TQQQ-historical_nav.csv,ProShares official daily NAV file
2020-11-25,489200000.0,19.1465375,https://accounts.profunds.com/etfdata/ByFund/TQQQ-historical_nav.csv,ProShares official daily NAV file
2020-11-27,472800000.0,19.646775,https://accounts.profunds.com/etfdata/ByFund/TQQQ-historical_nav.csv,ProShares official daily NAV file
2020-11-30,472400000.0,19.694225,https://accounts.profunds.com/etfdata/ByFund/TQQQ-historical_nav.csv,ProShares official daily NAV file
2020-12-01,463600000.0,20.5929375,https://accounts.profunds.com/etfdata/ByFund/TQQQ-historical_nav.csv,ProShares official daily NAV file
2020-12-02,461600000.0,20.6006,https://accounts.profunds.com/etfdata/ByFund/TQQQ-historical_nav.csv,ProShares official daily NAV file
2020-12-03,460800000.0,20.659925,https://accounts.profunds.com/etfdata/ByFund/TQQQ-historical_nav.csv,ProShares official daily NAV file
2020-12-04,452400000.0,20.9639625,https://accounts.profunds.com/etfdata/ByFund/TQQQ-historical_nav.csv,ProShares official daily NAV file
2020-12-07,451200000.0,21.303375,https://accounts.profunds.com/etfdata/ByFund/TQQQ-historical_nav.csv,ProShares official daily NAV file
2020-12-08,448400000.0,21.5024875,https://accounts.profunds.com/etfdata/ByFund/TQQQ-historical_nav.csv,ProShares official daily NAV file
2020-12-09,447200000.0,20.1174625,https://accounts.profunds.com/etfdata/ByFund/TQQQ-historical_nav.csv,ProShares official daily NAV file
2020-12-10,450400000.0,20.297475,https://accounts.profunds.com/etfdata/ByFund/TQQQ-historical_nav.csv,ProShares official daily NAV file
2020-12-11,454800000.0,20.1663875,https://accounts.profunds.com/etfdata/ByFund/TQQQ-historical_nav.csv,ProShares official daily NAV file
2020-12-14,452400000.0,20.593225,https://accounts.profunds.com/etfdata/ByFund/TQQQ-historical_nav.csv,ProShares official daily NAV file
2020-12-15,451600000.0,21.25525,https://accounts.profunds.com/etfdata/ByFund/TQQQ-historical_nav.csv,ProShares official daily NAV file
2020-12-16,448000000.0,21.6195875,https://accounts.profunds.com/etfdata/ByFund/TQQQ-historical_nav.csv,ProShares official daily NAV file
2020-12-17,446000000.0,22.04655,https://accounts.profunds.com/etfdata/ByFund/TQQQ-historical_nav.csv,ProShares official daily NAV file
2020-12-18,440400000.0,21.9794875,https://accounts.profunds.com/etfdata/ByFund/TQQQ-historical_nav.csv,ProShares official daily NAV file
2020-12-21,434800000.0,21.7291875,https://accounts.profunds.com/etfdata/ByFund/TQQQ-historical_nav.csv,ProShares official daily NAV file
2020-12-22,434400000.0,21.8691875,https://accounts.profunds.com/etfdata/ByFund/TQQQ-historical_nav.csv,ProShares official daily NAV file
2020-12-23,433200000.0,21.5333125,https://accounts.profunds.com/etfdata/ByFund/TQQQ-historical_nav.csv,ProShares official daily NAV file
2020-12-24,430400000.0,21.8267875,https://accounts.profunds.com/etfdata/ByFund/TQQQ-historical_nav.csv,ProShares official daily NAV file
2020-12-28,430400000.0,22.4821125,https://accounts.profunds.com/etfdata/ByFund/TQQQ-historical_nav.csv,ProShares official daily NAV file
2020-12-29,429200000.0,22.5052125,https://accounts.profunds.com/etfdata/ByFund/TQQQ-historical_nav.csv,ProShares official daily NAV file
2020-12-30,427600000.0,22.5127,https://accounts.profunds.com/etfdata/ByFund/TQQQ-historical_nav.csv,ProShares official daily NAV file
2020-12-31,423600000.0,22.7368875,https://accounts.profunds.com/etfdata/ByFund/TQQQ-historical_nav.csv,ProShares official daily NAV file
2021-01-04,422800000.0,21.716325,https://accounts.profunds.com/etfdata/ByFund/TQQQ-historical_nav.csv,ProShares official daily NAV file
2021-01-05,420800000.0,22.273325,https://accounts.profunds.com/etfdata/ByFund/TQQQ-historical_nav.csv,ProShares official daily NAV file
2021-01-06,423600000.0,21.337575,https://accounts.profunds.com/etfdata/ByFund/TQQQ-historical_nav.csv,ProShares official daily NAV file
2021-01-07,422400000.0,22.9378875,https://accounts.profunds.com/etfdata/ByFund/TQQQ-historical_nav.csv,ProShares official daily NAV file
2021-01-08,410400000.0,23.8179875,https://accounts.profunds.com/etfdata/ByFund/TQQQ-historical_nav.csv,ProShares official daily NAV file
2021-01-11,412800000.0,22.7098375,https://accounts.profunds.com/etfdata/ByFund/TQQQ-historical_nav.csv,ProShares official daily NAV file
2021-01-12,413200000.0,22.6536,https://accounts.profunds.com/etfdata/ByFund/TQQQ-historical_nav.csv,ProShares official daily NAV file
2021-01-13,416800000.0,23.081975,https://accounts.profunds.com/etfdata/ByFund/TQQQ-historical_nav.csv,ProShares official daily NAV file
2021-01-14,417600000.0,22.677625,https://accounts.profunds.com/etfdata/ByFund/TQQQ-historical_nav.csv,ProShares official daily NAV file
2021-01-15,408800000.0,22.1758125,https://accounts.profunds.com/etfdata/ByFund/TQQQ-historical_nav.csv,ProShares official daily NAV file
2021-01-19,407200000.0,23.1720375,https://accounts.profunds.com/etfdata/ByFund/TQQQ-historical_nav.csv,ProShares official daily NAV file
2021-01-20,406800000.0,24.7754625,https://accounts.profunds.com/etfdata/ByFund/TQQQ-historical_nav.csv,ProShares official daily NAV file
2021-01-21,409400000.0,25.3777,https://accounts.profunds.com/etfdata/ByFund/TQQQ-historical_nav.csv,ProShares official daily NAV file
2021-01-22,401000000.0,25.157025,https://accounts.profunds.com/etfdata/ByFund/TQQQ-historical_nav.csv,ProShares official daily NAV file
2021-01-25,402200000.0,25.81335,https://accounts.profunds.com/etfdata/ByFund/TQQQ-historical_nav.csv,ProShares official daily NAV file
2021-01-26,402200000.0,25.851375,https://accounts.profunds.com/etfdata/ByFund/TQQQ-historical_nav.csv,ProShares official daily NAV file
2021-01-27,411200000.0,23.67865,https://accounts.profunds.com/etfdata/ByFund/TQQQ-historical_nav.csv,ProShares official daily NAV file
2021-01-28,419800000.0,24.155775,https://accounts.profunds.com/etfdata/ByFund/TQQQ-historical_nav.csv,ProShares official daily NAV file
2021-01-29,426200000.0,22.6447,https://accounts.profunds.com/etfdata/ByFund/TQQQ-historical_nav.csv,ProShares official daily NAV file
2021-02-01,426600000.0,24.34145,https://accounts.profunds.com/etfdata/ByFund/TQQQ-historical_nav.csv,ProShares official daily NAV file
2021-02-02,426600000.0,25.483175,https://accounts.profunds.com/etfdata/ByFund/TQQQ-historical_nav.csv,ProShares official daily NAV file
2021-02-03,427400000.0,25.175975,https://accounts.profunds.com/etfdata/ByFund/TQQQ-historical_nav.csv,ProShares official daily NAV file
2021-02-04,426800000.0,26.076275,https://accounts.profunds.com/etfdata/ByFund/TQQQ-historical_nav.csv,ProShares official daily NAV file
2021-02-05,417200000.0,26.3373,https://accounts.profunds.com/etfdata/ByFund/TQQQ-historical_nav.csv,ProShares official daily NAV file
2021-02-08,414600000.0,26.863,https://accounts.profunds.com/etfdata/ByFund/TQQQ-historical_nav.csv,ProShares official daily NAV file
2021-02-09,411000000.0,26.818025,https://accounts.profunds.com/etfdata/ByFund/TQQQ-historical_nav.csv,ProShares official daily NAV file
2021-02-10,411000000.0,26.628825,https://accounts.profunds.com/etfdata/ByFund/TQQQ-historical_nav.csv,ProShares official daily NAV file
2021-02-11,408200000.0,27.094475,https://accounts.profunds.com/etfdata/ByFund/TQQQ-historical_nav.csv,ProShares official daily NAV file
2021-02-12,404400000.0,27.52795,https://accounts.profunds.com/etfdata/ByFund/TQQQ-historical_nav.csv,ProShares official daily NAV file
2021-02-16,402800000.0,27.320475,https://accounts.profunds.com/etfdata/ByFund/TQQQ-historical_nav.csv,ProShares official daily NAV file
2021-02-17,405000000.0,26.9003,https://accounts.profunds.com/etfdata/ByFund/TQQQ-historical_nav.csv,ProShares official daily NAV file
2021-02-18,406800000.0,26.53305,https://accounts.profunds.com/etfdata/ByFund/TQQQ-historical_nav.csv,ProShares official daily NAV file
2021-02-19,407600000.0,26.20085,https://accounts.profunds.com/etfdata/ByFund/TQQQ-historical_nav.csv,ProShares official daily NAV file
2021-02-22,416400000.0,24.132075,https://accounts.profunds.com/etfdata/ByFund/TQQQ-historical_nav.csv,ProShares official daily NAV file
2021-02-23,439600000.0,23.971025,https://accounts.profunds.com/etfdata/ByFund/TQQQ-historical_nav.csv,ProShares official daily NAV file
2021-02-24,449600000.0,24.556375,https://accounts.profunds.com/etfdata/ByFund/TQQQ-historical_nav.csv,ProShares official daily NAV file
2021-02-25,461000000.0,21.932025,https://accounts.profunds.com/etfdata/ByFund/TQQQ-historical_nav.csv,ProShares official daily NAV file
2021-02-26,471600000.0,22.347375,https://accounts.profunds.com/etfdata/ByFund/TQQQ-historical_nav.csv,ProShares official daily NAV file
2021-03-01,467000000.0,24.283175,https://accounts.profunds.com/etfdata/ByFund/TQQQ-historical_nav.csv,ProShares official daily NAV file
2021-03-02,465400000.0,23.058475,https://accounts.profunds.com/etfdata/ByFund/TQQQ-historical_nav.csv,ProShares official daily NAV file
2021-03-03,479800000.0,21.066225,https://accounts.profunds.com/etfdata/ByFund/TQQQ-historical_nav.csv,ProShares official daily NAV file
2021-03-04,490400000.0,19.97795,https://accounts.profunds.com/etfdata/ByFund/TQQQ-historical_nav.csv,ProShares official daily NAV file
2021-03-05,493800000.0,20.9617,https://accounts.profunds.com/etfdata/ByFund/TQQQ-historical_nav.csv,ProShares official daily NAV file
2021-03-08,495400000.0,19.1251,https://accounts.profunds.com/etfdata/ByFund/TQQQ-historical_nav.csv,ProShares official daily NAV file
2021-03-09,493800000.0,21.435875,https://accounts.profunds.com/etfdata/ByFund/TQQQ-historical_nav.csv,ProShares official daily NAV file
2021-03-10,490800000.0,21.220875,https://accounts.profunds.com/etfdata/ByFund/TQQQ-historical_nav.csv,ProShares official daily NAV file
2021-03-11,494000000.0,22.724825,https://accounts.profunds.com/etfdata/ByFund/TQQQ-historical_nav.csv,ProShares official daily NAV file
2021-03-12,494800000.0,22.12655,https://accounts.profunds.com/etfdata/ByFund/TQQQ-historical_nav.csv,ProShares official daily NAV file
2021-03-15,492800000.0,22.8696,https://accounts.profunds.com/etfdata/ByFund/TQQQ-historical_nav.csv,ProShares official daily NAV file
2021-03-16,486800000.0,23.234875,https://accounts.profunds.com/etfdata/ByFund/TQQQ-historical_nav.csv,ProShares official daily NAV file
2021-03-17,487800000.0,23.498925,https://accounts.profunds.com/etfdata/ByFund/TQQQ-historical_nav.csv,ProShares official daily NAV file
2021-03-18,494400000.0,21.28945,https://accounts.profunds.com/etfdata/ByFund/TQQQ-historical_nav.csv,ProShares official daily NAV file
2021-03-19,506600000.0,21.68375,https://accounts.profunds.com/etfdata/ByFund/TQQQ-historical_nav.csv,ProShares official daily NAV file
2021-03-22,497800000.0,22.791175,https://accounts.profunds.com/etfdata/ByFund/TQQQ-historical_nav.csv,ProShares official daily NAV file
2021-03-23,495800000.0,22.430775,https://accounts.profunds.com/etfdata/ByFund/TQQQ-historical_nav.csv,ProShares official daily NAV file
2021-03-24,495800000.0,21.297925,https://accounts.profunds.com/etfdata/ByFund/TQQQ-historical_nav.csv,ProShares official daily NAV file
2021-03-25,498400000.0,21.203075,https://accounts.profunds.com/etfdata/ByFund/TQQQ-historical_nav.csv,ProShares official daily NAV file
2021-03-26,496800000.0,22.190325,https://accounts.profunds.com/etfdata/ByFund/TQQQ-historical_nav.csv,ProShares official daily NAV file
2021-03-29,494000000.0,22.118325,https://accounts.profunds.com/etfdata/ByFund/TQQQ-historical_nav.csv,ProShares official daily NAV file
2021-03-30,495200000.0,21.765375,https://accounts.profunds.com/etfdata/ByFund/TQQQ-historical_nav.csv,ProShares official daily NAV file
2021-03-31,493400000.0,22.751075,https://accounts.profunds.com/etfdata/ByFund/TQQQ-historical_nav.csv,ProShares official daily NAV file
2021-04-01,481800000.0,23.99015,https://accounts.profunds.com/etfdata/ByFund/TQQQ-historical_nav.csv,ProShares official daily NAV file
2021-04-05,478800000.0,25.44635,https://accounts.profunds.com/etfdata/ByFund/TQQQ-historical_nav.csv,ProShares official daily NAV file
2021-04-06,473200000.0,25.341075,https://accounts.profunds.com/etfdata/ByFund/TQQQ-historical_nav.csv,ProShares official daily NAV file
2021-04-07,472400000.0,25.5533,https://accounts.profunds.com/etfdata/ByFund/TQQQ-historical_nav.csv,ProShares official daily NAV file
2021-04-08,466200000.0,26.348775,https://accounts.profunds.com/etfdata/ByFund/TQQQ-historical_nav.csv,ProShares official daily NAV file
2021-04-09,455600000.0,26.8443,https://accounts.profunds.com/etfdata/ByFund/TQQQ-historical_nav.csv,ProShares official daily NAV file
2021-04-12,452600000.0,26.6921,https://accounts.profunds.com/etfdata/ByFund/TQQQ-historical_nav.csv,ProShares official daily NAV file
2021-04-13,452000000.0,27.65885,https://accounts.profunds.com/etfdata/ByFund/TQQQ-historical_nav.csv,ProShares official daily NAV file
2021-04-14,448400000.0,26.576925,https://accounts.profunds.com/etfdata/ByFund/TQQQ-historical_nav.csv,ProShares official daily NAV file
2021-04-15,444800000.0,27.856325,https://accounts.profunds.com/etfdata/ByFund/TQQQ-historical_nav.csv,ProShares official daily NAV file
2021-04-16,441600000.0,27.948075,https://accounts.profunds.com/etfdata/ByFund/TQQQ-historical_nav.csv,ProShares official daily NAV file
2021-04-19,433400000.0,27.14335,https://accounts.profunds.com/etfdata/ByFund/TQQQ-historical_nav.csv,ProShares official daily NAV file
2021-04-20,433200000.0,26.564775,https://accounts.profunds.com/etfdata/ByFund/TQQQ-historical_nav.csv,ProShares official daily NAV file
2021-04-21,435400000.0,27.28915,https://accounts.profunds.com/etfdata/ByFund/TQQQ-historical_nav.csv,ProShares official daily NAV file
2021-04-22,436200000.0,26.2713,https://accounts.profunds.com/etfdata/ByFund/TQQQ-historical_nav.csv,ProShares official daily NAV file
2021-04-23,432400000.0,27.29565,https://accounts.profunds.com/etfdata/ByFund/TQQQ-historical_nav.csv,ProShares official daily NAV file
2021-04-26,435400000.0,27.789475,https://accounts.profunds.com/etfdata/ByFund/TQQQ-historical_nav.csv,ProShares official daily NAV file
2021-04-27,436200000.0,27.397125,https://accounts.profunds.com/etfdata/ByFund/TQQQ-historical_nav.csv,ProShares official daily NAV file
2021-04-28,436200000.0,27.04995,https://accounts.profunds.com/etfdata/ByFund/TQQQ-historical_nav.csv,ProShares official daily NAV file
2021-04-29,435400000.0,27.4482,https://accounts.profunds.com/etfdata/ByFund/TQQQ-historical_nav.csv,ProShares official daily NAV file
2021-04-30,437200000.0,26.807875,https://accounts.profunds.com/etfdata/ByFund/TQQQ-historical_nav.csv,ProShares official daily NAV file
2021-05-03,437600000.0,26.45135,https://accounts.profunds.com/etfdata/ByFund/TQQQ-historical_nav.csv,ProShares official daily NAV file
2021-05-04,445800000.0,24.9831,https://accounts.profunds.com/etfdata/ByFund/TQQQ-historical_nav.csv,ProShares official daily NAV file
2021-05-05,444800000.0,24.75245,https://accounts.profunds.com/etfdata/ByFund/TQQQ-historical_nav.csv,ProShares official daily NAV file
2021-05-06,448400000.0,25.36395,https://accounts.profunds.com/etfdata/ByFund/TQQQ-historical_nav.csv,ProShares official daily NAV file
2021-05-07,445000000.0,25.971525,https://accounts.profunds.com/etfdata/ByFund/TQQQ-historical_nav.csv,ProShares official daily NAV file
2021-05-10,451600000.0,23.921875,https://accounts.profunds.com/etfdata/ByFund/TQQQ-historical_nav.csv,ProShares official daily NAV file
2021-05-11,462200000.0,23.879475,https://accounts.profunds.com/etfdata/ByFund/TQQQ-historical_nav.csv,ProShares official daily NAV file
2021-05-12,474400000.0,22.005225,https://accounts.profunds.com/etfdata/ByFund/TQQQ-historical_nav.csv,ProShares official daily NAV file
2021-05-13,479200000.0,22.549475,https://accounts.profunds.com/etfdata/ByFund/TQQQ-historical_nav.csv,ProShares official daily NAV file
2021-05-14,477600000.0,24.019475,https://accounts.profunds.com/etfdata/ByFund/TQQQ-historical_nav.csv,ProShares official daily NAV file
2021-05-17,475800000.0,23.584925,https://accounts.profunds.com/etfdata/ByFund/TQQQ-historical_nav.csv,ProShares official daily NAV file
2021-05-18,475000000.0,23.077725,https://accounts.profunds.com/etfdata/ByFund/TQQQ-historical_nav.csv,ProShares official daily NAV file
2021-05-19,483400000.0,23.198375,https://accounts.profunds.com/etfdata/ByFund/TQQQ-historical_nav.csv,ProShares official daily NAV file
2021-05-20,483000000.0,24.54475,https://accounts.profunds.com/etfdata/ByFund/TQQQ-historical_nav.csv,ProShares official daily NAV file
2021-05-21,480800000.0,24.09365,https://accounts.profunds.com/etfdata/ByFund/TQQQ-historical_nav.csv,ProShares official daily NAV file
2021-05-24,477800000.0,25.33065,https://accounts.profunds.com/etfdata/ByFund/TQQQ-historical_nav.csv,ProShares official daily NAV file
2021-05-25,475800000.0,25.418425,https://accounts.profunds.com/etfdata/ByFund/TQQQ-historical_nav.csv,ProShares official daily NAV file
2021-05-26,476000000.0,25.669475,https://accounts.profunds.com/etfdata/ByFund/TQQQ-historical_nav.csv,ProShares official daily NAV file
2021-05-27,475000000.0,25.41985,https://accounts.profunds.com/etfdata/ByFund/TQQQ-historical_nav.csv,ProShares official daily NAV file
2021-05-28,471600000.0,25.57825,https://accounts.profunds.com/etfdata/ByFund/TQQQ-historical_nav.csv,ProShares official daily NAV file
2021-06-01,462600000.0,25.395475,https://accounts.profunds.com/etfdata/ByFund/TQQQ-historical_nav.csv,ProShares official daily NAV file
2021-06-02,462200000.0,25.5178,https://accounts.profunds.com/etfdata/ByFund/TQQQ-historical_nav.csv,ProShares official daily NAV file
2021-06-03,462400000.0,24.705625,https://accounts.profunds.com/etfdata/ByFund/TQQQ-historical_nav.csv,ProShares official daily NAV file
2021-06-04,455800000.0,26.024375,https://accounts.profunds.com/etfdata/ByFund/TQQQ-historical_nav.csv,ProShares official daily NAV file
2021-06-07,454000000.0,26.2045,https://accounts.profunds.com/etfdata/ByFund/TQQQ-historical_nav.csv,ProShares official daily NAV file
2021-06-08,452400000.0,26.248275,https://accounts.profunds.com/etfdata/ByFund/TQQQ-historical_nav.csv,ProShares official daily NAV file
2021-06-09,450000000.0,26.270325,https://accounts.profunds.com/etfdata/ByFund/TQQQ-historical_nav.csv,ProShares official daily NAV file
2021-06-10,446800000.0,27.0989,https://accounts.profunds.com/etfdata/ByFund/TQQQ-historical_nav.csv,ProShares official daily NAV file
2021-06-11,443600000.0,27.318025,https://accounts.profunds.com/etfdata/ByFund/TQQQ-historical_nav.csv,ProShares official daily NAV file
2021-06-14,430800000.0,28.0835,https://accounts.profunds.com/etfdata/ByFund/TQQQ-historical_nav.csv,ProShares official daily NAV file
2021-06-15,422600000.0,27.499725,https://accounts.profunds.com/etfdata/ByFund/TQQQ-historical_nav.csv,ProShares official daily NAV file
2021-06-16,418800000.0,27.2191,https://accounts.profunds.com/etfdata/ByFund/TQQQ-historical_nav.csv,ProShares official daily NAV file
2021-06-17,418200000.0,28.271425,https://accounts.profunds.com/etfdata/ByFund/TQQQ-historical_nav.csv,ProShares official daily NAV file
2021-06-18,412000000.0,27.58545,https://accounts.profunds.com/etfdata/ByFund/TQQQ-historical_nav.csv,ProShares official daily NAV file
2021-06-21,411600000.0,28.1074,https://accounts.profunds.com/etfdata/ByFund/TQQQ-historical_nav.csv,ProShares official daily NAV file
2021-06-22,410800000.0,28.899825,https://accounts.profunds.com/etfdata/ByFund/TQQQ-historical_nav.csv,ProShares official daily NAV file
2021-06-23,409800000.0,28.921175,https://accounts.profunds.com/etfdata/ByFund/TQQQ-historical_nav.csv,ProShares official daily NAV file
2021-06-24,412400000.0,29.474775,https://accounts.profunds.com/etfdata/ByFund/TQQQ-historical_nav.csv,ProShares official daily NAV file
2021-06-25,406200000.0,29.34585,https://accounts.profunds.com/etfdata/ByFund/TQQQ-historical_nav.csv,ProShares official daily NAV file
2021-06-28,405000000.0,30.445475,https://accounts.profunds.com/etfdata/ByFund/TQQQ-historical_nav.csv,ProShares official daily NAV file
2021-06-29,405000000.0,30.746525,https://accounts.profunds.com/etfdata/ByFund/TQQQ-historical_nav.csv,ProShares official daily NAV file
2021-06-30,405800000.0,30.633125,https://accounts.profunds.com/etfdata/ByFund/TQQQ-historical_nav.csv,ProShares official daily NAV file
2021-07-01,405000000.0,30.660625,https://accounts.profunds.com/etfdata/ByFund/TQQQ-historical_nav.csv,ProShares official daily NAV file
2021-07-02,395000000.0,31.727575,https://accounts.profunds.com/etfdata/ByFund/TQQQ-historical_nav.csv,ProShares official daily NAV file
2021-07-06,394000000.0,32.11045,https://accounts.profunds.com/etfdata/ByFund/TQQQ-historical_nav.csv,ProShares official daily NAV file
2021-07-07,393000000.0,32.266225,https://accounts.profunds.com/etfdata/ByFund/TQQQ-historical_nav.csv,ProShares official daily NAV file
2021-07-08,396800000.0,31.6843,https://accounts.profunds.com/etfdata/ByFund/TQQQ-historical_nav.csv,ProShares official daily NAV file
2021-07-09,394200000.0,32.3538,https://accounts.profunds.com/etfdata/ByFund/TQQQ-historical_nav.csv,ProShares official daily NAV file
2021-07-12,395600000.0,32.69025,https://accounts.profunds.com/etfdata/ByFund/TQQQ-historical_nav.csv,ProShares official daily NAV file
2021-07-13,398800000.0,32.665875,https://accounts.profunds.com/etfdata/ByFund/TQQQ-historical_nav.csv,ProShares official daily NAV file
2021-07-14,397600000.0,32.8346,https://accounts.profunds.com/etfdata/ByFund/TQQQ-historical_nav.csv,ProShares official daily NAV file
2021-07-15,399600000.0,32.131325,https://accounts.profunds.com/etfdata/ByFund/TQQQ-historical_nav.csv,ProShares official daily NAV file
2021-07-16,398200000.0,31.39035,https://accounts.profunds.com/etfdata/ByFund/TQQQ-historical_nav.csv,ProShares official daily NAV file
2021-07-19,399200000.0,30.53865,https://accounts.profunds.com/etfdata/ByFund/TQQQ-historical_nav.csv,ProShares official daily NAV file
2021-07-20,403000000.0,31.6654,https://accounts.profunds.com/etfdata/ByFund/TQQQ-historical_nav.csv,ProShares official daily NAV file
2021-07-21,404800000.0,32.398275,https://accounts.profunds.com/etfdata/ByFund/TQQQ-historical_nav.csv,ProShares official daily NAV file
2021-07-22,404600000.0,33.0333,https://accounts.profunds.com/etfdata/ByFund/TQQQ-historical_nav.csv,ProShares official daily NAV file
2021-07-23,400800000.0,34.175275,https://accounts.profunds.com/etfdata/ByFund/TQQQ-historical_nav.csv,ProShares official daily NAV file
2021-07-26,401600000.0,34.2701,https://accounts.profunds.com/etfdata/ByFund/TQQQ-historical_nav.csv,ProShares official daily NAV file
2021-07-27,408200000.0,33.119175,https://accounts.profunds.com/etfdata/ByFund/TQQQ-historical_nav.csv,ProShares official daily NAV file
2021-07-28,406200000.0,33.52385,https://accounts.profunds.com/etfdata/ByFund/TQQQ-historical_nav.csv,ProShares official daily NAV file
2021-07-29,406400000.0,33.723125,https://accounts.profunds.com/etfdata/ByFund/TQQQ-historical_nav.csv,ProShares official daily NAV file
2021-07-30,405000000.0,33.1301,https://accounts.profunds.com/etfdata/ByFund/TQQQ-historical_nav.csv,ProShares official daily NAV file
2021-08-02,408400000.0,33.14915,https://accounts.profunds.com/etfdata/ByFund/TQQQ-historical_nav.csv,ProShares official daily NAV file
2021-08-03,407200000.0,33.7959,https://accounts.profunds.com/etfdata/ByFund/TQQQ-historical_nav.csv,ProShares official daily NAV file
2021-08-04,405000000.0,33.943325,https://accounts.profunds.com/etfdata/ByFund/TQQQ-historical_nav.csv,ProShares official daily NAV file
2021-08-05,401400000.0,34.6109,https://accounts.profunds.com/etfdata/ByFund/TQQQ-historical_nav.csv,ProShares official daily NAV file
2021-08-06,396400000.0,34.131075,https://accounts.profunds.com/etfdata/ByFund/TQQQ-historical_nav.csv,ProShares official daily NAV file
2021-08-09,396200000.0,34.292675,https://accounts.profunds.com/etfdata/ByFund/TQQQ-historical_nav.csv,ProShares official daily NAV file
2021-08-10,397200000.0,33.7495,https://accounts.profunds.com/etfdata/ByFund/TQQQ-historical_nav.csv,ProShares official daily NAV file
2021-08-11,401200000.0,33.5775,https://accounts.profunds.com/etfdata/ByFund/TQQQ-historical_nav.csv,ProShares official daily NAV file
2021-08-12,401600000.0,33.99025,https://accounts.profunds.com/etfdata/ByFund/TQQQ-historical_nav.csv,ProShares official daily NAV file
2021-08-13,401000000.0,34.311425,https://accounts.profunds.com/etfdata/ByFund/TQQQ-historical_nav.csv,ProShares official daily NAV file
2021-08-16,400800000.0,34.344375,https://accounts.profunds.com/etfdata/ByFund/TQQQ-historical_nav.csv,ProShares official daily NAV file
2021-08-17,401000000.0,33.404875,https://accounts.profunds.com/etfdata/ByFund/TQQQ-historical_nav.csv,ProShares official daily NAV file
2021-08-18,403800000.0,32.452425,https://accounts.profunds.com/etfdata/ByFund/TQQQ-historical_nav.csv,ProShares official daily NAV file
2021-08-19,405000000.0,32.951425,https://accounts.profunds.com/etfdata/ByFund/TQQQ-historical_nav.csv,ProShares official daily NAV file
2021-08-20,400800000.0,33.9989,https://accounts.profunds.com/etfdata/ByFund/TQQQ-historical_nav.csv,ProShares official daily NAV file
2021-08-23,393800000.0,35.4829,https://accounts.profunds.com/etfdata/ByFund/TQQQ-historical_nav.csv,ProShares official daily NAV file
2021-08-24,394400000.0,35.7944,https://accounts.profunds.com/etfdata/ByFund/TQQQ-historical_nav.csv,ProShares official daily NAV file
2021-08-25,394600000.0,35.87165,https://accounts.profunds.com/etfdata/ByFund/TQQQ-historical_nav.csv,ProShares official daily NAV file
2021-08-26,396400000.0,35.23565,https://accounts.profunds.com/etfdata/ByFund/TQQQ-historical_nav.csv,ProShares official daily NAV file
2021-08-27,392000000.0,36.301525,https://accounts.profunds.com/etfdata/ByFund/TQQQ-historical_nav.csv,ProShares official daily NAV file
2021-08-30,391800000.0,37.5135,https://accounts.profunds.com/etfdata/ByFund/TQQQ-historical_nav.csv,ProShares official daily NAV file
2021-08-31,391800000.0,37.356075,https://accounts.profunds.com/etfdata/ByFund/TQQQ-historical_nav.csv,ProShares official daily NAV file
2021-09-01,393800000.0,37.5683,https://accounts.profunds.com/etfdata/ByFund/TQQQ-historical_nav.csv,ProShares official daily NAV file
2021-09-02,396400000.0,37.519925,https://accounts.profunds.com/etfdata/ByFund/TQQQ-historical_nav.csv,ProShares official daily NAV file
2021-09-03,396000000.0,37.86915,https://accounts.profunds.com/etfdata/ByFund/TQQQ-historical_nav.csv,ProShares official daily NAV file
2021-09-07,395600000.0,38.030325,https://accounts.profunds.com/etfdata/ByFund/TQQQ-historical_nav.csv,ProShares official daily NAV file
2021-09-08,397600000.0,37.62805,https://accounts.profunds.com/etfdata/ByFund/TQQQ-historical_nav.csv,ProShares official daily NAV file
2021-09-09,398000000.0,37.1936,https://accounts.profunds.com/etfdata/ByFund/TQQQ-historical_nav.csv,ProShares official daily NAV file
2021-09-10,399400000.0,36.328725,https://accounts.profunds.com/etfdata/ByFund/TQQQ-historical_nav.csv,ProShares official daily NAV file
2021-09-13,400200000.0,36.281,https://accounts.profunds.com/etfdata/ByFund/TQQQ-historical_nav.csv,ProShares official daily NAV file
2021-09-14,406000000.0,35.924525,https://accounts.profunds.com/etfdata/ByFund/TQQQ-historical_nav.csv,ProShares official daily NAV file
2021-09-15,407200000.0,36.767225,https://accounts.profunds.com/etfdata/ByFund/TQQQ-historical_nav.csv,ProShares official daily NAV file
2021-09-16,410400000.0,36.85015,https://accounts.profunds.com/etfdata/ByFund/TQQQ-historical_nav.csv,ProShares official daily NAV file
2021-09-17,420600000.0,35.5479,https://accounts.profunds.com/etfdata/ByFund/TQQQ-historical_nav.csv,ProShares official daily NAV file
2021-09-20,440800000.0,33.310375,https://accounts.profunds.com/etfdata/ByFund/TQQQ-historical_nav.csv,ProShares official daily NAV file
2021-09-21,439000000.0,33.4222,https://accounts.profunds.com/etfdata/ByFund/TQQQ-historical_nav.csv,ProShares official daily NAV file
2021-09-22,438200000.0,34.411225,https://accounts.profunds.com/etfdata/ByFund/TQQQ-historical_nav.csv,ProShares official daily NAV file
2021-09-23,440000000.0,35.358925,https://accounts.profunds.com/etfdata/ByFund/TQQQ-historical_nav.csv,ProShares official daily NAV file
2021-09-24,439800000.0,35.44795,https://accounts.profunds.com/etfdata/ByFund/TQQQ-historical_nav.csv,ProShares official daily NAV file
2021-09-27,444400000.0,34.5796,https://accounts.profunds.com/etfdata/ByFund/TQQQ-historical_nav.csv,ProShares official daily NAV file
2021-09-28,471600000.0,31.61335,https://accounts.profunds.com/etfdata/ByFund/TQQQ-historical_nav.csv,ProShares official daily NAV file
2021-09-29,471400000.0,31.501825,https://accounts.profunds.com/etfdata/ByFund/TQQQ-historical_nav.csv,ProShares official daily NAV file
2021-09-30,473200000.0,31.09505,https://accounts.profunds.com/etfdata/ByFund/TQQQ-historical_nav.csv,ProShares official daily NAV file
2021-10-01,479800000.0,31.74035,https://accounts.profunds.com/etfdata/ByFund/TQQQ-historical_nav.csv,ProShares official daily NAV file
2021-10-04,504200000.0,29.6905,https://accounts.profunds.com/etfdata/ByFund/TQQQ-historical_nav.csv,ProShares official daily NAV file
2021-10-05,501200000.0,30.93785,https://accounts.profunds.com/etfdata/ByFund/TQQQ-historical_nav.csv,ProShares official daily NAV file
2021-10-06,502400000.0,31.5224,https://accounts.profunds.com/etfdata/ByFund/TQQQ-historical_nav.csv,ProShares official daily NAV file
2021-10-07,499600000.0,32.352425,https://accounts.profunds.com/etfdata/ByFund/TQQQ-historical_nav.csv,ProShares official daily NAV file
2021-10-08,500200000.0,31.8531,https://accounts.profunds.com/etfdata/ByFund/TQQQ-historical_nav.csv,ProShares official daily NAV file
2021-10-11,499600000.0,31.160525,https://accounts.profunds.com/etfdata/ByFund/TQQQ-historical_nav.csv,ProShares official daily NAV file
2021-10-12,502800000.0,30.83105,https://accounts.profunds.com/etfdata/ByFund/TQQQ-historical_nav.csv,ProShares official daily NAV file
2021-10-13,501200000.0,31.5384,https://accounts.profunds.com/etfdata/ByFund/TQQQ-historical_nav.csv,ProShares official daily NAV file
2021-10-14,498400000.0,33.312375,https://accounts.profunds.com/etfdata/ByFund/TQQQ-historical_nav.csv,ProShares official daily NAV file
2021-10-15,493200000.0,33.938025,https://accounts.profunds.com/etfdata/ByFund/TQQQ-historical_nav.csv,ProShares official daily NAV file
2021-10-18,492800000.0,34.9699,https://accounts.profunds.com/etfdata/ByFund/TQQQ-historical_nav.csv,ProShares official daily NAV file
2021-10-19,492200000.0,35.7202,https://accounts.profunds.com/etfdata/ByFund/TQQQ-historical_nav.csv,ProShares official daily NAV file
2021-10-20,489200000.0,35.56505,https://accounts.profunds.com/etfdata/ByFund/TQQQ-historical_nav.csv,ProShares official daily NAV file
2021-10-21,488600000.0,36.259875,https://accounts.profunds.com/etfdata/ByFund/TQQQ-historical_nav.csv,ProShares official daily NAV file
2021-10-22,486400000.0,35.311925,https://accounts.profunds.com/etfdata/ByFund/TQQQ-historical_nav.csv,ProShares official daily NAV file
2021-10-25,485800000.0,36.405525,https://accounts.profunds.com/etfdata/ByFund/TQQQ-historical_nav.csv,ProShares official daily NAV file
2021-10-26,477400000.0,36.7232,https://accounts.profunds.com/etfdata/ByFund/TQQQ-historical_nav.csv,ProShares official daily NAV file
2021-10-27,467800000.0,36.9974,https://accounts.profunds.com/etfdata/ByFund/TQQQ-historical_nav.csv,ProShares official daily NAV file
2021-10-28,462800000.0,38.27375,https://accounts.profunds.com/etfdata/ByFund/TQQQ-historical_nav.csv,ProShares official daily NAV file
2021-10-29,451800000.0,38.807775,https://accounts.profunds.com/etfdata/ByFund/TQQQ-historical_nav.csv,ProShares official daily NAV file
2021-11-01,452200000.0,39.206475,https://accounts.profunds.com/etfdata/ByFund/TQQQ-historical_nav.csv,ProShares official daily NAV file
2021-11-02,451400000.0,39.702625,https://accounts.profunds.com/etfdata/ByFund/TQQQ-historical_nav.csv,ProShares official daily NAV file
2021-11-03,446800000.0,40.981625,https://accounts.profunds.com/etfdata/ByFund/TQQQ-historical_nav.csv,ProShares official daily NAV file
2021-11-04,445000000.0,42.523575,https://accounts.profunds.com/etfdata/ByFund/TQQQ-historical_nav.csv,ProShares official daily NAV file
2021-11-05,435600000.0,42.6456,https://accounts.profunds.com/etfdata/ByFund/TQQQ-historical_nav.csv,ProShares official daily NAV file
2021-11-08,437400000.0,42.4581,https://accounts.profunds.com/etfdata/ByFund/TQQQ-historical_nav.csv,ProShares official daily NAV file
2021-11-09,440600000.0,41.55165,https://accounts.profunds.com/etfdata/ByFund/TQQQ-historical_nav.csv,ProShares official daily NAV file
2021-11-10,441400000.0,39.7541,https://accounts.profunds.com/etfdata/ByFund/TQQQ-historical_nav.csv,ProShares official daily NAV file
2021-11-11,442200000.0,40.100575,https://accounts.profunds.com/etfdata/ByFund/TQQQ-historical_nav.csv,ProShares official daily NAV file
2021-11-12,443200000.0,41.362775,https://accounts.profunds.com/etfdata/ByFund/TQQQ-historical_nav.csv,ProShares official daily NAV file
2021-11-15,449600000.0,41.286,https://accounts.profunds.com/etfdata/ByFund/TQQQ-historical_nav.csv,ProShares official daily NAV file
2021-11-16,450600000.0,42.2036,https://accounts.profunds.com/etfdata/ByFund/TQQQ-historical_nav.csv,ProShares official daily NAV file
2021-11-17,451200000.0,42.215425,https://accounts.profunds.com/etfdata/ByFund/TQQQ-historical_nav.csv,ProShares official daily NAV file
2021-11-18,451000000.0,43.567575,https://accounts.profunds.com/etfdata/ByFund/TQQQ-historical_nav.csv,ProShares official daily NAV file
2021-11-19,443400000.0,44.282025,https://accounts.profunds.com/etfdata/ByFund/TQQQ-historical_nav.csv,ProShares official daily NAV file
2021-11-22,442400000.0,42.735725,https://accounts.profunds.com/etfdata/ByFund/TQQQ-historical_nav.csv,ProShares official daily NAV file
2021-11-23,449400000.0,42.151425,https://accounts.profunds.com/etfdata/ByFund/TQQQ-historical_nav.csv,ProShares official daily NAV file
2021-11-24,452400000.0,42.6219,https://accounts.profunds.com/etfdata/ByFund/TQQQ-historical_nav.csv,ProShares official daily NAV file
2021-11-26,453600000.0,39.95205,https://accounts.profunds.com/etfdata/ByFund/TQQQ-historical_nav.csv,ProShares official daily NAV file
2021-11-29,454400000.0,42.732875,https://accounts.profunds.com/etfdata/ByFund/TQQQ-historical_nav.csv,ProShares official daily NAV file
2021-11-30,456800000.0,40.6791,https://accounts.profunds.com/etfdata/ByFund/TQQQ-historical_nav.csv,ProShares official daily NAV file
2021-12-01,462600000.0,38.722975,https://accounts.profunds.com/etfdata/ByFund/TQQQ-historical_nav.csv,ProShares official daily NAV file
2021-12-02,468800000.0,39.559675,https://accounts.profunds.com/etfdata/ByFund/TQQQ-historical_nav.csv,ProShares official daily NAV file
2021-12-03,507000000.0,37.489675,https://accounts.profunds.com/etfdata/ByFund/TQQQ-historical_nav.csv,ProShares official daily NAV file
2021-12-06,495000000.0,38.4439,https://accounts.profunds.com/etfdata/ByFund/TQQQ-historical_nav.csv,ProShares official daily NAV file
2021-12-07,487600000.0,41.930075,https://accounts.profunds.com/etfdata/ByFund/TQQQ-historical_nav.csv,ProShares official daily NAV file
2021-12-08,485800000.0,42.456975,https://accounts.profunds.com/etfdata/ByFund/TQQQ-historical_nav.csv,ProShares official daily NAV file
2021-12-09,487000000.0,40.552275,https://accounts.profunds.com/etfdata/ByFund/TQQQ-historical_nav.csv,ProShares official daily NAV file
2021-12-10,486200000.0,41.922875,https://accounts.profunds.com/etfdata/ByFund/TQQQ-historical_nav.csv,ProShares official daily NAV file
2021-12-13,486400000.0,39.996425,https://accounts.profunds.com/etfdata/ByFund/TQQQ-historical_nav.csv,ProShares official daily NAV file
2021-12-14,493800000.0,38.7525,https://accounts.profunds.com/etfdata/ByFund/TQQQ-historical_nav.csv,ProShares official daily NAV file
2021-12-15,502200000.0,41.486575,https://accounts.profunds.com/etfdata/ByFund/TQQQ-historical_nav.csv,ProShares official daily NAV file
2021-12-16,505600000.0,38.2272,https://accounts.profunds.com/etfdata/ByFund/TQQQ-historical_nav.csv,ProShares official daily NAV file
2021-12-17,514600000.0,37.771625,https://accounts.profunds.com/etfdata/ByFund/TQQQ-historical_nav.csv,ProShares official daily NAV file
2021-12-20,528200000.0,36.520225,https://accounts.profunds.com/etfdata/ByFund/TQQQ-historical_nav.csv,ProShares official daily NAV file
2021-12-21,524400000.0,39.046725,https://accounts.profunds.com/etfdata/ByFund/TQQQ-historical_nav.csv,ProShares official daily NAV file
2021-12-22,518600000.0,40.458275,https://accounts.profunds.com/etfdata/ByFund/TQQQ-historical_nav.csv,ProShares official daily NAV file
2021-12-23,517200000.0,41.41615,https://accounts.profunds.com/etfdata/ByFund/TQQQ-historical_nav.csv,ProShares official daily NAV file
2021-12-27,503400000.0,43.38565,https://accounts.profunds.com/etfdata/ByFund/TQQQ-historical_nav.csv,ProShares official daily NAV file
2021-12-28,499000000.0,42.76385,https://accounts.profunds.com/etfdata/ByFund/TQQQ-historical_nav.csv,ProShares official daily NAV file
2021-12-29,497200000.0,42.778725,https://accounts.profunds.com/etfdata/ByFund/TQQQ-historical_nav.csv,ProShares official daily NAV file
2021-12-30,498000000.0,42.294375,https://accounts.profunds.com/etfdata/ByFund/TQQQ-historical_nav.csv,ProShares official daily NAV file
2021-12-31,489800000.0,41.4503,https://accounts.profunds.com/etfdata/ByFund/TQQQ-historical_nav.csv,ProShares official daily NAV file
2022-01-03,487000000.0,42.827625,https://accounts.profunds.com/etfdata/ByFund/TQQQ-historical_nav.csv,ProShares official daily NAV file
2022-01-04,490600000.0,41.119575,https://accounts.profunds.com/etfdata/ByFund/TQQQ-historical_nav.csv,ProShares official daily NAV file
2022-01-05,499800000.0,37.2694,https://accounts.profunds.com/etfdata/ByFund/TQQQ-historical_nav.csv,ProShares official daily NAV file
2022-01-06,517800000.0,37.21735,https://accounts.profunds.com/etfdata/ByFund/TQQQ-historical_nav.csv,ProShares official daily NAV file
2022-01-07,532400000.0,35.988675,https://accounts.profunds.com/etfdata/ByFund/TQQQ-historical_nav.csv,ProShares official daily NAV file
2022-01-10,548400000.0,36.13925,https://accounts.profunds.com/etfdata/ByFund/TQQQ-historical_nav.csv,ProShares official daily NAV file
2022-01-11,549400000.0,37.7305,https://accounts.profunds.com/etfdata/ByFund/TQQQ-historical_nav.csv,ProShares official daily NAV file
2022-01-12,545400000.0,38.16225,https://accounts.profunds.com/etfdata/ByFund/TQQQ-historical_nav.csv,ProShares official daily NAV file
2022-01-13,544500000.0,35.2091,https://accounts.profunds.com/etfdata/ByFund/TQQQ-historical_nav.csv,ProShares official daily NAV file
2022-01-14,545700000.0,35.99435,https://accounts.profunds.com/etfdata/ByFund/TQQQ-historical_nav.csv,ProShares official daily NAV file
2022-01-18,549600000.0,33.2193,https://accounts.profunds.com/etfdata/ByFund/TQQQ-historical_nav.csv,ProShares official daily NAV file
2022-01-19,557200000.0,32.14665,https://accounts.profunds.com/etfdata/ByFund/TQQQ-historical_nav.csv,ProShares official daily NAV file
2022-01-20,557400000.0,30.85305,https://accounts.profunds.com/etfdata/ByFund/TQQQ-historical_nav.csv,ProShares official daily NAV file
2022-01-21,566700000.0,28.3057,https://accounts.profunds.com/etfdata/ByFund/TQQQ-historical_nav.csv,ProShares official daily NAV file
2022-01-24,593400000.0,28.72135,https://accounts.profunds.com/etfdata/ByFund/TQQQ-historical_nav.csv,ProShares official daily NAV file
2022-01-25,593300000.0,26.57835,https://accounts.profunds.com/etfdata/ByFund/TQQQ-historical_nav.csv,ProShares official daily NAV file
2022-01-26,592500000.0,26.70735,https://accounts.profunds.com/etfdata/ByFund/TQQQ-historical_nav.csv,ProShares official daily NAV file
2022-01-27,596300000.0,25.74315,https://accounts.profunds.com/etfdata/ByFund/TQQQ-historical_nav.csv,ProShares official daily NAV file
2022-01-28,595000000.0,28.23765,https://accounts.profunds.com/etfdata/ByFund/TQQQ-historical_nav.csv,ProShares official daily NAV file
2022-01-31,597500000.0,31.01965,https://accounts.profunds.com/etfdata/ByFund/TQQQ-historical_nav.csv,ProShares official daily NAV file
2022-02-01,597500000.0,31.577,https://accounts.profunds.com/etfdata/ByFund/TQQQ-historical_nav.csv,ProShares official daily NAV file
2022-02-02,596100000.0,32.3319,https://accounts.profunds.com/etfdata/ByFund/TQQQ-historical_nav.csv,ProShares official daily NAV file
2022-02-03,598600000.0,28.2409,https://accounts.profunds.com/etfdata/ByFund/TQQQ-historical_nav.csv,ProShares official daily NAV file
2022-02-04,605200000.0,29.3895,https://accounts.profunds.com/etfdata/ByFund/TQQQ-historical_nav.csv,ProShares official daily NAV file
2022-02-07,604000000.0,28.64715,https://accounts.profunds.com/etfdata/ByFund/TQQQ-historical_nav.csv,ProShares official daily NAV file
2022-02-08,600800000.0,29.6807,https://accounts.profunds.com/etfdata/ByFund/TQQQ-historical_nav.csv,ProShares official daily NAV file
2022-02-09,601300000.0,31.5509,https://accounts.profunds.com/etfdata/ByFund/TQQQ-historical_nav.csv,ProShares official daily NAV file
2022-02-10,604800000.0,29.34395,https://accounts.profunds.com/etfdata/ByFund/TQQQ-historical_nav.csv,ProShares official daily NAV file
2022-02-11,610300000.0,26.63625,https://accounts.profunds.com/etfdata/ByFund/TQQQ-historical_nav.csv,ProShares official daily NAV file
2022-02-14,615200000.0,26.72165,https://accounts.profunds.com/etfdata/ByFund/TQQQ-historical_nav.csv,ProShares official daily NAV file
2022-02-15,610900000.0,28.6996,https://accounts.profunds.com/etfdata/ByFund/TQQQ-historical_nav.csv,ProShares official daily NAV file
2022-02-16,609900000.0,28.61545,https://accounts.profunds.com/etfdata/ByFund/TQQQ-historical_nav.csv,ProShares official daily NAV file
2022-02-17,611800000.0,26.0739,https://accounts.profunds.com/etfdata/ByFund/TQQQ-historical_nav.csv,ProShares official daily NAV file
2022-02-18,623400000.0,25.17665,https://accounts.profunds.com/etfdata/ByFund/TQQQ-historical_nav.csv,ProShares official daily NAV file
2022-02-22,634800000.0,24.42555,https://accounts.profunds.com/etfdata/ByFund/TQQQ-historical_nav.csv,ProShares official daily NAV file
2022-02-23,640400000.0,22.516,https://accounts.profunds.com/etfdata/ByFund/TQQQ-historical_nav.csv,ProShares official daily NAV file
2022-02-24,656600000.0,24.8477,https://accounts.profunds.com/etfdata/ByFund/TQQQ-historical_nav.csv,ProShares official daily NAV file
2022-02-25,652100000.0,25.9908,https://accounts.profunds.com/etfdata/ByFund/TQQQ-historical_nav.csv,ProShares official daily NAV file
2022-02-28,650800000.0,26.25485,https://accounts.profunds.com/etfdata/ByFund/TQQQ-historical_nav.csv,ProShares official daily NAV file
2022-03-01,649100000.0,24.97355,https://accounts.profunds.com/etfdata/ByFund/TQQQ-historical_nav.csv,ProShares official daily NAV file
2022-03-02,648300000.0,26.2473,https://accounts.profunds.com/etfdata/ByFund/TQQQ-historical_nav.csv,ProShares official daily NAV file
2022-03-03,647600000.0,25.09855,https://accounts.profunds.com/etfdata/ByFund/TQQQ-historical_nav.csv,ProShares official daily NAV file
2022-03-04,654800000.0,24.03885,https://accounts.profunds.com/etfdata/ByFund/TQQQ-historical_nav.csv,ProShares official daily NAV file
2022-03-07,659200000.0,21.334,https://accounts.profunds.com/etfdata/ByFund/TQQQ-historical_nav.csv,ProShares official daily NAV file
2022-03-08,665300000.0,21.08315,https://accounts.profunds.com/etfdata/ByFund/TQQQ-historical_nav.csv,ProShares official daily NAV file
2022-03-09,660100000.0,23.3424,https://accounts.profunds.com/etfdata/ByFund/TQQQ-historical_nav.csv,ProShares official daily NAV file
2022-03-10,658300000.0,22.57315,https://accounts.profunds.com/etfdata/ByFund/TQQQ-historical_nav.csv,ProShares official daily NAV file
2022-03-11,657800000.0,21.13035,https://accounts.profunds.com/etfdata/ByFund/TQQQ-historical_nav.csv,ProShares official daily NAV file
2022-03-14,668400000.0,19.91925,https://accounts.profunds.com/etfdata/ByFund/TQQQ-historical_nav.csv,ProShares official daily NAV file
2022-03-15,672000000.0,21.8054,https://accounts.profunds.com/etfdata/ByFund/TQQQ-historical_nav.csv,ProShares official daily NAV file
2022-03-16,667200000.0,24.22495,https://accounts.profunds.com/etfdata/ByFund/TQQQ-historical_nav.csv,ProShares official daily NAV file
2022-03-17,669400000.0,25.063,https://accounts.profunds.com/etfdata/ByFund/TQQQ-historical_nav.csv,ProShares official daily NAV file
2022-03-18,664100000.0,26.6665,https://accounts.profunds.com/etfdata/ByFund/TQQQ-historical_nav.csv,ProShares official daily NAV file
2022-03-21,658900000.0,26.4283,https://accounts.profunds.com/etfdata/ByFund/TQQQ-historical_nav.csv,ProShares official daily NAV file
2022-03-22,659000000.0,27.9608,https://accounts.profunds.com/etfdata/ByFund/TQQQ-historical_nav.csv,ProShares official daily NAV file
2022-03-23,656800000.0,26.775,https://accounts.profunds.com/etfdata/ByFund/TQQQ-historical_nav.csv,ProShares official daily NAV file
2022-03-24,657200000.0,28.53775,https://accounts.profunds.com/etfdata/ByFund/TQQQ-historical_nav.csv,ProShares official daily NAV file
2022-03-25,658000000.0,28.46935,https://accounts.profunds.com/etfdata/ByFund/TQQQ-historical_nav.csv,ProShares official daily NAV file
2022-03-28,656400000.0,29.8145,https://accounts.profunds.com/etfdata/ByFund/TQQQ-historical_nav.csv,ProShares official daily NAV file
2022-03-29,649800000.0,31.31535,https://accounts.profunds.com/etfdata/ByFund/TQQQ-historical_nav.csv,ProShares official daily NAV file
2022-03-30,642300000.0,30.282,https://accounts.profunds.com/etfdata/ByFund/TQQQ-historical_nav.csv,ProShares official daily NAV file
2022-03-31,642800000.0,28.8795,https://accounts.profunds.com/etfdata/ByFund/TQQQ-historical_nav.csv,ProShares official daily NAV file
2022-04-01,649100000.0,29.00305,https://accounts.profunds.com/etfdata/ByFund/TQQQ-historical_nav.csv,ProShares official daily NAV file
2022-04-04,650900000.0,30.74665,https://accounts.profunds.com/etfdata/ByFund/TQQQ-historical_nav.csv,ProShares official daily NAV file
2022-04-05,651800000.0,28.69975,https://accounts.profunds.com/etfdata/ByFund/TQQQ-historical_nav.csv,ProShares official daily NAV file
2022-04-06,653800000.0,26.8272,https://accounts.profunds.com/etfdata/ByFund/TQQQ-historical_nav.csv,ProShares official daily NAV file
2022-04-07,654100000.0,27.00435,https://accounts.profunds.com/etfdata/ByFund/TQQQ-historical_nav.csv,ProShares official daily NAV file
2022-04-08,654900000.0,25.8627,https://accounts.profunds.com/etfdata/ByFund/TQQQ-historical_nav.csv,ProShares official daily NAV file
2022-04-11,659600000.0,24.03585,https://accounts.profunds.com/etfdata/ByFund/TQQQ-historical_nav.csv,ProShares official daily NAV file
2022-04-12,659200000.0,23.77525,https://accounts.profunds.com/etfdata/ByFund/TQQQ-historical_nav.csv,ProShares official daily NAV file
2022-04-13,659200000.0,25.1876,https://accounts.profunds.com/etfdata/ByFund/TQQQ-historical_nav.csv,ProShares official daily NAV file
2022-04-14,660400000.0,23.46225,https://accounts.profunds.com/etfdata/ByFund/TQQQ-historical_nav.csv,ProShares official daily NAV file
2022-04-18,660600000.0,23.54665,https://accounts.profunds.com/etfdata/ByFund/TQQQ-historical_nav.csv,ProShares official daily NAV file
2022-04-19,664900000.0,25.06615,https://accounts.profunds.com/etfdata/ByFund/TQQQ-historical_nav.csv,ProShares official daily NAV file
2022-04-20,668900000.0,23.9424,https://accounts.profunds.com/etfdata/ByFund/TQQQ-historical_nav.csv,ProShares official daily NAV file
2022-04-21,674800000.0,22.51065,https://accounts.profunds.com/etfdata/ByFund/TQQQ-historical_nav.csv,ProShares official daily NAV file
2022-04-22,675900000.0,20.7173,https://accounts.profunds.com/etfdata/ByFund/TQQQ-historical_nav.csv,ProShares official daily NAV file
2022-04-25,692600000.0,21.53585,https://accounts.profunds.com/etfdata/ByFund/TQQQ-historical_nav.csv,ProShares official daily NAV file
2022-04-26,714300000.0,19.036,https://accounts.profunds.com/etfdata/ByFund/TQQQ-historical_nav.csv,ProShares official daily NAV file
2022-04-27,727000000.0,19.0054,https://accounts.profunds.com/etfdata/ByFund/TQQQ-historical_nav.csv,ProShares official daily NAV file
2022-04-28,729600000.0,20.9871,https://accounts.profunds.com/etfdata/ByFund/TQQQ-historical_nav.csv,ProShares official daily NAV file
2022-04-29,737400000.0,18.17265,https://accounts.profunds.com/etfdata/ByFund/TQQQ-historical_nav.csv,ProShares official daily NAV file
2022-05-02,752700000.0,19.1072,https://accounts.profunds.com/etfdata/ByFund/TQQQ-historical_nav.csv,ProShares official daily NAV file
2022-05-03,752800000.0,19.1682,https://accounts.profunds.com/etfdata/ByFund/TQQQ-historical_nav.csv,ProShares official daily NAV file
2022-05-04,760100000.0,21.12405,https://accounts.profunds.com/etfdata/ByFund/TQQQ-historical_nav.csv,ProShares official daily NAV file
2022-05-05,796400000.0,17.9209,https://accounts.profunds.com/etfdata/ByFund/TQQQ-historical_nav.csv,ProShares official daily NAV file
2022-05-06,809900000.0,17.2743,https://accounts.profunds.com/etfdata/ByFund/TQQQ-historical_nav.csv,ProShares official daily NAV file
2022-05-09,810800000.0,15.2079,https://accounts.profunds.com/etfdata/ByFund/TQQQ-historical_nav.csv,ProShares official daily NAV file
2022-05-10,811200000.0,15.7974,https://accounts.profunds.com/etfdata/ByFund/TQQQ-historical_nav.csv,ProShares official daily NAV file
2022-05-11,821600000.0,14.3443,https://accounts.profunds.com/etfdata/ByFund/TQQQ-historical_nav.csv,ProShares official daily NAV file
2022-05-12,827800000.0,14.26565,https://accounts.profunds.com/etfdata/ByFund/TQQQ-historical_nav.csv,ProShares official daily NAV file
2022-05-13,819200000.0,15.84725,https://accounts.profunds.com/etfdata/ByFund/TQQQ-historical_nav.csv,ProShares official daily NAV file
2022-05-16,819300000.0,15.2976,https://accounts.profunds.com/etfdata/ByFund/TQQQ-historical_nav.csv,ProShares official daily NAV file
2022-05-17,814400000.0,16.49635,https://accounts.profunds.com/etfdata/ByFund/TQQQ-historical_nav.csv,ProShares official daily NAV file
2022-05-18,827300000.0,14.0033,https://accounts.profunds.com/etfdata/ByFund/TQQQ-historical_nav.csv,ProShares official daily NAV file
2022-05-19,832100000.0,13.81415,https://accounts.profunds.com/etfdata/ByFund/TQQQ-historical_nav.csv,ProShares official daily NAV file
2022-05-20,834600000.0,13.6733,https://accounts.profunds.com/etfdata/ByFund/TQQQ-historical_nav.csv,ProShares official daily NAV file
2022-05-23,831300000.0,14.3591,https://accounts.profunds.com/etfdata/ByFund/TQQQ-historical_nav.csv,ProShares official daily NAV file
2022-05-24,838300000.0,13.41035,https://accounts.profunds.com/etfdata/ByFund/TQQQ-historical_nav.csv,ProShares official daily NAV file
2022-05-25,838100000.0,14.00395,https://accounts.profunds.com/etfdata/ByFund/TQQQ-historical_nav.csv,ProShares official daily NAV file
2022-05-26,836700000.0,15.17065,https://accounts.profunds.com/etfdata/ByFund/TQQQ-historical_nav.csv,ProShares official daily NAV file
2022-05-27,834700000.0,16.66975,https://accounts.profunds.com/etfdata/ByFund/TQQQ-historical_nav.csv,ProShares official daily NAV file
2022-05-31,829500000.0,16.51275,https://accounts.profunds.com/etfdata/ByFund/TQQQ-historical_nav.csv,ProShares official daily NAV file
2022-06-01,830800000.0,16.1464,https://accounts.profunds.com/etfdata/ByFund/TQQQ-historical_nav.csv,ProShares official daily NAV file
2022-06-02,824300000.0,17.4767,https://accounts.profunds.com/etfdata/ByFund/TQQQ-historical_nav.csv,ProShares official daily NAV file
2022-06-03,821600000.0,16.0724,https://accounts.profunds.com/etfdata/ByFund/TQQQ-historical_nav.csv,ProShares official daily NAV file
2022-06-06,818000000.0,16.26815,https://accounts.profunds.com/etfdata/ByFund/TQQQ-historical_nav.csv,ProShares official daily NAV file
2022-06-07,816600000.0,16.69995,https://accounts.profunds.com/etfdata/ByFund/TQQQ-historical_nav.csv,ProShares official daily NAV file
2022-06-08,816200000.0,16.31745,https://accounts.profunds.com/etfdata/ByFund/TQQQ-historical_nav.csv,ProShares official daily NAV file
2022-06-09,820000000.0,14.97345,https://accounts.profunds.com/etfdata/ByFund/TQQQ-historical_nav.csv,ProShares official daily NAV file
2022-06-10,837400000.0,13.371,https://accounts.profunds.com/etfdata/ByFund/TQQQ-historical_nav.csv,ProShares official daily NAV file
2022-06-13,856200000.0,11.521,https://accounts.profunds.com/etfdata/ByFund/TQQQ-historical_nav.csv,ProShares official daily NAV file
2022-06-14,876800000.0,11.5957,https://accounts.profunds.com/etfdata/ByFund/TQQQ-historical_nav.csv,ProShares official daily NAV file
2022-06-15,884400000.0,12.4619,https://accounts.profunds.com/etfdata/ByFund/TQQQ-historical_nav.csv,ProShares official daily NAV file
2022-06-16,905000000.0,10.9528,https://accounts.profunds.com/etfdata/ByFund/TQQQ-historical_nav.csv,ProShares official daily NAV file
2022-06-17,903400000.0,11.35905,https://accounts.profunds.com/etfdata/ByFund/TQQQ-historical_nav.csv,ProShares official daily NAV file
2022-06-21,901800000.0,12.21085,https://accounts.profunds.com/etfdata/ByFund/TQQQ-historical_nav.csv,ProShares official daily NAV file
2022-06-22,891100000.0,12.1487,https://accounts.profunds.com/etfdata/ByFund/TQQQ-historical_nav.csv,ProShares official daily NAV file
2022-06-23,891100000.0,12.6787,https://accounts.profunds.com/etfdata/ByFund/TQQQ-historical_nav.csv,ProShares official daily NAV file
2022-06-24,891700000.0,14.0033,https://accounts.profunds.com/etfdata/ByFund/TQQQ-historical_nav.csv,ProShares official daily NAV file
2022-06-27,897000000.0,13.66155,https://accounts.profunds.com/etfdata/ByFund/TQQQ-historical_nav.csv,ProShares official daily NAV file
2022-06-28,898800000.0,12.3947,https://accounts.profunds.com/etfdata/ByFund/TQQQ-historical_nav.csv,ProShares official daily NAV file
2022-06-29,894700000.0,12.45935,https://accounts.profunds.com/etfdata/ByFund/TQQQ-historical_nav.csv,ProShares official daily NAV file
2022-06-30,893300000.0,11.9552,https://accounts.profunds.com/etfdata/ByFund/TQQQ-historical_nav.csv,ProShares official daily NAV file
2022-07-01,897100000.0,12.209,https://accounts.profunds.com/etfdata/ByFund/TQQQ-historical_nav.csv,ProShares official daily NAV file
2022-07-05,895500000.0,12.8295,https://accounts.profunds.com/etfdata/ByFund/TQQQ-historical_nav.csv,ProShares official daily NAV file
2022-07-06,898700000.0,13.0645,https://accounts.profunds.com/etfdata/ByFund/TQQQ-historical_nav.csv,ProShares official daily NAV file
2022-07-07,895800000.0,13.90595,https://accounts.profunds.com/etfdata/ByFund/TQQQ-historical_nav.csv,ProShares official daily NAV file
2022-07-08,889400000.0,13.9615,https://accounts.profunds.com/etfdata/ByFund/TQQQ-historical_nav.csv,ProShares official daily NAV file
2022-07-11,881400000.0,13.04105,https://accounts.profunds.com/etfdata/ByFund/TQQQ-historical_nav.csv,ProShares official daily NAV file
2022-07-12,877100000.0,12.6592,https://accounts.profunds.com/etfdata/ByFund/TQQQ-historical_nav.csv,ProShares official daily NAV file
2022-07-13,885000000.0,12.60275,https://accounts.profunds.com/etfdata/ByFund/TQQQ-historical_nav.csv,ProShares official daily NAV file
2022-07-14,892600000.0,12.7241,https://accounts.profunds.com/etfdata/ByFund/TQQQ-historical_nav.csv,ProShares official daily NAV file
2022-07-15,892800000.0,13.4196,https://accounts.profunds.com/etfdata/ByFund/TQQQ-historical_nav.csv,ProShares official daily NAV file
2022-07-18,889700000.0,13.06065,https://accounts.profunds.com/etfdata/ByFund/TQQQ-historical_nav.csv,ProShares official daily NAV file
2022-07-19,885000000.0,14.2847,https://accounts.profunds.com/etfdata/ByFund/TQQQ-historical_nav.csv,ProShares official daily NAV file
2022-07-20,881800000.0,14.94775,https://accounts.profunds.com/etfdata/ByFund/TQQQ-historical_nav.csv,ProShares official daily NAV file
2022-07-21,882100000.0,15.58765,https://accounts.profunds.com/etfdata/ByFund/TQQQ-historical_nav.csv,ProShares official daily NAV file
2022-07-22,876800000.0,14.76025,https://accounts.profunds.com/etfdata/ByFund/TQQQ-historical_nav.csv,ProShares official daily NAV file
2022-07-25,877800000.0,14.51355,https://accounts.profunds.com/etfdata/ByFund/TQQQ-historical_nav.csv,ProShares official daily NAV file
2022-07-26,878200000.0,13.6581,https://accounts.profunds.com/etfdata/ByFund/TQQQ-historical_nav.csv,ProShares official daily NAV file
2022-07-27,875600000.0,15.39925,https://accounts.profunds.com/etfdata/ByFund/TQQQ-historical_nav.csv,ProShares official daily NAV file
2022-07-28,872800000.0,15.82015,https://accounts.profunds.com/etfdata/ByFund/TQQQ-historical_nav.csv,ProShares official daily NAV file
2022-07-29,861200000.0,16.6805,https://accounts.profunds.com/etfdata/ByFund/TQQQ-historical_nav.csv,ProShares official daily NAV file
2022-08-01,853400000.0,16.6483,https://accounts.profunds.com/etfdata/ByFund/TQQQ-historical_nav.csv,ProShares official daily NAV file
2022-08-02,850700000.0,16.4937,https://accounts.profunds.com/etfdata/ByFund/TQQQ-historical_nav.csv,ProShares official daily NAV file
2022-08-03,856700000.0,17.8385,https://accounts.profunds.com/etfdata/ByFund/TQQQ-historical_nav.csv,ProShares official daily NAV file
2022-08-04,854300000.0,18.06755,https://accounts.profunds.com/etfdata/ByFund/TQQQ-historical_nav.csv,ProShares official daily NAV file
2022-08-05,852600000.0,17.6534,https://accounts.profunds.com/etfdata/ByFund/TQQQ-historical_nav.csv,ProShares official daily NAV file
2022-08-08,851600000.0,17.4549,https://accounts.profunds.com/etfdata/ByFund/TQQQ-historical_nav.csv,ProShares official daily NAV file
2022-08-09,853600000.0,16.85185,https://accounts.profunds.com/etfdata/ByFund/TQQQ-historical_nav.csv,ProShares official daily NAV file
2022-08-10,858600000.0,18.28685,https://accounts.profunds.com/etfdata/ByFund/TQQQ-historical_nav.csv,ProShares official daily NAV file
2022-08-11,861300000.0,17.92905,https://accounts.profunds.com/etfdata/ByFund/TQQQ-historical_nav.csv,ProShares official daily NAV file
2022-08-12,859300000.0,19.0363,https://accounts.profunds.com/etfdata/ByFund/TQQQ-historical_nav.csv,ProShares official daily NAV file
2022-08-15,850700000.0,19.45855,https://accounts.profunds.com/etfdata/ByFund/TQQQ-historical_nav.csv,ProShares official daily NAV file
2022-08-16,849500000.0,19.32045,https://accounts.profunds.com/etfdata/ByFund/TQQQ-historical_nav.csv,ProShares official daily NAV file
2022-08-17,848800000.0,18.63545,https://accounts.profunds.com/etfdata/ByFund/TQQQ-historical_nav.csv,ProShares official daily NAV file
2022-08-18,850400000.0,18.772,https://accounts.profunds.com/etfdata/ByFund/TQQQ-historical_nav.csv,ProShares official daily NAV file
2022-08-19,851900000.0,17.67355,https://accounts.profunds.com/etfdata/ByFund/TQQQ-historical_nav.csv,ProShares official daily NAV file
2022-08-22,847600000.0,16.2571,https://accounts.profunds.com/etfdata/ByFund/TQQQ-historical_nav.csv,ProShares official daily NAV file
2022-08-23,845300000.0,16.21985,https://accounts.profunds.com/etfdata/ByFund/TQQQ-historical_nav.csv,ProShares official daily NAV file
2022-08-24,849400000.0,16.35365,https://accounts.profunds.com/etfdata/ByFund/TQQQ-historical_nav.csv,ProShares official daily NAV file
2022-08-25,858200000.0,17.20245,https://accounts.profunds.com/etfdata/ByFund/TQQQ-historical_nav.csv,ProShares official daily NAV file
2022-08-26,874300000.0,15.08625,https://accounts.profunds.com/etfdata/ByFund/TQQQ-historical_nav.csv,ProShares official daily NAV file
2022-08-29,864000000.0,14.6484,https://accounts.profunds.com/etfdata/ByFund/TQQQ-historical_nav.csv,ProShares official daily NAV file
2022-08-30,868900000.0,14.1481,https://accounts.profunds.com/etfdata/ByFund/TQQQ-historical_nav.csv,ProShares official daily NAV file
2022-08-31,876400000.0,13.90555,https://accounts.profunds.com/etfdata/ByFund/TQQQ-historical_nav.csv,ProShares official daily NAV file
2022-09-01,896200000.0,13.90745,https://accounts.profunds.com/etfdata/ByFund/TQQQ-historical_nav.csv,ProShares official daily NAV file
2022-09-02,900800000.0,13.3086,https://accounts.profunds.com/etfdata/ByFund/TQQQ-historical_nav.csv,ProShares official daily NAV file
2022-09-06,898800000.0,13.0168,https://accounts.profunds.com/etfdata/ByFund/TQQQ-historical_nav.csv,ProShares official daily NAV file
2022-09-07,898600000.0,13.82005,https://accounts.profunds.com/etfdata/ByFund/TQQQ-historical_nav.csv,ProShares official daily NAV file
2022-09-08,903400000.0,14.0204,https://accounts.profunds.com/etfdata/ByFund/TQQQ-historical_nav.csv,ProShares official daily NAV file
2022-09-09,899600000.0,14.93045,https://accounts.profunds.com/etfdata/ByFund/TQQQ-historical_nav.csv,ProShares official daily NAV file
2022-09-12,893400000.0,15.4651,https://accounts.profunds.com/etfdata/ByFund/TQQQ-historical_nav.csv,ProShares official daily NAV file
2022-09-13,906900000.0,12.8868,https://accounts.profunds.com/etfdata/ByFund/TQQQ-historical_nav.csv,ProShares official daily NAV file
2022-09-14,915700000.0,13.2126,https://accounts.profunds.com/etfdata/ByFund/TQQQ-historical_nav.csv,ProShares official daily NAV file
2022-09-15,921900000.0,12.52725,https://accounts.profunds.com/etfdata/ByFund/TQQQ-historical_nav.csv,ProShares official daily NAV file
2022-09-16,934400000.0,12.31815,https://accounts.profunds.com/etfdata/ByFund/TQQQ-historical_nav.csv,ProShares official daily NAV file
2022-09-19,932900000.0,12.6011,https://accounts.profunds.com/etfdata/ByFund/TQQQ-historical_nav.csv,ProShares official daily NAV file
2022-09-20,945200000.0,12.27695,https://accounts.profunds.com/etfdata/ByFund/TQQQ-historical_nav.csv,ProShares official daily NAV file
2022-09-21,949700000.0,11.61525,https://accounts.profunds.com/etfdata/ByFund/TQQQ-historical_nav.csv,ProShares official daily NAV file
2022-09-22,974300000.0,11.19975,https://accounts.profunds.com/etfdata/ByFund/TQQQ-historical_nav.csv,ProShares official daily NAV file
2022-09-23,998300000.0,10.64225,https://accounts.profunds.com/etfdata/ByFund/TQQQ-historical_nav.csv,ProShares official daily NAV file
2022-09-26,1002800000.0,10.4772,https://accounts.profunds.com/etfdata/ByFund/TQQQ-historical_nav.csv,ProShares official daily NAV file
2022-09-27,1020600000.0,10.5236,https://accounts.profunds.com/etfdata/ByFund/TQQQ-historical_nav.csv,ProShares official daily NAV file
2022-09-28,1021200000.0,11.14435,https://accounts.profunds.com/etfdata/ByFund/TQQQ-historical_nav.csv,ProShares official daily NAV file
2022-09-29,1066200000.0,10.1793,https://accounts.profunds.com/etfdata/ByFund/TQQQ-historical_nav.csv,ProShares official daily NAV file
2022-09-30,1058800000.0,9.64815,https://accounts.profunds.com/etfdata/ByFund/TQQQ-historical_nav.csv,ProShares official daily NAV file
2022-10-03,1059000000.0,10.32715,https://accounts.profunds.com/etfdata/ByFund/TQQQ-historical_nav.csv,ProShares official daily NAV file
2022-10-04,1044400000.0,11.30575,https://accounts.profunds.com/etfdata/ByFund/TQQQ-historical_nav.csv,ProShares official daily NAV file
2022-10-05,1036800000.0,11.2747,https://accounts.profunds.com/etfdata/ByFund/TQQQ-historical_nav.csv,ProShares official daily NAV file
2022-10-06,1041900000.0,11.0051,https://accounts.profunds.com/etfdata/ByFund/TQQQ-historical_nav.csv,ProShares official daily NAV file
2022-10-07,1051100000.0,9.7226,https://accounts.profunds.com/etfdata/ByFund/TQQQ-historical_nav.csv,ProShares official daily NAV file
2022-10-10,1063400000.0,9.42425,https://accounts.profunds.com/etfdata/ByFund/TQQQ-historical_nav.csv,ProShares official daily NAV file
2022-10-11,1070600000.0,9.06965,https://accounts.profunds.com/etfdata/ByFund/TQQQ-historical_nav.csv,ProShares official daily NAV file
2022-10-12,1072900000.0,9.05235,https://accounts.profunds.com/etfdata/ByFund/TQQQ-historical_nav.csv,ProShares official daily NAV file
2022-10-13,1075200000.0,9.665,https://accounts.profunds.com/etfdata/ByFund/TQQQ-historical_nav.csv,ProShares official daily NAV file
2022-10-14,1080500000.0,8.7661,https://accounts.profunds.com/etfdata/ByFund/TQQQ-historical_nav.csv,ProShares official daily NAV file
2022-10-17,1065400000.0,9.6731,https://accounts.profunds.com/etfdata/ByFund/TQQQ-historical_nav.csv,ProShares official daily NAV file
2022-10-18,1074500000.0,9.8924,https://accounts.profunds.com/etfdata/ByFund/TQQQ-historical_nav.csv,ProShares official daily NAV file
2022-10-19,1068300000.0,9.76905,https://accounts.profunds.com/etfdata/ByFund/TQQQ-historical_nav.csv,ProShares official daily NAV file
2022-10-20,1068800000.0,9.60945,https://accounts.profunds.com/etfdata/ByFund/TQQQ-historical_nav.csv,ProShares official daily NAV file
2022-10-21,1057600000.0,10.2985,https://accounts.profunds.com/etfdata/ByFund/TQQQ-historical_nav.csv,ProShares official daily NAV file
2022-10-24,1067300000.0,10.6222,https://accounts.profunds.com/etfdata/ByFund/TQQQ-historical_nav.csv,ProShares official daily NAV file
2022-10-25,1071700000.0,11.28775,https://accounts.profunds.com/etfdata/ByFund/TQQQ-historical_nav.csv,ProShares official daily NAV file
2022-10-26,1071800000.0,10.5197,https://accounts.profunds.com/etfdata/ByFund/TQQQ-historical_nav.csv,ProShares official daily NAV file
2022-10-27,1095100000.0,9.91885,https://accounts.profunds.com/etfdata/ByFund/TQQQ-historical_nav.csv,ProShares official daily NAV file
2022-10-28,1083000000.0,10.86395,https://accounts.profunds.com/etfdata/ByFund/TQQQ-historical_nav.csv,ProShares official daily NAV file
2022-10-31,1080200000.0,10.4634,https://accounts.profunds.com/etfdata/ByFund/TQQQ-historical_nav.csv,ProShares official daily NAV file
2022-11-01,1083700000.0,10.13955,https://accounts.profunds.com/etfdata/ByFund/TQQQ-historical_nav.csv,ProShares official daily NAV file
2022-11-02,1084700000.0,9.10575,https://accounts.profunds.com/etfdata/ByFund/TQQQ-historical_nav.csv,ProShares official daily NAV file
2022-11-03,1138400000.0,8.55705,https://accounts.profunds.com/etfdata/ByFund/TQQQ-historical_nav.csv,ProShares official daily NAV file
2022-11-04,1176100000.0,8.9654,https://accounts.profunds.com/etfdata/ByFund/TQQQ-historical_nav.csv,ProShares official daily NAV file
2022-11-07,1166300000.0,9.2598,https://accounts.profunds.com/etfdata/ByFund/TQQQ-historical_nav.csv,ProShares official daily NAV file
2022-11-08,1161900000.0,9.46645,https://accounts.profunds.com/etfdata/ByFund/TQQQ-historical_nav.csv,ProShares official daily NAV file
2022-11-09,1158200000.0,8.7849,https://accounts.profunds.com/etfdata/ByFund/TQQQ-historical_nav.csv,ProShares official daily NAV file
2022-11-10,1135600000.0,10.75775,https://accounts.profunds.com/etfdata/ByFund/TQQQ-historical_nav.csv,ProShares official daily NAV file
2022-11-11,1123400000.0,11.34445,https://accounts.profunds.com/etfdata/ByFund/TQQQ-historical_nav.csv,ProShares official daily NAV file
2022-11-14,1113100000.0,11.01015,https://accounts.profunds.com/etfdata/ByFund/TQQQ-historical_nav.csv,ProShares official daily NAV file
2022-11-15,1119500000.0,11.48715,https://accounts.profunds.com/etfdata/ByFund/TQQQ-historical_nav.csv,ProShares official daily NAV file
2022-11-16,1119200000.0,10.99705,https://accounts.profunds.com/etfdata/ByFund/TQQQ-historical_nav.csv,ProShares official daily NAV file
2022-11-17,1113000000.0,10.92275,https://accounts.profunds.com/etfdata/ByFund/TQQQ-historical_nav.csv,ProShares official daily NAV file
2022-11-18,1095200000.0,10.9213,https://accounts.profunds.com/etfdata/ByFund/TQQQ-historical_nav.csv,ProShares official daily NAV file
2022-11-21,1090100000.0,10.57165,https://accounts.profunds.com/etfdata/ByFund/TQQQ-historical_nav.csv,ProShares official daily NAV file
2022-11-22,1086700000.0,11.0352,https://accounts.profunds.com/etfdata/ByFund/TQQQ-historical_nav.csv,ProShares official daily NAV file
2022-11-23,1087700000.0,11.3484,https://accounts.profunds.com/etfdata/ByFund/TQQQ-historical_nav.csv,ProShares official daily NAV file
2022-11-25,1069100000.0,11.1096,https://accounts.profunds.com/etfdata/ByFund/TQQQ-historical_nav.csv,ProShares official daily NAV file
2022-11-28,1061000000.0,10.6289,https://accounts.profunds.com/etfdata/ByFund/TQQQ-historical_nav.csv,ProShares official daily NAV file
2022-11-29,1059300000.0,10.39435,https://accounts.profunds.com/etfdata/ByFund/TQQQ-historical_nav.csv,ProShares official daily NAV file
2022-11-30,1076000000.0,11.8214,https://accounts.profunds.com/etfdata/ByFund/TQQQ-historical_nav.csv,ProShares official daily NAV file
2022-12-01,1078700000.0,11.85065,https://accounts.profunds.com/etfdata/ByFund/TQQQ-historical_nav.csv,ProShares official daily NAV file
2022-12-02,1059500000.0,11.70955,https://accounts.profunds.com/etfdata/ByFund/TQQQ-historical_nav.csv,ProShares official daily NAV file
2022-12-05,1066200000.0,11.09895,https://accounts.profunds.com/etfdata/ByFund/TQQQ-historical_nav.csv,ProShares official daily NAV file
2022-12-06,1076300000.0,10.4264,https://accounts.profunds.com/etfdata/ByFund/TQQQ-historical_nav.csv,ProShares official daily NAV file
2022-12-07,1073600000.0,10.28215,https://accounts.profunds.com/etfdata/ByFund/TQQQ-historical_nav.csv,ProShares official daily NAV file
2022-12-08,1089000000.0,10.64945,https://accounts.profunds.com/etfdata/ByFund/TQQQ-historical_nav.csv,ProShares official daily NAV file
2022-12-09,1080000000.0,10.44415,https://accounts.profunds.com/etfdata/ByFund/TQQQ-historical_nav.csv,ProShares official daily NAV file
2022-12-12,1080000000.0,10.82815,https://accounts.profunds.com/etfdata/ByFund/TQQQ-historical_nav.csv,ProShares official daily NAV file
2022-12-13,1067900000.0,11.181,https://accounts.profunds.com/etfdata/ByFund/TQQQ-historical_nav.csv,ProShares official daily NAV file
2022-12-14,1058000000.0,10.9167,https://accounts.profunds.com/etfdata/ByFund/TQQQ-historical_nav.csv,ProShares official daily NAV file
2022-12-15,1094200000.0,9.8015,https://accounts.profunds.com/etfdata/ByFund/TQQQ-historical_nav.csv,ProShares official daily NAV file
2022-12-16,1091900000.0,9.53705,https://accounts.profunds.com/etfdata/ByFund/TQQQ-historical_nav.csv,ProShares official daily NAV file
2022-12-19,1093100000.0,9.1332,https://accounts.profunds.com/etfdata/ByFund/TQQQ-historical_nav.csv,ProShares official daily NAV file
2022-12-20,1127000000.0,9.10025,https://accounts.profunds.com/etfdata/ByFund/TQQQ-historical_nav.csv,ProShares official daily NAV file
2022-12-21,1125400000.0,9.5002,https://accounts.profunds.com/etfdata/ByFund/TQQQ-historical_nav.csv,ProShares official daily NAV file
2022-12-22,1191800000.0,8.73015,https://accounts.profunds.com/etfdata/ByFund/TQQQ-historical_nav.csv,ProShares official daily NAV file
2022-12-23,1190600000.0,8.8,https://accounts.profunds.com/etfdata/ByFund/TQQQ-historical_nav.csv,ProShares official daily NAV file
2022-12-27,1199100000.0,8.4052,https://accounts.profunds.com/etfdata/ByFund/TQQQ-historical_nav.csv,ProShares official daily NAV file
2022-12-28,1201600000.0,8.0698,https://accounts.profunds.com/etfdata/ByFund/TQQQ-historical_nav.csv,ProShares official daily NAV file
2022-12-29,1221400000.0,8.6731,https://accounts.profunds.com/etfdata/ByFund/TQQQ-historical_nav.csv,ProShares official daily NAV file
2022-12-30,1214100000.0,8.64545,https://accounts.profunds.com/etfdata/ByFund/TQQQ-historical_nav.csv,ProShares official daily NAV file
2023-01-03,1208200000.0,8.4616,https://accounts.profunds.com/etfdata/ByFund/TQQQ-historical_nav.csv,ProShares official daily NAV file
2023-01-04,1197400000.0,8.584,https://accounts.profunds.com/etfdata/ByFund/TQQQ-historical_nav.csv,ProShares official daily NAV file
2023-01-05,1229000000.0,8.16435,https://accounts.profunds.com/etfdata/ByFund/TQQQ-historical_nav.csv,ProShares official daily NAV file
2023-01-06,1207300000.0,8.8451,https://accounts.profunds.com/etfdata/ByFund/TQQQ-historical_nav.csv,ProShares official daily NAV file
2023-01-09,1178000000.0,9.00595,https://accounts.profunds.com/etfdata/ByFund/TQQQ-historical_nav.csv,ProShares official daily NAV file
2023-01-10,1170900000.0,9.23935,https://accounts.profunds.com/etfdata/ByFund/TQQQ-historical_nav.csv,ProShares official daily NAV file
2023-01-11,1160400000.0,9.72285,https://accounts.profunds.com/etfdata/ByFund/TQQQ-historical_nav.csv,ProShares official daily NAV file
2023-01-12,1163000000.0,9.8549,https://accounts.profunds.com/etfdata/ByFund/TQQQ-historical_nav.csv,ProShares official daily NAV file
2023-01-13,1139800000.0,10.06535,https://accounts.profunds.com/etfdata/ByFund/TQQQ-historical_nav.csv,ProShares official daily NAV file
2023-01-17,1116200000.0,10.1027,https://accounts.profunds.com/etfdata/ByFund/TQQQ-historical_nav.csv,ProShares official daily NAV file
2023-01-18,1101400000.0,9.71435,https://accounts.profunds.com/etfdata/ByFund/TQQQ-historical_nav.csv,ProShares official daily NAV file
2023-01-19,1111000000.0,9.4103,https://accounts.profunds.com/etfdata/ByFund/TQQQ-historical_nav.csv,ProShares official daily NAV file
2023-01-20,1098000000.0,10.2177,https://accounts.profunds.com/etfdata/ByFund/TQQQ-historical_nav.csv,ProShares official daily NAV file
2023-01-23,1071500000.0,10.88315,https://accounts.profunds.com/etfdata/ByFund/TQQQ-historical_nav.csv,ProShares official daily NAV file
2023-01-24,1065900000.0,10.8087,https://accounts.profunds.com/etfdata/ByFund/TQQQ-historical_nav.csv,ProShares official daily NAV file
2023-01-25,1060300000.0,10.7173,https://accounts.profunds.com/etfdata/ByFund/TQQQ-historical_nav.csv,ProShares official daily NAV file
2023-01-26,1092800000.0,11.34955,https://accounts.profunds.com/etfdata/ByFund/TQQQ-historical_nav.csv,ProShares official daily NAV file
2023-01-27,1062500000.0,11.67355,https://accounts.profunds.com/etfdata/ByFund/TQQQ-historical_nav.csv,ProShares official daily NAV file
2023-01-30,1037000000.0,10.9411,https://accounts.profunds.com/etfdata/ByFund/TQQQ-historical_nav.csv,ProShares official daily NAV file
2023-01-31,1034600000.0,11.4594,https://accounts.profunds.com/etfdata/ByFund/TQQQ-historical_nav.csv,ProShares official daily NAV file
2023-02-01,1024400000.0,12.1984,https://accounts.profunds.com/etfdata/ByFund/TQQQ-historical_nav.csv,ProShares official daily NAV file
2023-02-02,1043000000.0,13.48835,https://accounts.profunds.com/etfdata/ByFund/TQQQ-historical_nav.csv,ProShares official daily NAV file
2023-02-03,1021800000.0,12.76105,https://accounts.profunds.com/etfdata/ByFund/TQQQ-historical_nav.csv,ProShares official daily NAV file
2023-02-06,1015000000.0,12.42975,https://accounts.profunds.com/etfdata/ByFund/TQQQ-historical_nav.csv,ProShares official daily NAV file
2023-02-07,1015500000.0,13.2144,https://accounts.profunds.com/etfdata/ByFund/TQQQ-historical_nav.csv,ProShares official daily NAV file
2023-02-08,1021800000.0,12.4858,https://accounts.profunds.com/etfdata/ByFund/TQQQ-historical_nav.csv,ProShares official daily NAV file
2023-02-09,1046200000.0,12.13215,https://accounts.profunds.com/etfdata/ByFund/TQQQ-historical_nav.csv,ProShares official daily NAV file
2023-02-10,1033000000.0,11.91285,https://accounts.profunds.com/etfdata/ByFund/TQQQ-historical_nav.csv,ProShares official daily NAV file
2023-02-13,1018300000.0,12.482,https://accounts.profunds.com/etfdata/ByFund/TQQQ-historical_nav.csv,ProShares official daily NAV file
2023-02-14,1000300000.0,12.74715,https://accounts.profunds.com/etfdata/ByFund/TQQQ-historical_nav.csv,ProShares official daily NAV file
2023-02-15,989800000.0,13.05055,https://accounts.profunds.com/etfdata/ByFund/TQQQ-historical_nav.csv,ProShares official daily NAV file
2023-02-16,1034100000.0,12.2752,https://accounts.profunds.com/etfdata/ByFund/TQQQ-historical_nav.csv,ProShares official daily NAV file
2023-02-17,1020100000.0,12.0245,https://accounts.profunds.com/etfdata/ByFund/TQQQ-historical_nav.csv,ProShares official daily NAV file
2023-02-21,1023900000.0,11.15105,https://accounts.profunds.com/etfdata/ByFund/TQQQ-historical_nav.csv,ProShares official daily NAV file
2023-02-22,1014100000.0,11.16425,https://accounts.profunds.com/etfdata/ByFund/TQQQ-historical_nav.csv,ProShares official daily NAV file
2023-02-23,1057900000.0,11.47175,https://accounts.profunds.com/etfdata/ByFund/TQQQ-historical_nav.csv,ProShares official daily NAV file
2023-02-24,1046200000.0,10.8775,https://accounts.profunds.com/etfdata/ByFund/TQQQ-historical_nav.csv,ProShares official daily NAV file
2023-02-27,1024200000.0,11.11425,https://accounts.profunds.com/etfdata/ByFund/TQQQ-historical_nav.csv,ProShares official daily NAV file
2023-02-28,1016300000.0,11.06825,https://accounts.profunds.com/etfdata/ByFund/TQQQ-historical_nav.csv,ProShares official daily NAV file
2023-03-01,1013400000.0,10.78025,https://accounts.profunds.com/etfdata/ByFund/TQQQ-historical_nav.csv,ProShares official daily NAV file
2023-03-02,1066400000.0,11.06145,https://accounts.profunds.com/etfdata/ByFund/TQQQ-historical_nav.csv,ProShares official daily NAV file
2023-03-03,1042400000.0,11.73735,https://accounts.profunds.com/etfdata/ByFund/TQQQ-historical_nav.csv,ProShares official daily NAV file
2023-03-06,1024900000.0,11.76645,https://accounts.profunds.com/etfdata/ByFund/TQQQ-historical_nav.csv,ProShares official daily NAV file
2023-03-07,1016500000.0,11.33055,https://accounts.profunds.com/etfdata/ByFund/TQQQ-historical_nav.csv,ProShares official daily NAV file
2023-03-08,1009600000.0,11.5029,https://accounts.profunds.com/etfdata/ByFund/TQQQ-historical_nav.csv,ProShares official daily NAV file
2023-03-09,1050000000.0,10.87415,https://accounts.profunds.com/etfdata/ByFund/TQQQ-historical_nav.csv,ProShares official daily NAV file
2023-03-10,1043300000.0,10.42245,https://accounts.profunds.com/etfdata/ByFund/TQQQ-historical_nav.csv,ProShares official daily NAV file
2023-03-13,1041800000.0,10.667,https://accounts.profunds.com/etfdata/ByFund/TQQQ-historical_nav.csv,ProShares official daily NAV file
2023-03-14,1030400000.0,11.40965,https://accounts.profunds.com/etfdata/ByFund/TQQQ-historical_nav.csv,ProShares official daily NAV file
2023-03-15,1032800000.0,11.5519,https://accounts.profunds.com/etfdata/ByFund/TQQQ-historical_nav.csv,ProShares official daily NAV file
2023-03-16,1037500000.0,12.4721,https://accounts.profunds.com/etfdata/ByFund/TQQQ-historical_nav.csv,ProShares official daily NAV file
2023-03-17,1033700000.0,12.2873,https://accounts.profunds.com/etfdata/ByFund/TQQQ-historical_nav.csv,ProShares official daily NAV file
2023-03-20,1014900000.0,12.4078,https://accounts.profunds.com/etfdata/ByFund/TQQQ-historical_nav.csv,ProShares official daily NAV file
2023-03-21,1034000000.0,12.93855,https://accounts.profunds.com/etfdata/ByFund/TQQQ-historical_nav.csv,ProShares official daily NAV file
2023-03-22,999600000.0,12.33265,https://accounts.profunds.com/etfdata/ByFund/TQQQ-historical_nav.csv,ProShares official daily NAV file
2023-03-23,1019800000.0,12.79655,https://accounts.profunds.com/etfdata/ByFund/TQQQ-historical_nav.csv,ProShares official daily NAV file
2023-03-24,987400000.0,12.9072,https://accounts.profunds.com/etfdata/ByFund/TQQQ-historical_nav.csv,ProShares official daily NAV file
2023-03-27,993100000.0,12.61615,https://accounts.profunds.com/etfdata/ByFund/TQQQ-historical_nav.csv,ProShares official daily NAV file
2023-03-28,998500000.0,12.4253,https://accounts.profunds.com/etfdata/ByFund/TQQQ-historical_nav.csv,ProShares official daily NAV file
2023-03-29,981600000.0,13.1164,https://accounts.profunds.com/etfdata/ByFund/TQQQ-historical_nav.csv,ProShares official daily NAV file
2023-03-30,997400000.0,13.462,https://accounts.profunds.com/etfdata/ByFund/TQQQ-historical_nav.csv,ProShares official daily NAV file
2023-03-31,972200000.0,14.13835,https://accounts.profunds.com/etfdata/ByFund/TQQQ-historical_nav.csv,ProShares official daily NAV file
2023-04-03,959500000.0,14.0268,https://accounts.profunds.com/etfdata/ByFund/TQQQ-historical_nav.csv,ProShares official daily NAV file
2023-04-04,944500000.0,13.87675,https://accounts.profunds.com/etfdata/ByFund/TQQQ-historical_nav.csv,ProShares official daily NAV file
2023-04-05,994800000.0,13.43495,https://accounts.profunds.com/etfdata/ByFund/TQQQ-historical_nav.csv,ProShares official daily NAV file
2023-04-06,981300000.0,13.72725,https://accounts.profunds.com/etfdata/ByFund/TQQQ-historical_nav.csv,ProShares official daily NAV file
2023-04-10,979300000.0,13.6869,https://accounts.profunds.com/etfdata/ByFund/TQQQ-historical_nav.csv,ProShares official daily NAV file
2023-04-11,980900000.0,13.4086,https://accounts.profunds.com/etfdata/ByFund/TQQQ-historical_nav.csv,ProShares official daily NAV file
2023-04-12,986000000.0,13.04465,https://accounts.profunds.com/etfdata/ByFund/TQQQ-historical_nav.csv,ProShares official daily NAV file
2023-04-13,995200000.0,13.8253,https://accounts.profunds.com/etfdata/ByFund/TQQQ-historical_nav.csv,ProShares official daily NAV file
2023-04-14,974800000.0,13.72715,https://accounts.profunds.com/etfdata/ByFund/TQQQ-historical_nav.csv,ProShares official daily NAV file
2023-04-17,963300000.0,13.74665,https://accounts.profunds.com/etfdata/ByFund/TQQQ-historical_nav.csv,ProShares official daily NAV file
2023-04-18,971900000.0,13.75535,https://accounts.profunds.com/etfdata/ByFund/TQQQ-historical_nav.csv,ProShares official daily NAV file
2023-04-19,966400000.0,13.7404,https://accounts.profunds.com/etfdata/ByFund/TQQQ-historical_nav.csv,ProShares official daily NAV file
2023-04-20,991300000.0,13.4022,https://accounts.profunds.com/etfdata/ByFund/TQQQ-historical_nav.csv,ProShares official daily NAV file
2023-04-21,967900000.0,13.4452,https://accounts.profunds.com/etfdata/ByFund/TQQQ-historical_nav.csv,ProShares official daily NAV file
2023-04-24,965300000.0,13.34385,https://accounts.profunds.com/etfdata/ByFund/TQQQ-historical_nav.csv,ProShares official daily NAV file
2023-04-25,966700000.0,12.58465,https://accounts.profunds.com/etfdata/ByFund/TQQQ-historical_nav.csv,ProShares official daily NAV file
2023-04-26,950200000.0,12.82215,https://accounts.profunds.com/etfdata/ByFund/TQQQ-historical_nav.csv,ProShares official daily NAV file
2023-04-27,963600000.0,13.86905,https://accounts.profunds.com/etfdata/ByFund/TQQQ-historical_nav.csv,ProShares official daily NAV file
2023-04-28,934900000.0,14.13805,https://accounts.profunds.com/etfdata/ByFund/TQQQ-historical_nav.csv,ProShares official daily NAV file
2023-05-01,932200000.0,14.08635,https://accounts.profunds.com/etfdata/ByFund/TQQQ-historical_nav.csv,ProShares official daily NAV file
2023-05-02,929400000.0,13.7048,https://accounts.profunds.com/etfdata/ByFund/TQQQ-historical_nav.csv,ProShares official daily NAV file
2023-05-03,930200000.0,13.4386,https://accounts.profunds.com/etfdata/ByFund/TQQQ-historical_nav.csv,ProShares official daily NAV file
2023-05-04,961800000.0,13.27905,https://accounts.profunds.com/etfdata/ByFund/TQQQ-historical_nav.csv,ProShares official daily NAV file
2023-05-05,942200000.0,14.1281,https://accounts.profunds.com/etfdata/ByFund/TQQQ-historical_nav.csv,ProShares official daily NAV file
2023-05-08,934500000.0,14.22705,https://accounts.profunds.com/etfdata/ByFund/TQQQ-historical_nav.csv,ProShares official daily NAV file
2023-05-09,933800000.0,13.93295,https://accounts.profunds.com/etfdata/ByFund/TQQQ-historical_nav.csv,ProShares official daily NAV file
2023-05-10,920200000.0,14.3949,https://accounts.profunds.com/etfdata/ByFund/TQQQ-historical_nav.csv,ProShares official daily NAV file
2023-05-11,937600000.0,14.51885,https://accounts.profunds.com/etfdata/ByFund/TQQQ-historical_nav.csv,ProShares official daily NAV file
2023-05-12,933900000.0,14.36355,https://accounts.profunds.com/etfdata/ByFund/TQQQ-historical_nav.csv,ProShares official daily NAV file
2023-05-15,924400000.0,14.5946,https://accounts.profunds.com/etfdata/ByFund/TQQQ-historical_nav.csv,ProShares official daily NAV file
2023-05-16,918000000.0,14.6313,https://accounts.profunds.com/etfdata/ByFund/TQQQ-historical_nav.csv,ProShares official daily NAV file
2023-05-17,909500000.0,15.1755,https://accounts.profunds.com/etfdata/ByFund/TQQQ-historical_nav.csv,ProShares official daily NAV file
2023-05-18,929500000.0,15.98195,https://accounts.profunds.com/etfdata/ByFund/TQQQ-historical_nav.csv,ProShares official daily NAV file
2023-05-19,916000000.0,15.86995,https://accounts.profunds.com/etfdata/ByFund/TQQQ-historical_nav.csv,ProShares official daily NAV file
2023-05-22,914900000.0,16.0229,https://accounts.profunds.com/etfdata/ByFund/TQQQ-historical_nav.csv,ProShares official daily NAV file
2023-05-23,910000000.0,15.40295,https://accounts.profunds.com/etfdata/ByFund/TQQQ-historical_nav.csv,ProShares official daily NAV file
2023-05-24,900100000.0,15.1675,https://accounts.profunds.com/etfdata/ByFund/TQQQ-historical_nav.csv,ProShares official daily NAV file
2023-05-25,922600000.0,16.26235,https://accounts.profunds.com/etfdata/ByFund/TQQQ-historical_nav.csv,ProShares official daily NAV file
2023-05-26,896500000.0,17.51885,https://accounts.profunds.com/etfdata/ByFund/TQQQ-historical_nav.csv,ProShares official daily NAV file
2023-05-30,890100000.0,17.72,https://accounts.profunds.com/etfdata/ByFund/TQQQ-historical_nav.csv,ProShares official daily NAV file
2023-05-31,887400000.0,17.3448,https://accounts.profunds.com/etfdata/ByFund/TQQQ-historical_nav.csv,ProShares official daily NAV file
2023-06-01,904500000.0,18.0164,https://accounts.profunds.com/etfdata/ByFund/TQQQ-historical_nav.csv,ProShares official daily NAV file
2023-06-02,891800000.0,18.40625,https://accounts.profunds.com/etfdata/ByFund/TQQQ-historical_nav.csv,ProShares official daily NAV file
2023-06-05,888500000.0,18.4393,https://accounts.profunds.com/etfdata/ByFund/TQQQ-historical_nav.csv,ProShares official daily NAV file
2023-06-06,886600000.0,18.4395,https://accounts.profunds.com/etfdata/ByFund/TQQQ-historical_nav.csv,ProShares official daily NAV file
2023-06-07,878200000.0,17.4655,https://accounts.profunds.com/etfdata/ByFund/TQQQ-historical_nav.csv,ProShares official daily NAV file
2023-06-08,901600000.0,18.1126,https://accounts.profunds.com/etfdata/ByFund/TQQQ-historical_nav.csv,ProShares official daily NAV file
2023-06-09,899600000.0,18.2725,https://accounts.profunds.com/etfdata/ByFund/TQQQ-historical_nav.csv,ProShares official daily NAV file
2023-06-12,895400000.0,19.2312,https://accounts.profunds.com/etfdata/ByFund/TQQQ-historical_nav.csv,ProShares official daily NAV file
2023-06-13,892900000.0,19.6816,https://accounts.profunds.com/etfdata/ByFund/TQQQ-historical_nav.csv,ProShares official daily NAV file
2023-06-14,887700000.0,20.0953,https://accounts.profunds.com/etfdata/ByFund/TQQQ-historical_nav.csv,ProShares official daily NAV file
2023-06-15,907400000.0,20.78865,https://accounts.profunds.com/etfdata/ByFund/TQQQ-historical_nav.csv,ProShares official daily NAV file
2023-06-16,907600000.0,20.367,https://accounts.profunds.com/etfdata/ByFund/TQQQ-historical_nav.csv,ProShares official daily NAV file
2023-06-20,911600000.0,20.30305,https://accounts.profunds.com/etfdata/ByFund/TQQQ-historical_nav.csv,ProShares official daily NAV file
2023-06-21,918300000.0,19.4234,https://accounts.profunds.com/etfdata/ByFund/TQQQ-historical_nav.csv,ProShares official daily NAV file
2023-06-22,931900000.0,20.0875,https://accounts.profunds.com/etfdata/ByFund/TQQQ-historical_nav.csv,ProShares official daily NAV file
2023-06-23,910400000.0,19.47785,https://accounts.profunds.com/etfdata/ByFund/TQQQ-historical_nav.csv,ProShares official daily NAV file
2023-06-26,909100000.0,18.67605,https://accounts.profunds.com/etfdata/ByFund/TQQQ-historical_nav.csv,ProShares official daily NAV file
2023-06-27,916700000.0,19.64915,https://accounts.profunds.com/etfdata/ByFund/TQQQ-historical_nav.csv,ProShares official daily NAV file
2023-06-28,923300000.0,19.7159,https://accounts.profunds.com/etfdata/ByFund/TQQQ-historical_nav.csv,ProShares official daily NAV file
2023-06-29,930700000.0,19.59945,https://accounts.profunds.com/etfdata/ByFund/TQQQ-historical_nav.csv,ProShares official daily NAV file
2023-06-30,918100000.0,20.5291,https://accounts.profunds.com/etfdata/ByFund/TQQQ-historical_nav.csv,ProShares official daily NAV file
2023-07-03,918100000.0,20.6464,https://accounts.profunds.com/etfdata/ByFund/TQQQ-historical_nav.csv,ProShares official daily NAV file
2023-07-05,910100000.0,20.6258,https://accounts.profunds.com/etfdata/ByFund/TQQQ-historical_nav.csv,ProShares official daily NAV file
2023-07-06,918200000.0,20.13835,https://accounts.profunds.com/etfdata/ByFund/TQQQ-historical_nav.csv,ProShares official daily NAV file
2023-07-07,915300000.0,19.92385,https://accounts.profunds.com/etfdata/ByFund/TQQQ-historical_nav.csv,ProShares official daily NAV file
2023-07-10,916200000.0,19.95085,https://accounts.profunds.com/etfdata/ByFund/TQQQ-historical_nav.csv,ProShares official daily NAV file
2023-07-11,916600000.0,20.2361,https://accounts.profunds.com/etfdata/ByFund/TQQQ-historical_nav.csv,ProShares official daily NAV file
2023-07-12,909700000.0,20.9843,https://accounts.profunds.com/etfdata/ByFund/TQQQ-historical_nav.csv,ProShares official daily NAV file
2023-07-13,919400000.0,22.05065,https://accounts.profunds.com/etfdata/ByFund/TQQQ-historical_nav.csv,ProShares official daily NAV file
2023-07-14,908800000.0,22.0168,https://accounts.profunds.com/etfdata/ByFund/TQQQ-historical_nav.csv,ProShares official daily NAV file
2023-07-17,905000000.0,22.63495,https://accounts.profunds.com/etfdata/ByFund/TQQQ-historical_nav.csv,ProShares official daily NAV file
2023-07-18,896500000.0,23.1814,https://accounts.profunds.com/etfdata/ByFund/TQQQ-historical_nav.csv,ProShares official daily NAV file
2023-07-19,897700000.0,23.1076,https://accounts.profunds.com/etfdata/ByFund/TQQQ-historical_nav.csv,ProShares official daily NAV file
2023-07-20,912100000.0,21.5052,https://accounts.profunds.com/etfdata/ByFund/TQQQ-historical_nav.csv,ProShares official daily NAV file
2023-07-21,909100000.0,21.3301,https://accounts.profunds.com/etfdata/ByFund/TQQQ-historical_nav.csv,ProShares official daily NAV file
2023-07-24,909900000.0,21.41445,https://accounts.profunds.com/etfdata/ByFund/TQQQ-historical_nav.csv,ProShares official daily NAV file
2023-07-25,914500000.0,21.87865,https://accounts.profunds.com/etfdata/ByFund/TQQQ-historical_nav.csv,ProShares official daily NAV file
2023-07-26,911000000.0,21.6102,https://accounts.profunds.com/etfdata/ByFund/TQQQ-historical_nav.csv,ProShares official daily NAV file
2023-07-27,930000000.0,21.4433,https://accounts.profunds.com/etfdata/ByFund/TQQQ-historical_nav.csv,ProShares official daily NAV file
2023-07-28,905000000.0,22.6321,https://accounts.profunds.com/etfdata/ByFund/TQQQ-historical_nav.csv,ProShares official daily NAV file
2023-07-31,902700000.0,22.65005,https://accounts.profunds.com/etfdata/ByFund/TQQQ-historical_nav.csv,ProShares official daily NAV file
2023-08-01,899100000.0,22.4747,https://accounts.profunds.com/etfdata/ByFund/TQQQ-historical_nav.csv,ProShares official daily NAV file
2023-08-02,890600000.0,20.9782,https://accounts.profunds.com/etfdata/ByFund/TQQQ-historical_nav.csv,ProShares official daily NAV file
2023-08-03,916500000.0,20.8827,https://accounts.profunds.com/etfdata/ByFund/TQQQ-historical_nav.csv,ProShares official daily NAV file
2023-08-04,905100000.0,20.5587,https://accounts.profunds.com/etfdata/ByFund/TQQQ-historical_nav.csv,ProShares official daily NAV file
2023-08-07,902600000.0,21.08865,https://accounts.profunds.com/etfdata/ByFund/TQQQ-historical_nav.csv,ProShares official daily NAV file
2023-08-08,900100000.0,20.52835,https://accounts.profunds.com/etfdata/ByFund/TQQQ-historical_nav.csv,ProShares official daily NAV file
2023-08-09,899700000.0,19.83415,https://accounts.profunds.com/etfdata/ByFund/TQQQ-historical_nav.csv,ProShares official daily NAV file
2023-08-10,918400000.0,19.9263,https://accounts.profunds.com/etfdata/ByFund/TQQQ-historical_nav.csv,ProShares official daily NAV file
2023-08-11,909400000.0,19.5317,https://accounts.profunds.com/etfdata/ByFund/TQQQ-historical_nav.csv,ProShares official daily NAV file
2023-08-14,902400000.0,20.21895,https://accounts.profunds.com/etfdata/ByFund/TQQQ-historical_nav.csv,ProShares official daily NAV file
2023-08-15,907200000.0,19.54275,https://accounts.profunds.com/etfdata/ByFund/TQQQ-historical_nav.csv,ProShares official daily NAV file
2023-08-16,906900000.0,18.91985,https://accounts.profunds.com/etfdata/ByFund/TQQQ-historical_nav.csv,ProShares official daily NAV file
2023-08-17,917500000.0,18.29085,https://accounts.profunds.com/etfdata/ByFund/TQQQ-historical_nav.csv,ProShares official daily NAV file
2023-08-18,906200000.0,18.2092,https://accounts.profunds.com/etfdata/ByFund/TQQQ-historical_nav.csv,ProShares official daily NAV file
2023-08-21,902600000.0,19.1022,https://accounts.profunds.com/etfdata/ByFund/TQQQ-historical_nav.csv,ProShares official daily NAV file
2023-08-22,904000000.0,18.98905,https://accounts.profunds.com/etfdata/ByFund/TQQQ-historical_nav.csv,ProShares official daily NAV file
2023-08-23,896900000.0,19.89685,https://accounts.profunds.com/etfdata/ByFund/TQQQ-historical_nav.csv,ProShares official daily NAV file
2023-08-24,913200000.0,18.5701,https://accounts.profunds.com/etfdata/ByFund/TQQQ-historical_nav.csv,ProShares official daily NAV file
2023-08-25,908500000.0,19.03565,https://accounts.profunds.com/etfdata/ByFund/TQQQ-historical_nav.csv,ProShares official daily NAV file
2023-08-28,904000000.0,19.4514,https://accounts.profunds.com/etfdata/ByFund/TQQQ-historical_nav.csv,ProShares official daily NAV file
2023-08-29,899700000.0,20.7011,https://accounts.profunds.com/etfdata/ByFund/TQQQ-historical_nav.csv,ProShares official daily NAV file
2023-08-30,894200000.0,21.046,https://accounts.profunds.com/etfdata/ByFund/TQQQ-historical_nav.csv,ProShares official daily NAV file
2023-08-31,909800000.0,21.18445,https://accounts.profunds.com/etfdata/ByFund/TQQQ-historical_nav.csv,ProShares official daily NAV file
2023-09-01,898000000.0,21.14015,https://accounts.profunds.com/etfdata/ByFund/TQQQ-historical_nav.csv,ProShares official daily NAV file
2023-09-05,891900000.0,21.203,https://accounts.profunds.com/etfdata/ByFund/TQQQ-historical_nav.csv,ProShares official daily NAV file
2023-09-06,888200000.0,20.6355,https://accounts.profunds.com/etfdata/ByFund/TQQQ-historical_nav.csv,ProShares official daily NAV file
2023-09-07,898100000.0,20.1598,https://accounts.profunds.com/etfdata/ByFund/TQQQ-historical_nav.csv,ProShares official daily NAV file
2023-09-08,894000000.0,20.24,https://accounts.profunds.com/etfdata/ByFund/TQQQ-historical_nav.csv,ProShares official daily NAV file
2023-09-11,892800000.0,20.9538,https://accounts.profunds.com/etfdata/ByFund/TQQQ-historical_nav.csv,ProShares official daily NAV file
2023-09-12,888900000.0,20.2492,https://accounts.profunds.com/etfdata/ByFund/TQQQ-historical_nav.csv,ProShares official daily NAV file
2023-09-13,885300000.0,20.4751,https://accounts.profunds.com/etfdata/ByFund/TQQQ-historical_nav.csv,ProShares official daily NAV file
2023-09-14,916600000.0,20.95965,https://accounts.profunds.com/etfdata/ByFund/TQQQ-historical_nav.csv,ProShares official daily NAV file
2023-09-15,906100000.0,19.8505,https://accounts.profunds.com/etfdata/ByFund/TQQQ-historical_nav.csv,ProShares official daily NAV file
2023-09-18,903600000.0,19.9324,https://accounts.profunds.com/etfdata/ByFund/TQQQ-historical_nav.csv,ProShares official daily NAV file
2023-09-19,901800000.0,19.791,https://accounts.profunds.com/etfdata/ByFund/TQQQ-historical_nav.csv,ProShares official daily NAV file
2023-09-20,901700000.0,18.86205,https://accounts.profunds.com/etfdata/ByFund/TQQQ-historical_nav.csv,ProShares official daily NAV file
2023-09-21,929000000.0,17.7978,https://accounts.profunds.com/etfdata/ByFund/TQQQ-historical_nav.csv,ProShares official daily NAV file
2023-09-22,901100000.0,17.8183,https://accounts.profunds.com/etfdata/ByFund/TQQQ-historical_nav.csv,ProShares official daily NAV file
2023-09-25,896500000.0,18.05745,https://accounts.profunds.com/etfdata/ByFund/TQQQ-historical_nav.csv,ProShares official daily NAV file
2023-09-26,897700000.0,17.23325,https://accounts.profunds.com/etfdata/ByFund/TQQQ-historical_nav.csv,ProShares official daily NAV file
2023-09-27,892800000.0,17.34795,https://accounts.profunds.com/etfdata/ByFund/TQQQ-historical_nav.csv,ProShares official daily NAV file
2023-09-28,913900000.0,17.7695,https://accounts.profunds.com/etfdata/ByFund/TQQQ-historical_nav.csv,ProShares official daily NAV file
2023-09-29,915500000.0,17.80995,https://accounts.profunds.com/etfdata/ByFund/TQQQ-historical_nav.csv,ProShares official daily NAV file
2023-10-02,908400000.0,18.24655,https://accounts.profunds.com/etfdata/ByFund/TQQQ-historical_nav.csv,ProShares official daily NAV file
2023-10-03,918200000.0,17.25,https://accounts.profunds.com/etfdata/ByFund/TQQQ-historical_nav.csv,ProShares official daily NAV file
2023-10-04,917300000.0,17.9919,https://accounts.profunds.com/etfdata/ByFund/TQQQ-historical_nav.csv,ProShares official daily NAV file
2023-10-05,925800000.0,17.77135,https://accounts.profunds.com/etfdata/ByFund/TQQQ-historical_nav.csv,ProShares official daily NAV file
2023-10-06,915600000.0,18.6737,https://accounts.profunds.com/etfdata/ByFund/TQQQ-historical_nav.csv,ProShares official daily NAV file
2023-10-09,920100000.0,18.9493,https://accounts.profunds.com/etfdata/ByFund/TQQQ-historical_nav.csv,ProShares official daily NAV file
2023-10-10,911800000.0,19.26145,https://accounts.profunds.com/etfdata/ByFund/TQQQ-historical_nav.csv,ProShares official daily NAV file
2023-10-11,906400000.0,19.67325,https://accounts.profunds.com/etfdata/ByFund/TQQQ-historical_nav.csv,ProShares official daily NAV file
2023-10-12,919100000.0,19.4294,https://accounts.profunds.com/etfdata/ByFund/TQQQ-historical_nav.csv,ProShares official daily NAV file
2023-10-13,910900000.0,18.69925,https://accounts.profunds.com/etfdata/ByFund/TQQQ-historical_nav.csv,ProShares official daily NAV file
2023-10-16,904300000.0,19.3552,https://accounts.profunds.com/etfdata/ByFund/TQQQ-historical_nav.csv,ProShares official daily NAV file
2023-10-17,905300000.0,19.15435,https://accounts.profunds.com/etfdata/ByFund/TQQQ-historical_nav.csv,ProShares official daily NAV file
2023-10-18,899400000.0,18.33935,https://accounts.profunds.com/etfdata/ByFund/TQQQ-historical_nav.csv,ProShares official daily NAV file
2023-10-19,934700000.0,17.8528,https://accounts.profunds.com/etfdata/ByFund/TQQQ-historical_nav.csv,ProShares official daily NAV file
2023-10-20,924100000.0,17.0431,https://accounts.profunds.com/etfdata/ByFund/TQQQ-historical_nav.csv,ProShares official daily NAV file
2023-10-23,912600000.0,17.1912,https://accounts.profunds.com/etfdata/ByFund/TQQQ-historical_nav.csv,ProShares official daily NAV file
2023-10-24,910000000.0,17.68225,https://accounts.profunds.com/etfdata/ByFund/TQQQ-historical_nav.csv,ProShares official daily NAV file
2023-10-25,911100000.0,16.36655,https://accounts.profunds.com/etfdata/ByFund/TQQQ-historical_nav.csv,ProShares official daily NAV file
2023-10-26,962600000.0,15.418,https://accounts.profunds.com/etfdata/ByFund/TQQQ-historical_nav.csv,ProShares official daily NAV file
2023-10-27,946000000.0,15.6469,https://accounts.profunds.com/etfdata/ByFund/TQQQ-historical_nav.csv,ProShares official daily NAV file
2023-10-30,932400000.0,16.1584,https://accounts.profunds.com/etfdata/ByFund/TQQQ-historical_nav.csv,ProShares official daily NAV file
2023-10-31,924600000.0,16.4035,https://accounts.profunds.com/etfdata/ByFund/TQQQ-historical_nav.csv,ProShares official daily NAV file
2023-11-01,912400000.0,17.26985,https://accounts.profunds.com/etfdata/ByFund/TQQQ-historical_nav.csv,ProShares official daily NAV file
2023-11-02,938200000.0,18.1517,https://accounts.profunds.com/etfdata/ByFund/TQQQ-historical_nav.csv,ProShares official daily NAV file
2023-11-03,912400000.0,18.80545,https://accounts.profunds.com/etfdata/ByFund/TQQQ-historical_nav.csv,ProShares official daily NAV file
2023-11-06,901200000.0,19.0084,https://accounts.profunds.com/etfdata/ByFund/TQQQ-historical_nav.csv,ProShares official daily NAV file
2023-11-07,889500000.0,19.5329,https://accounts.profunds.com/etfdata/ByFund/TQQQ-historical_nav.csv,ProShares official daily NAV file
2023-11-08,882800000.0,19.592,https://accounts.profunds.com/etfdata/ByFund/TQQQ-historical_nav.csv,ProShares official daily NAV file
2023-11-09,907800000.0,19.09705,https://accounts.profunds.com/etfdata/ByFund/TQQQ-historical_nav.csv,ProShares official daily NAV file
2023-11-10,881800000.0,20.38785,https://accounts.profunds.com/etfdata/ByFund/TQQQ-historical_nav.csv,ProShares official daily NAV file
2023-11-13,875400000.0,20.2006,https://accounts.profunds.com/etfdata/ByFund/TQQQ-historical_nav.csv,ProShares official daily NAV file
2023-11-14,869300000.0,21.48885,https://accounts.profunds.com/etfdata/ByFund/TQQQ-historical_nav.csv,ProShares official daily NAV file
2023-11-15,859300000.0,21.5172,https://accounts.profunds.com/etfdata/ByFund/TQQQ-historical_nav.csv,ProShares official daily NAV file
2023-11-16,866600000.0,21.564,https://accounts.profunds.com/etfdata/ByFund/TQQQ-historical_nav.csv,ProShares official daily NAV file
2023-11-17,861200000.0,21.57765,https://accounts.profunds.com/etfdata/ByFund/TQQQ-historical_nav.csv,ProShares official daily NAV file
2023-11-20,862900000.0,22.3432,https://accounts.profunds.com/etfdata/ByFund/TQQQ-historical_nav.csv,ProShares official daily NAV file
2023-11-21,861500000.0,21.93795,https://accounts.profunds.com/etfdata/ByFund/TQQQ-historical_nav.csv,ProShares official daily NAV file
2023-11-22,872600000.0,22.1953,https://accounts.profunds.com/etfdata/ByFund/TQQQ-historical_nav.csv,ProShares official daily NAV file
2023-11-24,861900000.0,22.10745,https://accounts.profunds.com/etfdata/ByFund/TQQQ-historical_nav.csv,ProShares official daily NAV file
2023-11-27,857400000.0,22.01695,https://accounts.profunds.com/etfdata/ByFund/TQQQ-historical_nav.csv,ProShares official daily NAV file
2023-11-28,854000000.0,22.20905,https://accounts.profunds.com/etfdata/ByFund/TQQQ-historical_nav.csv,ProShares official daily NAV file
2023-11-29,850900000.0,22.1121,https://accounts.profunds.com/etfdata/ByFund/TQQQ-historical_nav.csv,ProShares official daily NAV file
2023-11-30,859600000.0,21.93905,https://accounts.profunds.com/etfdata/ByFund/TQQQ-historical_nav.csv,ProShares official daily NAV file
2023-12-01,849100000.0,22.14025,https://accounts.profunds.com/etfdata/ByFund/TQQQ-historical_nav.csv,ProShares official daily NAV file
2023-12-04,840300000.0,21.4771,https://accounts.profunds.com/etfdata/ByFund/TQQQ-historical_nav.csv,ProShares official daily NAV file
2023-12-05,839100000.0,21.62475,https://accounts.profunds.com/etfdata/ByFund/TQQQ-historical_nav.csv,ProShares official daily NAV file
2023-12-06,835300000.0,21.2513,https://accounts.profunds.com/etfdata/ByFund/TQQQ-historical_nav.csv,ProShares official daily NAV file
2023-12-07,852300000.0,22.1762,https://accounts.profunds.com/etfdata/ByFund/TQQQ-historical_nav.csv,ProShares official daily NAV file
2023-12-08,839300000.0,22.42835,https://accounts.profunds.com/etfdata/ByFund/TQQQ-historical_nav.csv,ProShares official daily NAV file
2023-12-11,833400000.0,22.9932,https://accounts.profunds.com/etfdata/ByFund/TQQQ-historical_nav.csv,ProShares official daily NAV file
2023-12-12,830900000.0,23.5506,https://accounts.profunds.com/etfdata/ByFund/TQQQ-historical_nav.csv,ProShares official daily NAV file
2023-12-13,827900000.0,24.4409,https://accounts.profunds.com/etfdata/ByFund/TQQQ-historical_nav.csv,ProShares official daily NAV file
2023-12-14,832400000.0,24.3108,https://accounts.profunds.com/etfdata/ByFund/TQQQ-historical_nav.csv,ProShares official daily NAV file
2023-12-15,816300000.0,24.6804,https://accounts.profunds.com/etfdata/ByFund/TQQQ-historical_nav.csv,ProShares official daily NAV file
2023-12-18,813200000.0,25.14545,https://accounts.profunds.com/etfdata/ByFund/TQQQ-historical_nav.csv,ProShares official daily NAV file
2023-12-19,811200000.0,25.52105,https://accounts.profunds.com/etfdata/ByFund/TQQQ-historical_nav.csv,ProShares official daily NAV file
2023-12-20,790000000.0,24.23255,https://accounts.profunds.com/etfdata/ByFund/TQQQ-historical_nav.csv,ProShares official daily NAV file
2023-12-21,803700000.0,25.08665,https://accounts.profunds.com/etfdata/ByFund/TQQQ-historical_nav.csv,ProShares official daily NAV file
2023-12-22,793900000.0,25.17205,https://accounts.profunds.com/etfdata/ByFund/TQQQ-historical_nav.csv,ProShares official daily NAV file
2023-12-26,803000000.0,25.61695,https://accounts.profunds.com/etfdata/ByFund/TQQQ-historical_nav.csv,ProShares official daily NAV file
2023-12-27,799400000.0,25.7384,https://accounts.profunds.com/etfdata/ByFund/TQQQ-historical_nav.csv,ProShares official daily NAV file
2023-12-28,808000000.0,25.6638,https://accounts.profunds.com/etfdata/ByFund/TQQQ-historical_nav.csv,ProShares official daily NAV file
2023-12-29,802200000.0,25.3305,https://accounts.profunds.com/etfdata/ByFund/TQQQ-historical_nav.csv,ProShares official daily NAV file
2024-01-02,803000000.0,24.05115,https://accounts.profunds.com/etfdata/ByFund/TQQQ-historical_nav.csv,ProShares official daily NAV file
2024-01-03,782300000.0,23.2855,https://accounts.profunds.com/etfdata/ByFund/TQQQ-historical_nav.csv,ProShares official daily NAV file
2024-01-04,791400000.0,22.89135,https://accounts.profunds.com/etfdata/ByFund/TQQQ-historical_nav.csv,ProShares official daily NAV file
2024-01-05,781400000.0,22.9861,https://accounts.profunds.com/etfdata/ByFund/TQQQ-historical_nav.csv,ProShares official daily NAV file
2024-01-08,781100000.0,24.4322,https://accounts.profunds.com/etfdata/ByFund/TQQQ-historical_nav.csv,ProShares official daily NAV file
2024-01-09,783400000.0,24.55165,https://accounts.profunds.com/etfdata/ByFund/TQQQ-historical_nav.csv,ProShares official daily NAV file
2024-01-10,780500000.0,25.0482,https://accounts.profunds.com/etfdata/ByFund/TQQQ-historical_nav.csv,ProShares official daily NAV file
2024-01-11,787900000.0,25.13475,https://accounts.profunds.com/etfdata/ByFund/TQQQ-historical_nav.csv,ProShares official daily NAV file
2024-01-12,775200000.0,25.1833,https://accounts.profunds.com/etfdata/ByFund/TQQQ-historical_nav.csv,ProShares official daily NAV file
2024-01-16,772500000.0,25.16315,https://accounts.profunds.com/etfdata/ByFund/TQQQ-historical_nav.csv,ProShares official daily NAV file
2024-01-17,765900000.0,24.7307,https://accounts.profunds.com/etfdata/ByFund/TQQQ-historical_nav.csv,ProShares official daily NAV file
2024-01-18,769300000.0,25.79265,https://accounts.profunds.com/etfdata/ByFund/TQQQ-historical_nav.csv,ProShares official daily NAV file
2024-01-19,761000000.0,27.29715,https://accounts.profunds.com/etfdata/ByFund/TQQQ-historical_nav.csv,ProShares official daily NAV file
2024-01-22,757700000.0,27.3646,https://accounts.profunds.com/etfdata/ByFund/TQQQ-historical_nav.csv,ProShares official daily NAV file
2024-01-23,759600000.0,27.70415,https://accounts.profunds.com/etfdata/ByFund/TQQQ-historical_nav.csv,ProShares official daily NAV file
2024-01-24,754500000.0,28.14765,https://accounts.profunds.com/etfdata/ByFund/TQQQ-historical_nav.csv,ProShares official daily NAV file
2024-01-25,759500000.0,28.2005,https://accounts.profunds.com/etfdata/ByFund/TQQQ-historical_nav.csv,ProShares official daily NAV file
2024-01-26,756700000.0,27.72825,https://accounts.profunds.com/etfdata/ByFund/TQQQ-historical_nav.csv,ProShares official daily NAV file
2024-01-29,752400000.0,28.556,https://accounts.profunds.com/etfdata/ByFund/TQQQ-historical_nav.csv,ProShares official daily NAV file
2024-01-30,751900000.0,27.97195,https://accounts.profunds.com/etfdata/ByFund/TQQQ-historical_nav.csv,ProShares official daily NAV file
2024-01-31,749600000.0,26.3325,https://accounts.profunds.com/etfdata/ByFund/TQQQ-historical_nav.csv,ProShares official daily NAV file
2024-02-01,754500000.0,27.25915,https://accounts.profunds.com/etfdata/ByFund/TQQQ-historical_nav.csv,ProShares official daily NAV file
2024-02-02,749300000.0,28.65725,https://accounts.profunds.com/etfdata/ByFund/TQQQ-historical_nav.csv,ProShares official daily NAV file
2024-02-05,747300000.0,28.50205,https://accounts.profunds.com/etfdata/ByFund/TQQQ-historical_nav.csv,ProShares official daily NAV file
2024-02-06,749800000.0,28.30065,https://accounts.profunds.com/etfdata/ByFund/TQQQ-historical_nav.csv,ProShares official daily NAV file
2024-02-07,748200000.0,29.17155,https://accounts.profunds.com/etfdata/ByFund/TQQQ-historical_nav.csv,ProShares official daily NAV file
2024-02-08,747300000.0,29.2855,https://accounts.profunds.com/etfdata/ByFund/TQQQ-historical_nav.csv,ProShares official daily NAV file
2024-02-09,741700000.0,30.1717,https://accounts.profunds.com/etfdata/ByFund/TQQQ-historical_nav.csv,ProShares official daily NAV file
2024-02-12,735800000.0,29.7625,https://accounts.profunds.com/etfdata/ByFund/TQQQ-historical_nav.csv,ProShares official daily NAV file
2024-02-13,737400000.0,28.34185,https://accounts.profunds.com/etfdata/ByFund/TQQQ-historical_nav.csv,ProShares official daily NAV file
2024-02-14,738300000.0,29.3474,https://accounts.profunds.com/etfdata/ByFund/TQQQ-historical_nav.csv,ProShares official daily NAV file
2024-02-15,740200000.0,29.5006,https://accounts.profunds.com/etfdata/ByFund/TQQQ-historical_nav.csv,ProShares official daily NAV file
2024-02-16,733900000.0,28.70345,https://accounts.profunds.com/etfdata/ByFund/TQQQ-historical_nav.csv,ProShares official daily NAV file
2024-02-20,736400000.0,28.01125,https://accounts.profunds.com/etfdata/ByFund/TQQQ-historical_nav.csv,ProShares official daily NAV file
2024-02-21,736000000.0,27.6859,https://accounts.profunds.com/etfdata/ByFund/TQQQ-historical_nav.csv,ProShares official daily NAV file
2024-02-22,729400000.0,30.15575,https://accounts.profunds.com/etfdata/ByFund/TQQQ-historical_nav.csv,ProShares official daily NAV file
2024-02-23,719700000.0,29.8133,https://accounts.profunds.com/etfdata/ByFund/TQQQ-historical_nav.csv,ProShares official daily NAV file
2024-02-26,714600000.0,29.7783,https://accounts.profunds.com/etfdata/ByFund/TQQQ-historical_nav.csv,ProShares official daily NAV file
2024-02-27,716700000.0,29.957,https://accounts.profunds.com/etfdata/ByFund/TQQQ-historical_nav.csv,ProShares official daily NAV file
2024-02-28,715600000.0,29.46995,https://accounts.profunds.com/etfdata/ByFund/TQQQ-historical_nav.csv,ProShares official daily NAV file
2024-02-29,717800000.0,30.29505,https://accounts.profunds.com/etfdata/ByFund/TQQQ-historical_nav.csv,ProShares official daily NAV file
2024-03-01,707400000.0,31.59415,https://accounts.profunds.com/etfdata/ByFund/TQQQ-historical_nav.csv,ProShares official daily NAV file
2024-03-04,703200000.0,31.19225,https://accounts.profunds.com/etfdata/ByFund/TQQQ-historical_nav.csv,ProShares official daily NAV file
2024-03-05,706500000.0,29.4945,https://accounts.profunds.com/etfdata/ByFund/TQQQ-historical_nav.csv,ProShares official daily NAV file
2024-03-06,702900000.0,30.0751,https://accounts.profunds.com/etfdata/ByFund/TQQQ-historical_nav.csv,ProShares official daily NAV file
2024-03-07,703700000.0,31.4545,https://accounts.profunds.com/etfdata/ByFund/TQQQ-historical_nav.csv,ProShares official daily NAV file
2024-03-08,700100000.0,30.00535,https://accounts.profunds.com/etfdata/ByFund/TQQQ-historical_nav.csv,ProShares official daily NAV file
2024-03-11,706100000.0,29.65865,https://accounts.profunds.com/etfdata/ByFund/TQQQ-historical_nav.csv,ProShares official daily NAV file
2024-03-12,706700000.0,30.9746,https://accounts.profunds.com/etfdata/ByFund/TQQQ-historical_nav.csv,ProShares official daily NAV file
2024-03-13,703800000.0,30.19515,https://accounts.profunds.com/etfdata/ByFund/TQQQ-historical_nav.csv,ProShares official daily NAV file
2024-03-14,709500000.0,29.9013,https://accounts.profunds.com/etfdata/ByFund/TQQQ-historical_nav.csv,ProShares official daily NAV file
2024-03-15,707000000.0,28.86485,https://accounts.profunds.com/etfdata/ByFund/TQQQ-historical_nav.csv,ProShares official daily NAV file
2024-03-18,743500000.0,29.71225,https://accounts.profunds.com/etfdata/ByFund/TQQQ-historical_nav.csv,ProShares official daily NAV file
2024-03-19,742500000.0,29.9344,https://accounts.profunds.com/etfdata/ByFund/TQQQ-historical_nav.csv,ProShares official daily NAV file
2024-03-20,715700000.0,30.86535,https://accounts.profunds.com/etfdata/ByFund/TQQQ-historical_nav.csv,ProShares official daily NAV file
2024-03-21,716200000.0,31.2379,https://accounts.profunds.com/etfdata/ByFund/TQQQ-historical_nav.csv,ProShares official daily NAV file
2024-03-22,711800000.0,31.327,https://accounts.profunds.com/etfdata/ByFund/TQQQ-historical_nav.csv,ProShares official daily NAV file
2024-03-25,710700000.0,30.99515,https://accounts.profunds.com/etfdata/ByFund/TQQQ-historical_nav.csv,ProShares official daily NAV file
2024-03-26,710700000.0,30.646,https://accounts.profunds.com/etfdata/ByFund/TQQQ-historical_nav.csv,ProShares official daily NAV file
2024-03-27,719000000.0,30.95895,https://accounts.profunds.com/etfdata/ByFund/TQQQ-historical_nav.csv,ProShares official daily NAV file
2024-03-28,717600000.0,30.8201,https://accounts.profunds.com/etfdata/ByFund/TQQQ-historical_nav.csv,ProShares official daily NAV file
2024-04-01,709400000.0,31.0007,https://accounts.profunds.com/etfdata/ByFund/TQQQ-historical_nav.csv,ProShares official daily NAV file
2024-04-02,710400000.0,30.127,https://accounts.profunds.com/etfdata/ByFund/TQQQ-historical_nav.csv,ProShares official daily NAV file
2024-04-03,705700000.0,30.31915,https://accounts.profunds.com/etfdata/ByFund/TQQQ-historical_nav.csv,ProShares official daily NAV file
2024-04-04,709400000.0,28.8751,https://accounts.profunds.com/etfdata/ByFund/TQQQ-historical_nav.csv,ProShares official daily NAV file
2024-04-05,706000000.0,29.9795,https://accounts.profunds.com/etfdata/ByFund/TQQQ-historical_nav.csv,ProShares official daily NAV file
2024-04-08,704500000.0,29.9267,https://accounts.profunds.com/etfdata/ByFund/TQQQ-historical_nav.csv,ProShares official daily NAV file
2024-04-09,702600000.0,30.26285,https://accounts.profunds.com/etfdata/ByFund/TQQQ-historical_nav.csv,ProShares official daily NAV file
2024-04-10,704700000.0,29.4598,https://accounts.profunds.com/etfdata/ByFund/TQQQ-historical_nav.csv,ProShares official daily NAV file
2024-04-11,704300000.0,30.8794,https://accounts.profunds.com/etfdata/ByFund/TQQQ-historical_nav.csv,ProShares official daily NAV file
2024-04-12,708300000.0,29.3312,https://accounts.profunds.com/etfdata/ByFund/TQQQ-historical_nav.csv,ProShares official daily NAV file
2024-04-15,708000000.0,27.86905,https://accounts.profunds.com/etfdata/ByFund/TQQQ-historical_nav.csv,ProShares official daily NAV file
2024-04-16,708100000.0,27.89085,https://accounts.profunds.com/etfdata/ByFund/TQQQ-historical_nav.csv,ProShares official daily NAV file
2024-04-17,708400000.0,26.84155,https://accounts.profunds.com/etfdata/ByFund/TQQQ-historical_nav.csv,ProShares official daily NAV file
2024-04-18,714800000.0,26.3527,https://accounts.profunds.com/etfdata/ByFund/TQQQ-historical_nav.csv,ProShares official daily NAV file
2024-04-19,715100000.0,24.725,https://accounts.profunds.com/etfdata/ByFund/TQQQ-historical_nav.csv,ProShares official daily NAV file
2024-04-22,724200000.0,25.46865,https://accounts.profunds.com/etfdata/ByFund/TQQQ-historical_nav.csv,ProShares official daily NAV file
2024-04-23,723700000.0,26.61585,https://accounts.profunds.com/etfdata/ByFund/TQQQ-historical_nav.csv,ProShares official daily NAV file
2024-04-24,722400000.0,26.8604,https://accounts.profunds.com/etfdata/ByFund/TQQQ-historical_nav.csv,ProShares official daily NAV file
2024-04-25,729900000.0,26.3902,https://accounts.profunds.com/etfdata/ByFund/TQQQ-historical_nav.csv,ProShares official daily NAV file
2024-04-26,728900000.0,27.69005,https://accounts.profunds.com/etfdata/ByFund/TQQQ-historical_nav.csv,ProShares official daily NAV file
2024-04-29,726700000.0,27.98045,https://accounts.profunds.com/etfdata/ByFund/TQQQ-historical_nav.csv,ProShares official daily NAV file
2024-04-30,727200000.0,26.35715,https://accounts.profunds.com/etfdata/ByFund/TQQQ-historical_nav.csv,ProShares official daily NAV file
2024-05-01,724300000.0,25.79295,https://accounts.profunds.com/etfdata/ByFund/TQQQ-historical_nav.csv,ProShares official daily NAV file
2024-05-02,727800000.0,26.75865,https://accounts.profunds.com/etfdata/ByFund/TQQQ-historical_nav.csv,ProShares official daily NAV file
2024-05-03,722100000.0,28.35165,https://accounts.profunds.com/etfdata/ByFund/TQQQ-historical_nav.csv,ProShares official daily NAV file
2024-05-06,721200000.0,29.3063,https://accounts.profunds.com/etfdata/ByFund/TQQQ-historical_nav.csv,ProShares official daily NAV file
2024-05-07,716900000.0,29.29425,https://accounts.profunds.com/etfdata/ByFund/TQQQ-historical_nav.csv,ProShares official daily NAV file
2024-05-08,716300000.0,29.2521,https://accounts.profunds.com/etfdata/ByFund/TQQQ-historical_nav.csv,ProShares official daily NAV file
2024-05-09,717500000.0,29.3653,https://accounts.profunds.com/etfdata/ByFund/TQQQ-historical_nav.csv,ProShares official daily NAV file
2024-05-10,714900000.0,29.60125,https://accounts.profunds.com/etfdata/ByFund/TQQQ-historical_nav.csv,ProShares official daily NAV file
2024-05-13,715100000.0,29.77335,https://accounts.profunds.com/etfdata/ByFund/TQQQ-historical_nav.csv,ProShares official daily NAV file
2024-05-14,711100000.0,30.3768,https://accounts.profunds.com/etfdata/ByFund/TQQQ-historical_nav.csv,ProShares official daily NAV file
2024-05-15,704400000.0,31.7425,https://accounts.profunds.com/etfdata/ByFund/TQQQ-historical_nav.csv,ProShares official daily NAV file
2024-05-16,704000000.0,31.5254,https://accounts.profunds.com/etfdata/ByFund/TQQQ-historical_nav.csv,ProShares official daily NAV file
2024-05-17,699400000.0,31.4587,https://accounts.profunds.com/etfdata/ByFund/TQQQ-historical_nav.csv,ProShares official daily NAV file
2024-05-20,699200000.0,32.0988,https://accounts.profunds.com/etfdata/ByFund/TQQQ-historical_nav.csv,ProShares official daily NAV file
2024-05-21,696500000.0,32.29295,https://accounts.profunds.com/etfdata/ByFund/TQQQ-historical_nav.csv,ProShares official daily NAV file
2024-05-22,695300000.0,32.23885,https://accounts.profunds.com/etfdata/ByFund/TQQQ-historical_nav.csv,ProShares official daily NAV file
2024-05-23,695300000.0,31.76825,https://accounts.profunds.com/etfdata/ByFund/TQQQ-historical_nav.csv,ProShares official daily NAV file
2024-05-24,683000000.0,32.70785,https://accounts.profunds.com/etfdata/ByFund/TQQQ-historical_nav.csv,ProShares official daily NAV file
2024-05-28,682600000.0,33.01385,https://accounts.profunds.com/etfdata/ByFund/TQQQ-historical_nav.csv,ProShares official daily NAV file
2024-05-29,681000000.0,32.306,https://accounts.profunds.com/etfdata/ByFund/TQQQ-historical_nav.csv,ProShares official daily NAV file
2024-05-30,683900000.0,31.2767,https://accounts.profunds.com/etfdata/ByFund/TQQQ-historical_nav.csv,ProShares official daily NAV file
2024-05-31,687800000.0,31.2395,https://accounts.profunds.com/etfdata/ByFund/TQQQ-historical_nav.csv,ProShares official daily NAV file
2024-06-03,685700000.0,31.5509,https://accounts.profunds.com/etfdata/ByFund/TQQQ-historical_nav.csv,ProShares official daily NAV file
2024-06-04,685200000.0,31.82175,https://accounts.profunds.com/etfdata/ByFund/TQQQ-historical_nav.csv,ProShares official daily NAV file
2024-06-05,674300000.0,33.75605,https://accounts.profunds.com/etfdata/ByFund/TQQQ-historical_nav.csv,ProShares official daily NAV file
2024-06-06,667100000.0,33.67335,https://accounts.profunds.com/etfdata/ByFund/TQQQ-historical_nav.csv,ProShares official daily NAV file
2024-06-07,661600000.0,33.5457,https://accounts.profunds.com/etfdata/ByFund/TQQQ-historical_nav.csv,ProShares official daily NAV file
2024-06-10,660200000.0,33.92895,https://accounts.profunds.com/etfdata/ByFund/TQQQ-historical_nav.csv,ProShares official daily NAV file
2024-06-11,657400000.0,34.6413,https://accounts.profunds.com/etfdata/ByFund/TQQQ-historical_nav.csv,ProShares official daily NAV file
2024-06-12,653100000.0,36.0083,https://accounts.profunds.com/etfdata/ByFund/TQQQ-historical_nav.csv,ProShares official daily NAV file
2024-06-13,649000000.0,36.6164,https://accounts.profunds.com/etfdata/ByFund/TQQQ-historical_nav.csv,ProShares official daily NAV file
2024-06-14,645500000.0,37.0621,https://accounts.profunds.com/etfdata/ByFund/TQQQ-historical_nav.csv,ProShares official daily NAV file
2024-06-17,643700000.0,38.42125,https://accounts.profunds.com/etfdata/ByFund/TQQQ-historical_nav.csv,ProShares official daily NAV file
2024-06-18,642500000.0,38.4314,https://accounts.profunds.com/etfdata/ByFund/TQQQ-historical_nav.csv,ProShares official daily NAV file
2024-06-20,641600000.0,37.51005,https://accounts.profunds.com/etfdata/ByFund/TQQQ-historical_nav.csv,ProShares official daily NAV file
2024-06-21,635900000.0,37.1757,https://accounts.profunds.com/etfdata/ByFund/TQQQ-historical_nav.csv,ProShares official daily NAV file
2024-06-24,634400000.0,35.9007,https://accounts.profunds.com/etfdata/ByFund/TQQQ-historical_nav.csv,ProShares official daily NAV file
2024-06-25,640100000.0,37.13985,https://accounts.profunds.com/etfdata/ByFund/TQQQ-historical_nav.csv,ProShares official daily NAV file
2024-06-26,635000000.0,37.26565,https://accounts.profunds.com/etfdata/ByFund/TQQQ-historical_nav.csv,ProShares official daily NAV file
2024-06-27,636100000.0,37.46835,https://accounts.profunds.com/etfdata/ByFund/TQQQ-historical_nav.csv,ProShares official daily NAV file
2024-06-28,640300000.0,36.8332,https://accounts.profunds.com/etfdata/ByFund/TQQQ-historical_nav.csv,ProShares official daily NAV file
2024-07-01,640200000.0,37.54465,https://accounts.profunds.com/etfdata/ByFund/TQQQ-historical_nav.csv,ProShares official daily NAV file
2024-07-02,640500000.0,38.66695,https://accounts.profunds.com/etfdata/ByFund/TQQQ-historical_nav.csv,ProShares official daily NAV file
2024-07-03,637600000.0,39.65965,https://accounts.profunds.com/etfdata/ByFund/TQQQ-historical_nav.csv,ProShares official daily NAV file
2024-07-05,630900000.0,40.8428,https://accounts.profunds.com/etfdata/ByFund/TQQQ-historical_nav.csv,ProShares official daily NAV file
2024-07-08,629600000.0,41.1127,https://accounts.profunds.com/etfdata/ByFund/TQQQ-historical_nav.csv,ProShares official daily NAV file
2024-07-09,627200000.0,41.18085,https://accounts.profunds.com/etfdata/ByFund/TQQQ-historical_nav.csv,ProShares official daily NAV file
2024-07-10,625500000.0,42.5111,https://accounts.profunds.com/etfdata/ByFund/TQQQ-historical_nav.csv,ProShares official daily NAV file
2024-07-11,626800000.0,39.6372,https://accounts.profunds.com/etfdata/ByFund/TQQQ-historical_nav.csv,ProShares official daily NAV file
2024-07-12,628200000.0,40.2965,https://accounts.profunds.com/etfdata/ByFund/TQQQ-historical_nav.csv,ProShares official daily NAV file
2024-07-15,630900000.0,40.61095,https://accounts.profunds.com/etfdata/ByFund/TQQQ-historical_nav.csv,ProShares official daily NAV file
2024-07-16,629700000.0,40.66715,https://accounts.profunds.com/etfdata/ByFund/TQQQ-historical_nav.csv,ProShares official daily NAV file
2024-07-17,626500000.0,37.06945,https://accounts.profunds.com/etfdata/ByFund/TQQQ-historical_nav.csv,ProShares official daily NAV file
2024-07-18,634700000.0,36.52645,https://accounts.profunds.com/etfdata/ByFund/TQQQ-historical_nav.csv,ProShares official daily NAV file
2024-07-19,644600000.0,35.4756,https://accounts.profunds.com/etfdata/ByFund/TQQQ-historical_nav.csv,ProShares official daily NAV file
2024-07-22,638300000.0,37.09505,https://accounts.profunds.com/etfdata/ByFund/TQQQ-historical_nav.csv,ProShares official daily NAV file
2024-07-23,636200000.0,36.6958,https://accounts.profunds.com/etfdata/ByFund/TQQQ-historical_nav.csv,ProShares official daily NAV file
2024-07-24,647300000.0,32.66155,https://accounts.profunds.com/etfdata/ByFund/TQQQ-historical_nav.csv,ProShares official daily NAV file
2024-07-25,651700000.0,31.60915,https://accounts.profunds.com/etfdata/ByFund/TQQQ-historical_nav.csv,ProShares official daily NAV file
2024-07-26,655300000.0,32.55135,https://accounts.profunds.com/etfdata/ByFund/TQQQ-historical_nav.csv,ProShares official daily NAV file
2024-07-29,661700000.0,32.7235,https://accounts.profunds.com/etfdata/ByFund/TQQQ-historical_nav.csv,ProShares official daily NAV file
2024-07-30,663200000.0,31.35455,https://accounts.profunds.com/etfdata/ByFund/TQQQ-historical_nav.csv,ProShares official daily NAV file
2024-07-31,673000000.0,34.1812,https://accounts.profunds.com/etfdata/ByFund/TQQQ-historical_nav.csv,ProShares official daily NAV file
2024-08-01,677000000.0,31.66695,https://accounts.profunds.com/etfdata/ByFund/TQQQ-historical_nav.csv,ProShares official daily NAV file
2024-08-02,665800000.0,29.3731,https://accounts.profunds.com/etfdata/ByFund/TQQQ-historical_nav.csv,ProShares official daily NAV file
2024-08-05,678200000.0,26.75515,https://accounts.profunds.com/etfdata/ByFund/TQQQ-historical_nav.csv,ProShares official daily NAV file
2024-08-06,682200000.0,27.5612,https://accounts.profunds.com/etfdata/ByFund/TQQQ-historical_nav.csv,ProShares official daily NAV file
2024-08-07,679400000.0,26.59125,https://accounts.profunds.com/etfdata/ByFund/TQQQ-historical_nav.csv,ProShares official daily NAV file
2024-08-08,677500000.0,29.02565,https://accounts.profunds.com/etfdata/ByFund/TQQQ-historical_nav.csv,ProShares official daily NAV file
2024-08-09,676100000.0,29.46805,https://accounts.profunds.com/etfdata/ByFund/TQQQ-historical_nav.csv,ProShares official daily NAV file
2024-08-12,677200000.0,29.60535,https://accounts.profunds.com/etfdata/ByFund/TQQQ-historical_nav.csv,ProShares official daily NAV file
2024-08-13,676600000.0,31.81935,https://accounts.profunds.com/etfdata/ByFund/TQQQ-historical_nav.csv,ProShares official daily NAV file
2024-08-14,679000000.0,31.88805,https://accounts.profunds.com/etfdata/ByFund/TQQQ-historical_nav.csv,ProShares official daily NAV file
2024-08-15,678900000.0,34.24625,https://accounts.profunds.com/etfdata/ByFund/TQQQ-historical_nav.csv,ProShares official daily NAV file
2024-08-16,677100000.0,34.32875,https://accounts.profunds.com/etfdata/ByFund/TQQQ-historical_nav.csv,ProShares official daily NAV file
2024-08-19,675200000.0,35.6758,https://accounts.profunds.com/etfdata/ByFund/TQQQ-historical_nav.csv,ProShares official daily NAV file
2024-08-20,674000000.0,35.4116,https://accounts.profunds.com/etfdata/ByFund/TQQQ-historical_nav.csv,ProShares official daily NAV file
2024-08-21,668900000.0,35.9647,https://accounts.profunds.com/etfdata/ByFund/TQQQ-historical_nav.csv,ProShares official daily NAV file
2024-08-22,668700000.0,34.1444,https://accounts.profunds.com/etfdata/ByFund/TQQQ-historical_nav.csv,ProShares official daily NAV file
2024-08-23,666500000.0,35.31015,https://accounts.profunds.com/etfdata/ByFund/TQQQ-historical_nav.csv,ProShares official daily NAV file
2024-08-26,666700000.0,34.2,https://accounts.profunds.com/etfdata/ByFund/TQQQ-historical_nav.csv,ProShares official daily NAV file
2024-08-27,666000000.0,34.52945,https://accounts.profunds.com/etfdata/ByFund/TQQQ-historical_nav.csv,ProShares official daily NAV file
2024-08-28,664900000.0,33.29605,https://accounts.profunds.com/etfdata/ByFund/TQQQ-historical_nav.csv,ProShares official daily NAV file
2024-08-29,667300000.0,33.15365,https://accounts.profunds.com/etfdata/ByFund/TQQQ-historical_nav.csv,ProShares official daily NAV file
2024-08-30,663900000.0,34.39875,https://accounts.profunds.com/etfdata/ByFund/TQQQ-historical_nav.csv,ProShares official daily NAV file
2024-09-03,663000000.0,31.1407,https://accounts.profunds.com/etfdata/ByFund/TQQQ-historical_nav.csv,ProShares official daily NAV file
2024-09-04,662400000.0,30.949,https://accounts.profunds.com/etfdata/ByFund/TQQQ-historical_nav.csv,ProShares official daily NAV file
2024-09-05,665300000.0,30.98715,https://accounts.profunds.com/etfdata/ByFund/TQQQ-historical_nav.csv,ProShares official daily NAV file
2024-09-06,667700000.0,28.4716,https://accounts.profunds.com/etfdata/ByFund/TQQQ-historical_nav.csv,ProShares official daily NAV file
2024-09-09,664900000.0,29.57505,https://accounts.profunds.com/etfdata/ByFund/TQQQ-historical_nav.csv,ProShares official daily NAV file
2024-09-10,669800000.0,30.3666,https://accounts.profunds.com/etfdata/ByFund/TQQQ-historical_nav.csv,ProShares official daily NAV file
2024-09-11,683900000.0,32.3296,https://accounts.profunds.com/etfdata/ByFund/TQQQ-historical_nav.csv,ProShares official daily NAV file
2024-09-12,683500000.0,33.25525,https://accounts.profunds.com/etfdata/ByFund/TQQQ-historical_nav.csv,ProShares official daily NAV file
2024-09-13,679000000.0,33.70335,https://accounts.profunds.com/etfdata/ByFund/TQQQ-historical_nav.csv,ProShares official daily NAV file
2024-09-16,678300000.0,33.22035,https://accounts.profunds.com/etfdata/ByFund/TQQQ-historical_nav.csv,ProShares official daily NAV file
2024-09-17,677500000.0,33.2587,https://accounts.profunds.com/etfdata/ByFund/TQQQ-historical_nav.csv,ProShares official daily NAV file
2024-09-18,675600000.0,32.79655,https://accounts.profunds.com/etfdata/ByFund/TQQQ-historical_nav.csv,ProShares official daily NAV file
2024-09-19,671000000.0,35.3212,https://accounts.profunds.com/etfdata/ByFund/TQQQ-historical_nav.csv,ProShares official daily NAV file
2024-09-20,687300000.0,35.02865,https://accounts.profunds.com/etfdata/ByFund/TQQQ-historical_nav.csv,ProShares official daily NAV file
2024-09-23,685600000.0,35.3375,https://accounts.profunds.com/etfdata/ByFund/TQQQ-historical_nav.csv,ProShares official daily NAV file
2024-09-24,684300000.0,35.8206,https://accounts.profunds.com/etfdata/ByFund/TQQQ-historical_nav.csv,ProShares official daily NAV file
2024-09-25,683000000.0,35.84235,https://accounts.profunds.com/etfdata/ByFund/TQQQ-historical_nav.csv,ProShares official daily NAV file
2024-09-26,682200000.0,36.60065,https://accounts.profunds.com/etfdata/ByFund/TQQQ-historical_nav.csv,ProShares official daily NAV file
2024-09-27,680400000.0,35.983,https://accounts.profunds.com/etfdata/ByFund/TQQQ-historical_nav.csv,ProShares official daily NAV file
2024-09-30,677800000.0,36.25315,https://accounts.profunds.com/etfdata/ByFund/TQQQ-historical_nav.csv,ProShares official daily NAV file
2024-10-01,676100000.0,34.6834,https://accounts.profunds.com/etfdata/ByFund/TQQQ-historical_nav.csv,ProShares official daily NAV file
2024-10-02,674400000.0,34.8459,https://accounts.profunds.com/etfdata/ByFund/TQQQ-historical_nav.csv,ProShares official daily NAV file
2024-10-03,674900000.0,34.7846,https://accounts.profunds.com/etfdata/ByFund/TQQQ-historical_nav.csv,ProShares official daily NAV file
2024-10-04,670900000.0,36.02575,https://accounts.profunds.com/etfdata/ByFund/TQQQ-historical_nav.csv,ProShares official daily NAV file
2024-10-07,673900000.0,34.7495,https://accounts.profunds.com/etfdata/ByFund/TQQQ-historical_nav.csv,ProShares official daily NAV file
2024-10-08,672700000.0,36.35445,https://accounts.profunds.com/etfdata/ByFund/TQQQ-historical_nav.csv,ProShares official daily NAV file
2024-10-09,671400000.0,37.21645,https://accounts.profunds.com/etfdata/ByFund/TQQQ-historical_nav.csv,ProShares official daily NAV file
2024-10-10,672000000.0,37.0561,https://accounts.profunds.com/etfdata/ByFund/TQQQ-historical_nav.csv,ProShares official daily NAV file
2024-10-11,664700000.0,37.175,https://accounts.profunds.com/etfdata/ByFund/TQQQ-historical_nav.csv,ProShares official daily NAV file
2024-10-14,661800000.0,38.09175,https://accounts.profunds.com/etfdata/ByFund/TQQQ-historical_nav.csv,ProShares official daily NAV file
2024-10-15,662400000.0,36.51855,https://accounts.profunds.com/etfdata/ByFund/TQQQ-historical_nav.csv,ProShares official daily NAV file
2024-10-16,663200000.0,36.5828,https://accounts.profunds.com/etfdata/ByFund/TQQQ-historical_nav.csv,ProShares official daily NAV file
2024-10-17,662100000.0,36.66025,https://accounts.profunds.com/etfdata/ByFund/TQQQ-historical_nav.csv,ProShares official daily NAV file
2024-10-18,655500000.0,37.3515,https://accounts.profunds.com/etfdata/ByFund/TQQQ-historical_nav.csv,ProShares official daily NAV file
2024-10-21,651900000.0,37.54325,https://accounts.profunds.com/etfdata/ByFund/TQQQ-historical_nav.csv,ProShares official daily NAV file
2024-10-22,649400000.0,37.6536,https://accounts.profunds.com/etfdata/ByFund/TQQQ-historical_nav.csv,ProShares official daily NAV file
2024-10-23,652900000.0,35.8856,https://accounts.profunds.com/etfdata/ByFund/TQQQ-historical_nav.csv,ProShares official daily NAV file
2024-10-24,651800000.0,36.7625,https://accounts.profunds.com/etfdata/ByFund/TQQQ-historical_nav.csv,ProShares official daily NAV file
2024-10-25,645500000.0,37.3784,https://accounts.profunds.com/etfdata/ByFund/TQQQ-historical_nav.csv,ProShares official daily NAV file
2024-10-28,643300000.0,37.3594,https://accounts.profunds.com/etfdata/ByFund/TQQQ-historical_nav.csv,ProShares official daily NAV file
2024-10-29,642500000.0,38.44725,https://accounts.profunds.com/etfdata/ByFund/TQQQ-historical_nav.csv,ProShares official daily NAV file
2024-10-30,641500000.0,37.5205,https://accounts.profunds.com/etfdata/ByFund/TQQQ-historical_nav.csv,ProShares official daily NAV file
2024-10-31,653800000.0,34.7698,https://accounts.profunds.com/etfdata/ByFund/TQQQ-historical_nav.csv,ProShares official daily NAV file
2024-11-01,649700000.0,35.488,https://accounts.profunds.com/etfdata/ByFund/TQQQ-historical_nav.csv,ProShares official daily NAV file
2024-11-04,650800000.0,35.1072,https://accounts.profunds.com/etfdata/ByFund/TQQQ-historical_nav.csv,ProShares official daily NAV file
2024-11-05,650600000.0,36.4873,https://accounts.profunds.com/etfdata/ByFund/TQQQ-historical_nav.csv,ProShares official daily NAV file
2024-11-06,643500000.0,39.4716,https://accounts.profunds.com/etfdata/ByFund/TQQQ-historical_nav.csv,ProShares official daily NAV file
2024-11-07,636900000.0,41.28625,https://accounts.profunds.com/etfdata/ByFund/TQQQ-historical_nav.csv,ProShares official daily NAV file
2024-11-08,626300000.0,41.341,https://accounts.profunds.com/etfdata/ByFund/TQQQ-historical_nav.csv,ProShares official daily NAV file
2024-11-11,623500000.0,41.2759,https://accounts.profunds.com/etfdata/ByFund/TQQQ-historical_nav.csv,ProShares official daily NAV file
2024-11-12,621800000.0,41.054,https://accounts.profunds.com/etfdata/ByFund/TQQQ-historical_nav.csv,ProShares official daily NAV file
2024-11-13,618700000.0,40.8411,https://accounts.profunds.com/etfdata/ByFund/TQQQ-historical_nav.csv,ProShares official daily NAV file
2024-11-14,621700000.0,40.01615,https://accounts.profunds.com/etfdata/ByFund/TQQQ-historical_nav.csv,ProShares official daily NAV file
2024-11-15,631300000.0,37.1077,https://accounts.profunds.com/etfdata/ByFund/TQQQ-historical_nav.csv,ProShares official daily NAV file
2024-11-18,641800000.0,37.89485,https://accounts.profunds.com/etfdata/ByFund/TQQQ-historical_nav.csv,ProShares official daily NAV file
2024-11-19,640400000.0,38.68625,https://accounts.profunds.com/etfdata/ByFund/TQQQ-historical_nav.csv,ProShares official daily NAV file
2024-11-20,641200000.0,38.57535,https://accounts.profunds.com/etfdata/ByFund/TQQQ-historical_nav.csv,ProShares official daily NAV file
2024-11-21,638600000.0,38.99765,https://accounts.profunds.com/etfdata/ByFund/TQQQ-historical_nav.csv,ProShares official daily NAV file
2024-11-22,634600000.0,39.1611,https://accounts.profunds.com/etfdata/ByFund/TQQQ-historical_nav.csv,ProShares official daily NAV file
2024-11-25,633500000.0,39.3104,https://accounts.profunds.com/etfdata/ByFund/TQQQ-historical_nav.csv,ProShares official daily NAV file
2024-11-26,636600000.0,39.9658,https://accounts.profunds.com/etfdata/ByFund/TQQQ-historical_nav.csv,ProShares official daily NAV file
2024-11-27,636400000.0,38.9266,https://accounts.profunds.com/etfdata/ByFund/TQQQ-historical_nav.csv,ProShares official daily NAV file
2024-11-29,635100000.0,39.94145,https://accounts.profunds.com/etfdata/ByFund/TQQQ-historical_nav.csv,ProShares official daily NAV file
2024-12-02,633000000.0,41.26605,https://accounts.profunds.com/etfdata/ByFund/TQQQ-historical_nav.csv,ProShares official daily NAV file
2024-12-03,642900000.0,41.6366,https://accounts.profunds.com/etfdata/ByFund/TQQQ-historical_nav.csv,ProShares official daily NAV file
2024-12-04,638100000.0,43.16915,https://accounts.profunds.com/etfdata/ByFund/TQQQ-historical_nav.csv,ProShares official daily NAV file
2024-12-05,633400000.0,42.7617,https://accounts.profunds.com/etfdata/ByFund/TQQQ-historical_nav.csv,ProShares official daily NAV file
2024-12-06,625600000.0,43.9171,https://accounts.profunds.com/etfdata/ByFund/TQQQ-historical_nav.csv,ProShares official daily NAV file
2024-12-09,622400000.0,42.80725,https://accounts.profunds.com/etfdata/ByFund/TQQQ-historical_nav.csv,ProShares official daily NAV file
2024-12-10,623900000.0,42.3577,https://accounts.profunds.com/etfdata/ByFund/TQQQ-historical_nav.csv,ProShares official daily NAV file
2024-12-11,620700000.0,44.6992,https://accounts.profunds.com/etfdata/ByFund/TQQQ-historical_nav.csv,ProShares official daily NAV file
2024-12-12,621800000.0,43.769,https://accounts.profunds.com/etfdata/ByFund/TQQQ-historical_nav.csv,ProShares official daily NAV file
2024-12-13,615700000.0,44.73945,https://accounts.profunds.com/etfdata/ByFund/TQQQ-historical_nav.csv,ProShares official daily NAV file
2024-12-16,613700000.0,46.6775,https://accounts.profunds.com/etfdata/ByFund/TQQQ-historical_nav.csv,ProShares official daily NAV file
2024-12-17,611900000.0,46.05635,https://accounts.profunds.com/etfdata/ByFund/TQQQ-historical_nav.csv,ProShares official daily NAV file
2024-12-18,613200000.0,41.06775,https://accounts.profunds.com/etfdata/ByFund/TQQQ-historical_nav.csv,ProShares official daily NAV file
2024-12-19,621300000.0,40.473,https://accounts.profunds.com/etfdata/ByFund/TQQQ-historical_nav.csv,ProShares official daily NAV file
2024-12-20,623600000.0,41.4641,https://accounts.profunds.com/etfdata/ByFund/TQQQ-historical_nav.csv,ProShares official daily NAV file
2024-12-23,627500000.0,42.5685,https://accounts.profunds.com/etfdata/ByFund/TQQQ-historical_nav.csv,ProShares official daily NAV file
2024-12-24,627700000.0,44.2892,https://accounts.profunds.com/etfdata/ByFund/TQQQ-historical_nav.csv,ProShares official daily NAV file
2024-12-26,624300000.0,44.09605,https://accounts.profunds.com/etfdata/ByFund/TQQQ-historical_nav.csv,ProShares official daily NAV file
2024-12-27,626500000.0,42.2608,https://accounts.profunds.com/etfdata/ByFund/TQQQ-historical_nav.csv,ProShares official daily NAV file
2024-12-30,628100000.0,40.61675,https://accounts.profunds.com/etfdata/ByFund/TQQQ-historical_nav.csv,ProShares official daily NAV file
2024-12-31,628200000.0,39.53275,https://accounts.profunds.com/etfdata/ByFund/TQQQ-historical_nav.csv,ProShares official daily NAV file
2025-01-02,627500000.0,39.3101,https://accounts.profunds.com/etfdata/ByFund/TQQQ-historical_nav.csv,ProShares official daily NAV file
2025-01-03,619200000.0,41.2594,https://accounts.profunds.com/etfdata/ByFund/TQQQ-historical_nav.csv,ProShares official daily NAV file
2025-01-06,613800000.0,42.6004,https://accounts.profunds.com/etfdata/ByFund/TQQQ-historical_nav.csv,ProShares official daily NAV file
2025-01-07,613400000.0,40.29715,https://accounts.profunds.com/etfdata/ByFund/TQQQ-historical_nav.csv,ProShares official daily NAV file
2025-01-08,631400000.0,40.3233,https://accounts.profunds.com/etfdata/ByFund/TQQQ-historical_nav.csv,ProShares official daily NAV file
2025-01-10,622700000.0,38.3848,https://accounts.profunds.com/etfdata/ByFund/TQQQ-historical_nav.csv,ProShares official daily NAV file
2025-01-13,621500000.0,38.02275,https://accounts.profunds.com/etfdata/ByFund/TQQQ-historical_nav.csv,ProShares official daily NAV file
2025-01-14,617600000.0,37.86065,https://accounts.profunds.com/etfdata/ByFund/TQQQ-historical_nav.csv,ProShares official daily NAV file
2025-01-15,614100000.0,40.47675,https://accounts.profunds.com/etfdata/ByFund/TQQQ-historical_nav.csv,ProShares official daily NAV file
2025-01-16,617500000.0,39.62485,https://accounts.profunds.com/etfdata/ByFund/TQQQ-historical_nav.csv,ProShares official daily NAV file
2025-01-17,609100000.0,41.5485,https://accounts.profunds.com/etfdata/ByFund/TQQQ-historical_nav.csv,ProShares official daily NAV file
2025-01-21,607700000.0,42.25965,https://accounts.profunds.com/etfdata/ByFund/TQQQ-historical_nav.csv,ProShares official daily NAV file
2025-01-22,613300000.0,43.92995,https://accounts.profunds.com/etfdata/ByFund/TQQQ-historical_nav.csv,ProShares official daily NAV file
2025-01-23,612300000.0,44.2031,https://accounts.profunds.com/etfdata/ByFund/TQQQ-historical_nav.csv,ProShares official daily NAV file
2025-01-24,610100000.0,43.3954,https://accounts.profunds.com/etfdata/ByFund/TQQQ-historical_nav.csv,ProShares official daily NAV file
2025-01-27,616300000.0,39.51305,https://accounts.profunds.com/etfdata/ByFund/TQQQ-historical_nav.csv,ProShares official daily NAV file
2025-01-28,613500000.0,41.37985,https://accounts.profunds.com/etfdata/ByFund/TQQQ-historical_nav.csv,ProShares official daily NAV file
2025-01-29,614200000.0,41.0672,https://accounts.profunds.com/etfdata/ByFund/TQQQ-historical_nav.csv,ProShares official daily NAV file
2025-01-30,613400000.0,41.6122,https://accounts.profunds.com/etfdata/ByFund/TQQQ-historical_nav.csv,ProShares official daily NAV file
2025-01-31,606100000.0,41.41065,https://accounts.profunds.com/etfdata/ByFund/TQQQ-historical_nav.csv,ProShares official daily NAV file
2025-02-03,604400000.0,40.35125,https://accounts.profunds.com/etfdata/ByFund/TQQQ-historical_nav.csv,ProShares official daily NAV file
2025-02-04,603000000.0,41.86815,https://accounts.profunds.com/etfdata/ByFund/TQQQ-historical_nav.csv,ProShares official daily NAV file
2025-02-05,602000000.0,42.38675,https://accounts.profunds.com/etfdata/ByFund/TQQQ-historical_nav.csv,ProShares official daily NAV file
2025-02-06,599300000.0,43.0528,https://accounts.profunds.com/etfdata/ByFund/TQQQ-historical_nav.csv,ProShares official daily NAV file
2025-02-07,600500000.0,41.34565,https://accounts.profunds.com/etfdata/ByFund/TQQQ-historical_nav.csv,ProShares official daily NAV file
2025-02-10,590400000.0,42.87495,https://accounts.profunds.com/etfdata/ByFund/TQQQ-historical_nav.csv,ProShares official daily NAV file
2025-02-11,588400000.0,42.4918,https://accounts.profunds.com/etfdata/ByFund/TQQQ-historical_nav.csv,ProShares official daily NAV file
2025-02-12,586200000.0,42.62915,https://accounts.profunds.com/etfdata/ByFund/TQQQ-historical_nav.csv,ProShares official daily NAV file
2025-02-13,578700000.0,44.44885,https://accounts.profunds.com/etfdata/ByFund/TQQQ-historical_nav.csv,ProShares official daily NAV file
2025-02-14,571200000.0,44.9223,https://accounts.profunds.com/etfdata/ByFund/TQQQ-historical_nav.csv,ProShares official daily NAV file
2025-02-18,571100000.0,45.20675,https://accounts.profunds.com/etfdata/ByFund/TQQQ-historical_nav.csv,ProShares official daily NAV file
2025-02-19,567900000.0,45.26255,https://accounts.profunds.com/etfdata/ByFund/TQQQ-historical_nav.csv,ProShares official daily NAV file
2025-02-20,569000000.0,44.61285,https://accounts.profunds.com/etfdata/ByFund/TQQQ-historical_nav.csv,ProShares official daily NAV file
2025-02-21,575400000.0,41.8234,https://accounts.profunds.com/etfdata/ByFund/TQQQ-historical_nav.csv,ProShares official daily NAV file
2025-02-24,582900000.0,40.2953,https://accounts.profunds.com/etfdata/ByFund/TQQQ-historical_nav.csv,ProShares official daily NAV file
2025-02-25,592500000.0,38.7826,https://accounts.profunds.com/etfdata/ByFund/TQQQ-historical_nav.csv,ProShares official daily NAV file
2025-02-26,595600000.0,39.02085,https://accounts.profunds.com/etfdata/ByFund/TQQQ-historical_nav.csv,ProShares official daily NAV file
2025-02-27,595900000.0,35.7867,https://accounts.profunds.com/etfdata/ByFund/TQQQ-historical_nav.csv,ProShares official daily NAV file
2025-02-28,597100000.0,37.5053,https://accounts.profunds.com/etfdata/ByFund/TQQQ-historical_nav.csv,ProShares official daily NAV file
2025-03-03,595300000.0,35.02205,https://accounts.profunds.com/etfdata/ByFund/TQQQ-historical_nav.csv,ProShares official daily NAV file
2025-03-04,601400000.0,34.6393,https://accounts.profunds.com/etfdata/ByFund/TQQQ-historical_nav.csv,ProShares official daily NAV file
2025-03-05,608500000.0,36.0384,https://accounts.profunds.com/etfdata/ByFund/TQQQ-historical_nav.csv,ProShares official daily NAV file
2025-03-06,634500000.0,33.01795,https://accounts.profunds.com/etfdata/ByFund/TQQQ-historical_nav.csv,ProShares official daily NAV file
2025-03-07,635600000.0,33.73905,https://accounts.profunds.com/etfdata/ByFund/TQQQ-historical_nav.csv,ProShares official daily NAV file
2025-03-10,658100000.0,29.8711,https://accounts.profunds.com/etfdata/ByFund/TQQQ-historical_nav.csv,ProShares official daily NAV file
2025-03-11,662200000.0,29.61215,https://accounts.profunds.com/etfdata/ByFund/TQQQ-historical_nav.csv,ProShares official daily NAV file
2025-03-12,663700000.0,30.60775,https://accounts.profunds.com/etfdata/ByFund/TQQQ-historical_nav.csv,ProShares official daily NAV file
2025-03-13,673800000.0,28.8659,https://accounts.profunds.com/etfdata/ByFund/TQQQ-historical_nav.csv,ProShares official daily NAV file
2025-03-14,669600000.0,31.01095,https://accounts.profunds.com/etfdata/ByFund/TQQQ-historical_nav.csv,ProShares official daily NAV file
2025-03-17,681400000.0,31.5084,https://accounts.profunds.com/etfdata/ByFund/TQQQ-historical_nav.csv,ProShares official daily NAV file
2025-03-18,692900000.0,29.92925,https://accounts.profunds.com/etfdata/ByFund/TQQQ-historical_nav.csv,ProShares official daily NAV file
2025-03-19,686700000.0,31.08755,https://accounts.profunds.com/etfdata/ByFund/TQQQ-historical_nav.csv,ProShares official daily NAV file
2025-03-20,686700000.0,30.8091,https://accounts.profunds.com/etfdata/ByFund/TQQQ-historical_nav.csv,ProShares official daily NAV file
2025-03-21,687800000.0,31.1398,https://accounts.profunds.com/etfdata/ByFund/TQQQ-historical_nav.csv,ProShares official daily NAV file
2025-03-24,686100000.0,33.1437,https://accounts.profunds.com/etfdata/ByFund/TQQQ-historical_nav.csv,ProShares official daily NAV file
2025-03-25,685700000.0,33.6624,https://accounts.profunds.com/etfdata/ByFund/TQQQ-historical_nav.csv,ProShares official daily NAV file
2025-03-26,685100000.0,31.71255,https://accounts.profunds.com/etfdata/ByFund/TQQQ-historical_nav.csv,ProShares official daily NAV file
2025-03-27,685300000.0,31.13585,https://accounts.profunds.com/etfdata/ByFund/TQQQ-historical_nav.csv,ProShares official daily NAV file
2025-03-28,684200000.0,28.66805,https://accounts.profunds.com/etfdata/ByFund/TQQQ-historical_nav.csv,ProShares official daily NAV file
2025-03-31,687200000.0,28.64685,https://accounts.profunds.com/etfdata/ByFund/TQQQ-historical_nav.csv,ProShares official daily NAV file
2025-04-01,684700000.0,29.3432,https://accounts.profunds.com/etfdata/ByFund/TQQQ-historical_nav.csv,ProShares official daily NAV file
2025-04-02,682400000.0,30.0006,https://accounts.profunds.com/etfdata/ByFund/TQQQ-historical_nav.csv,ProShares official daily NAV file
2025-04-03,708500000.0,25.12565,https://accounts.profunds.com/etfdata/ByFund/TQQQ-historical_nav.csv,ProShares official daily NAV file
2025-04-04,781100000.0,20.52975,https://accounts.profunds.com/etfdata/ByFund/TQQQ-historical_nav.csv,ProShares official daily NAV file
2025-04-07,830500000.0,20.6378,https://accounts.profunds.com/etfdata/ByFund/TQQQ-historical_nav.csv,ProShares official daily NAV file
2025-04-08,818700000.0,19.42375,https://accounts.profunds.com/etfdata/ByFund/TQQQ-historical_nav.csv,ProShares official daily NAV file
2025-04-09,826400000.0,26.4193,https://accounts.profunds.com/etfdata/ByFund/TQQQ-historical_nav.csv,ProShares official daily NAV file
2025-04-10,824700000.0,23.09275,https://accounts.profunds.com/etfdata/ByFund/TQQQ-historical_nav.csv,ProShares official daily NAV file
2025-04-11,810200000.0,24.37615,https://accounts.profunds.com/etfdata/ByFund/TQQQ-historical_nav.csv,ProShares official daily NAV file
2025-04-14,808200000.0,24.7852,https://accounts.profunds.com/etfdata/ByFund/TQQQ-historical_nav.csv,ProShares official daily NAV file
2025-04-15,804800000.0,24.9114,https://accounts.profunds.com/etfdata/ByFund/TQQQ-historical_nav.csv,ProShares official daily NAV file
2025-04-16,812900000.0,22.6314,https://accounts.profunds.com/etfdata/ByFund/TQQQ-historical_nav.csv,ProShares official daily NAV file
2025-04-17,811700000.0,22.60465,https://accounts.profunds.com/etfdata/ByFund/TQQQ-historical_nav.csv,ProShares official daily NAV file
2025-04-21,832700000.0,20.92495,https://accounts.profunds.com/etfdata/ByFund/TQQQ-historical_nav.csv,ProShares official daily NAV file
2025-04-22,823900000.0,22.567,https://accounts.profunds.com/etfdata/ByFund/TQQQ-historical_nav.csv,ProShares official daily NAV file
2025-04-23,804100000.0,24.10375,https://accounts.profunds.com/etfdata/ByFund/TQQQ-historical_nav.csv,ProShares official daily NAV file
2025-04-24,790800000.0,26.111,https://accounts.profunds.com/etfdata/ByFund/TQQQ-historical_nav.csv,ProShares official daily NAV file
2025-04-25,780300000.0,26.9767,https://accounts.profunds.com/etfdata/ByFund/TQQQ-historical_nav.csv,ProShares official daily NAV file
2025-04-28,774500000.0,26.9461,https://accounts.profunds.com/etfdata/ByFund/TQQQ-historical_nav.csv,ProShares official daily NAV file
2025-04-29,766100000.0,27.42625,https://accounts.profunds.com/etfdata/ByFund/TQQQ-historical_nav.csv,ProShares official daily NAV file
2025-04-30,763900000.0,27.5327,https://accounts.profunds.com/etfdata/ByFund/TQQQ-historical_nav.csv,ProShares official daily NAV file
2025-05-01,747300000.0,28.4337,https://accounts.profunds.com/etfdata/ByFund/TQQQ-historical_nav.csv,ProShares official daily NAV file
2025-05-02,737200000.0,29.77415,https://accounts.profunds.com/etfdata/ByFund/TQQQ-historical_nav.csv,ProShares official daily NAV file
2025-05-05,731900000.0,29.1645,https://accounts.profunds.com/etfdata/ByFund/TQQQ-historical_nav.csv,ProShares official daily NAV file
2025-05-06,733300000.0,28.3836,https://accounts.profunds.com/etfdata/ByFund/TQQQ-historical_nav.csv,ProShares official daily NAV file
2025-05-07,739100000.0,28.70515,https://accounts.profunds.com/etfdata/ByFund/TQQQ-historical_nav.csv,ProShares official daily NAV file
2025-05-08,738600000.0,29.5426,https://accounts.profunds.com/etfdata/ByFund/TQQQ-historical_nav.csv,ProShares official daily NAV file
2025-05-09,741400000.0,29.50845,https://accounts.profunds.com/etfdata/ByFund/TQQQ-historical_nav.csv,ProShares official daily NAV file
2025-05-12,736700000.0,33.07165,https://accounts.profunds.com/etfdata/ByFund/TQQQ-historical_nav.csv,ProShares official daily NAV file
2025-05-13,732700000.0,34.62695,https://accounts.profunds.com/etfdata/ByFund/TQQQ-historical_nav.csv,ProShares official daily NAV file
2025-05-14,729600000.0,35.21135,https://accounts.profunds.com/etfdata/ByFund/TQQQ-historical_nav.csv,ProShares official daily NAV file
2025-05-15,720400000.0,35.3003,https://accounts.profunds.com/etfdata/ByFund/TQQQ-historical_nav.csv,ProShares official daily NAV file
2025-05-16,708700000.0,35.74915,https://accounts.profunds.com/etfdata/ByFund/TQQQ-historical_nav.csv,ProShares official daily NAV file
2025-05-19,704200000.0,35.8351,https://accounts.profunds.com/etfdata/ByFund/TQQQ-historical_nav.csv,ProShares official daily NAV file
2025-05-20,702200000.0,35.4254,https://accounts.profunds.com/etfdata/ByFund/TQQQ-historical_nav.csv,ProShares official daily NAV file
2025-05-21,693100000.0,33.9866,https://accounts.profunds.com/etfdata/ByFund/TQQQ-historical_nav.csv,ProShares official daily NAV file
2025-05-22,691500000.0,34.13295,https://accounts.profunds.com/etfdata/ByFund/TQQQ-historical_nav.csv,ProShares official daily NAV file
2025-05-23,689700000.0,33.139,https://accounts.profunds.com/etfdata/ByFund/TQQQ-historical_nav.csv,ProShares official daily NAV file
2025-05-27,685900000.0,35.49775,https://accounts.profunds.com/etfdata/ByFund/TQQQ-historical_nav.csv,ProShares official daily NAV file
2025-05-28,687200000.0,35.00765,https://accounts.profunds.com/etfdata/ByFund/TQQQ-historical_nav.csv,ProShares official daily NAV file
2025-05-29,692700000.0,35.21935,https://accounts.profunds.com/etfdata/ByFund/TQQQ-historical_nav.csv,ProShares official daily NAV file
2025-05-30,695800000.0,35.0843,https://accounts.profunds.com/etfdata/ByFund/TQQQ-historical_nav.csv,ProShares official daily NAV file
2025-06-02,693300000.0,35.81665,https://accounts.profunds.com/etfdata/ByFund/TQQQ-historical_nav.csv,ProShares official daily NAV file
2025-06-03,688400000.0,36.6596,https://accounts.profunds.com/etfdata/ByFund/TQQQ-historical_nav.csv,ProShares official daily NAV file
2025-06-04,687100000.0,36.95765,https://accounts.profunds.com/etfdata/ByFund/TQQQ-historical_nav.csv,ProShares official daily NAV file
2025-06-05,685400000.0,36.06225,https://accounts.profunds.com/etfdata/ByFund/TQQQ-historical_nav.csv,ProShares official daily NAV file
2025-06-06,677300000.0,37.1203,https://accounts.profunds.com/etfdata/ByFund/TQQQ-historical_nav.csv,ProShares official daily NAV file
2025-06-09,676800000.0,37.29775,https://accounts.profunds.com/etfdata/ByFund/TQQQ-historical_nav.csv,ProShares official daily NAV file
2025-06-10,675500000.0,38.026,https://accounts.profunds.com/etfdata/ByFund/TQQQ-historical_nav.csv,ProShares official daily NAV file
2025-06-11,679300000.0,37.5935,https://accounts.profunds.com/etfdata/ByFund/TQQQ-historical_nav.csv,ProShares official daily NAV file
2025-06-12,675500000.0,37.85225,https://accounts.profunds.com/etfdata/ByFund/TQQQ-historical_nav.csv,ProShares official daily NAV file
2025-06-13,672600000.0,36.3685,https://accounts.profunds.com/etfdata/ByFund/TQQQ-historical_nav.csv,ProShares official daily NAV file
2025-06-16,668900000.0,37.90355,https://accounts.profunds.com/etfdata/ByFund/TQQQ-historical_nav.csv,ProShares official daily NAV file
2025-06-17,669100000.0,36.75995,https://accounts.profunds.com/etfdata/ByFund/TQQQ-historical_nav.csv,ProShares official daily NAV file
2025-06-18,669600000.0,36.7415,https://accounts.profunds.com/etfdata/ByFund/TQQQ-historical_nav.csv,ProShares official daily NAV file
2025-06-20,668000000.0,36.24605,https://accounts.profunds.com/etfdata/ByFund/TQQQ-historical_nav.csv,ProShares official daily NAV file
2025-06-23,663200000.0,37.3884,https://accounts.profunds.com/etfdata/ByFund/TQQQ-historical_nav.csv,ProShares official daily NAV file
2025-06-24,666300000.0,39.09205,https://accounts.profunds.com/etfdata/ByFund/TQQQ-historical_nav.csv,ProShares official daily NAV file
2025-06-25,665400000.0,39.22105,https://accounts.profunds.com/etfdata/ByFund/TQQQ-historical_nav.csv,ProShares official daily NAV file
2025-06-26,661400000.0,40.31745,https://accounts.profunds.com/etfdata/ByFund/TQQQ-historical_nav.csv,ProShares official daily NAV file
2025-06-27,653200000.0,40.7515,https://accounts.profunds.com/etfdata/ByFund/TQQQ-historical_nav.csv,ProShares official daily NAV file
2025-06-30,658200000.0,41.5267,https://accounts.profunds.com/etfdata/ByFund/TQQQ-historical_nav.csv,ProShares official daily NAV file
2025-07-01,653000000.0,40.4105,https://accounts.profunds.com/etfdata/ByFund/TQQQ-historical_nav.csv,ProShares official daily NAV file
2025-07-02,652400000.0,41.28765,https://accounts.profunds.com/etfdata/ByFund/TQQQ-historical_nav.csv,ProShares official daily NAV file
2025-07-03,648200000.0,42.4813,https://accounts.profunds.com/etfdata/ByFund/TQQQ-historical_nav.csv,ProShares official daily NAV file
2025-07-07,644400000.0,41.45715,https://accounts.profunds.com/etfdata/ByFund/TQQQ-historical_nav.csv,ProShares official daily NAV file
2025-07-08,643900000.0,41.5357,https://accounts.profunds.com/etfdata/ByFund/TQQQ-historical_nav.csv,ProShares official daily NAV file
2025-07-09,641800000.0,42.41475,https://accounts.profunds.com/etfdata/ByFund/TQQQ-historical_nav.csv,ProShares official daily NAV file
2025-07-10,640900000.0,42.2049,https://accounts.profunds.com/etfdata/ByFund/TQQQ-historical_nav.csv,ProShares official daily NAV file
2025-07-11,650600000.0,41.89795,https://accounts.profunds.com/etfdata/ByFund/TQQQ-historical_nav.csv,ProShares official daily NAV file
2025-07-14,648500000.0,42.2978,https://accounts.profunds.com/etfdata/ByFund/TQQQ-historical_nav.csv,ProShares official daily NAV file
2025-07-15,645200000.0,42.44455,https://accounts.profunds.com/etfdata/ByFund/TQQQ-historical_nav.csv,ProShares official daily NAV file
2025-07-16,643300000.0,42.56105,https://accounts.profunds.com/etfdata/ByFund/TQQQ-historical_nav.csv,ProShares official daily NAV file
2025-07-17,641300000.0,43.5129,https://accounts.profunds.com/etfdata/ByFund/TQQQ-historical_nav.csv,ProShares official daily NAV file
2025-07-18,634000000.0,43.3854,https://accounts.profunds.com/etfdata/ByFund/TQQQ-historical_nav.csv,ProShares official daily NAV file
2025-07-21,631400000.0,44.0204,https://accounts.profunds.com/etfdata/ByFund/TQQQ-historical_nav.csv,ProShares official daily NAV file
2025-07-22,632800000.0,43.3436,https://accounts.profunds.com/etfdata/ByFund/TQQQ-historical_nav.csv,ProShares official daily NAV file
2025-07-23,629600000.0,43.88535,https://accounts.profunds.com/etfdata/ByFund/TQQQ-historical_nav.csv,ProShares official daily NAV file
2025-07-24,625900000.0,44.2,https://accounts.profunds.com/etfdata/ByFund/TQQQ-historical_nav.csv,ProShares official daily NAV file
2025-07-25,618000000.0,44.4597,https://accounts.profunds.com/etfdata/ByFund/TQQQ-historical_nav.csv,ProShares official daily NAV file
2025-07-28,621800000.0,44.9238,https://accounts.profunds.com/etfdata/ByFund/TQQQ-historical_nav.csv,ProShares official daily NAV file
2025-07-29,618900000.0,44.6378,https://accounts.profunds.com/etfdata/ByFund/TQQQ-historical_nav.csv,ProShares official daily NAV file
2025-07-30,616400000.0,44.836,https://accounts.profunds.com/etfdata/ByFund/TQQQ-historical_nav.csv,ProShares official daily NAV file
2025-07-31,611000000.0,44.1001,https://accounts.profunds.com/etfdata/ByFund/TQQQ-historical_nav.csv,ProShares official daily NAV file
2025-08-01,607600000.0,41.4705,https://accounts.profunds.com/etfdata/ByFund/TQQQ-historical_nav.csv,ProShares official daily NAV file
2025-08-04,604900000.0,43.77775,https://accounts.profunds.com/etfdata/ByFund/TQQQ-historical_nav.csv,ProShares official daily NAV file
2025-08-05,603400000.0,42.8039,https://accounts.profunds.com/etfdata/ByFund/TQQQ-historical_nav.csv,ProShares official daily NAV file
2025-08-06,595100000.0,44.44485,https://accounts.profunds.com/etfdata/ByFund/TQQQ-historical_nav.csv,ProShares official daily NAV file
2025-08-07,592200000.0,44.8571,https://accounts.profunds.com/etfdata/ByFund/TQQQ-historical_nav.csv,ProShares official daily NAV file
2025-08-08,581400000.0,46.0994,https://accounts.profunds.com/etfdata/ByFund/TQQQ-historical_nav.csv,ProShares official daily NAV file
2025-08-11,582800000.0,45.6046,https://accounts.profunds.com/etfdata/ByFund/TQQQ-historical_nav.csv,ProShares official daily NAV file
2025-08-12,577100000.0,47.40555,https://accounts.profunds.com/etfdata/ByFund/TQQQ-historical_nav.csv,ProShares official daily NAV file
2025-08-13,576000000.0,47.4497,https://accounts.profunds.com/etfdata/ByFund/TQQQ-historical_nav.csv,ProShares official daily NAV file
2025-08-14,574000000.0,47.3403,https://accounts.profunds.com/etfdata/ByFund/TQQQ-historical_nav.csv,ProShares official daily NAV file
2025-08-15,573200000.0,46.5934,https://accounts.profunds.com/etfdata/ByFund/TQQQ-historical_nav.csv,ProShares official daily NAV file
2025-08-18,573800000.0,46.59015,https://accounts.profunds.com/etfdata/ByFund/TQQQ-historical_nav.csv,ProShares official daily NAV file
2025-08-19,572800000.0,44.6397,https://accounts.profunds.com/etfdata/ByFund/TQQQ-historical_nav.csv,ProShares official daily NAV file
2025-08-20,577700000.0,43.8494,https://accounts.profunds.com/etfdata/ByFund/TQQQ-historical_nav.csv,ProShares official daily NAV file
2025-08-21,577700000.0,43.25365,https://accounts.profunds.com/etfdata/ByFund/TQQQ-historical_nav.csv,ProShares official daily NAV file
2025-08-22,579200000.0,45.2199,https://accounts.profunds.com/etfdata/ByFund/TQQQ-historical_nav.csv,ProShares official daily NAV file
2025-08-25,580500000.0,44.78635,https://accounts.profunds.com/etfdata/ByFund/TQQQ-historical_nav.csv,ProShares official daily NAV file
2025-08-26,583800000.0,45.3435,https://accounts.profunds.com/etfdata/ByFund/TQQQ-historical_nav.csv,ProShares official daily NAV file
2025-08-27,582500000.0,45.56415,https://accounts.profunds.com/etfdata/ByFund/TQQQ-historical_nav.csv,ProShares official daily NAV file
2025-08-28,577100000.0,46.34915,https://accounts.profunds.com/etfdata/ByFund/TQQQ-historical_nav.csv,ProShares official daily NAV file
2025-08-29,579400000.0,44.61615,https://accounts.profunds.com/etfdata/ByFund/TQQQ-historical_nav.csv,ProShares official daily NAV file
2025-09-02,580300000.0,43.5492,https://accounts.profunds.com/etfdata/ByFund/TQQQ-historical_nav.csv,ProShares official daily NAV file
2025-09-03,577800000.0,44.5677,https://accounts.profunds.com/etfdata/ByFund/TQQQ-historical_nav.csv,ProShares official daily NAV file
2025-09-04,574400000.0,45.8124,https://accounts.profunds.com/etfdata/ByFund/TQQQ-historical_nav.csv,ProShares official daily NAV file
2025-09-05,570800000.0,45.90435,https://accounts.profunds.com/etfdata/ByFund/TQQQ-historical_nav.csv,ProShares official daily NAV file
2025-09-08,568500000.0,46.5367,https://accounts.profunds.com/etfdata/ByFund/TQQQ-historical_nav.csv,ProShares official daily NAV file
2025-09-09,565100000.0,46.97825,https://accounts.profunds.com/etfdata/ByFund/TQQQ-historical_nav.csv,ProShares official daily NAV file
2025-09-10,564300000.0,47.0189,https://accounts.profunds.com/etfdata/ByFund/TQQQ-historical_nav.csv,ProShares official daily NAV file
2025-09-11,560800000.0,47.85245,https://accounts.profunds.com/etfdata/ByFund/TQQQ-historical_nav.csv,ProShares official daily NAV file
2025-09-12,557100000.0,48.41085,https://accounts.profunds.com/etfdata/ByFund/TQQQ-historical_nav.csv,ProShares official daily NAV file
2025-09-15,553600000.0,49.6192,https://accounts.profunds.com/etfdata/ByFund/TQQQ-historical_nav.csv,ProShares official daily NAV file
2025-09-16,551500000.0,49.4829,https://accounts.profunds.com/etfdata/ByFund/TQQQ-historical_nav.csv,ProShares official daily NAV file
2025-09-17,548300000.0,49.1601,https://accounts.profunds.com/etfdata/ByFund/TQQQ-historical_nav.csv,ProShares official daily NAV file
2025-09-18,544200000.0,50.55345,https://accounts.profunds.com/etfdata/ByFund/TQQQ-historical_nav.csv,ProShares official daily NAV file
2025-09-19,540000000.0,51.5723,https://accounts.profunds.com/etfdata/ByFund/TQQQ-historical_nav.csv,ProShares official daily NAV file
2025-09-22,537800000.0,52.4212,https://accounts.profunds.com/etfdata/ByFund/TQQQ-historical_nav.csv,ProShares official daily NAV file
2025-09-23,533100000.0,51.2581,https://accounts.profunds.com/etfdata/ByFund/TQQQ-historical_nav.csv,ProShares official daily NAV file
2025-09-24,534800000.0,50.716,https://accounts.profunds.com/etfdata/ByFund/TQQQ-historical_nav.csv,ProShares official daily NAV file
2025-09-25,534200000.0,50.0408,https://accounts.profunds.com/etfdata/ByFund/TQQQ-historical_nav.csv,ProShares official daily NAV file
2025-09-26,534800000.0,50.65595,https://accounts.profunds.com/etfdata/ByFund/TQQQ-historical_nav.csv,ProShares official daily NAV file
2025-09-29,532500000.0,51.3062,https://accounts.profunds.com/etfdata/ByFund/TQQQ-historical_nav.csv,ProShares official daily NAV file
2025-09-30,534900000.0,51.72495,https://accounts.profunds.com/etfdata/ByFund/TQQQ-historical_nav.csv,ProShares official daily NAV file
2025-10-01,532500000.0,52.47875,https://accounts.profunds.com/etfdata/ByFund/TQQQ-historical_nav.csv,ProShares official daily NAV file
2025-10-02,532400000.0,53.04695,https://accounts.profunds.com/etfdata/ByFund/TQQQ-historical_nav.csv,ProShares official daily NAV file
2025-10-03,530000000.0,52.33065,https://accounts.profunds.com/etfdata/ByFund/TQQQ-historical_nav.csv,ProShares official daily NAV file
2025-10-06,526800000.0,53.5369,https://accounts.profunds.com/etfdata/ByFund/TQQQ-historical_nav.csv,ProShares official daily NAV file
2025-10-07,533100000.0,52.6308,https://accounts.profunds.com/etfdata/ByFund/TQQQ-historical_nav.csv,ProShares official daily NAV file
2025-10-08,529800000.0,54.4982,https://accounts.profunds.com/etfdata/ByFund/TQQQ-historical_nav.csv,ProShares official daily NAV file
2025-10-09,532000000.0,54.23425,https://accounts.profunds.com/etfdata/ByFund/TQQQ-historical_nav.csv,ProShares official daily NAV file
2025-10-10,535600000.0,48.4923,https://accounts.profunds.com/etfdata/ByFund/TQQQ-historical_nav.csv,ProShares official daily NAV file
2025-10-13,549200000.0,51.6606,https://accounts.profunds.com/etfdata/ByFund/TQQQ-historical_nav.csv,ProShares official daily NAV file
2025-10-14,547000000.0,50.5769,https://accounts.profunds.com/etfdata/ByFund/TQQQ-historical_nav.csv,ProShares official daily NAV file
2025-10-15,545900000.0,51.58585,https://accounts.profunds.com/etfdata/ByFund/TQQQ-historical_nav.csv,ProShares official daily NAV file
2025-10-16,547500000.0,51.01835,https://accounts.profunds.com/etfdata/ByFund/TQQQ-historical_nav.csv,ProShares official daily NAV file
2025-10-17,540300000.0,51.97275,https://accounts.profunds.com/etfdata/ByFund/TQQQ-historical_nav.csv,ProShares official daily NAV file
2025-10-20,534600000.0,53.984,https://accounts.profunds.com/etfdata/ByFund/TQQQ-historical_nav.csv,ProShares official daily NAV file
2025-10-21,533400000.0,53.8797,https://accounts.profunds.com/etfdata/ByFund/TQQQ-historical_nav.csv,ProShares official daily NAV file
2025-10-22,536700000.0,52.2665,https://accounts.profunds.com/etfdata/ByFund/TQQQ-historical_nav.csv,ProShares official daily NAV file
2025-10-23,532300000.0,53.6267,https://accounts.profunds.com/etfdata/ByFund/TQQQ-historical_nav.csv,ProShares official daily NAV file
2025-10-24,525200000.0,55.25295,https://accounts.profunds.com/etfdata/ByFund/TQQQ-historical_nav.csv,ProShares official daily NAV file
2025-10-27,526400000.0,58.2608,https://accounts.profunds.com/etfdata/ByFund/TQQQ-historical_nav.csv,ProShares official daily NAV file
2025-10-28,525600000.0,59.53815,https://accounts.profunds.com/etfdata/ByFund/TQQQ-historical_nav.csv,ProShares official daily NAV file
2025-10-29,524300000.0,60.259,https://accounts.profunds.com/etfdata/ByFund/TQQQ-historical_nav.csv,ProShares official daily NAV file
2025-10-30,524500000.0,57.5783,https://accounts.profunds.com/etfdata/ByFund/TQQQ-historical_nav.csv,ProShares official daily NAV file
2025-10-31,521700000.0,58.37595,https://accounts.profunds.com/etfdata/ByFund/TQQQ-historical_nav.csv,ProShares official daily NAV file
2025-11-03,520300000.0,59.1303,https://accounts.profunds.com/etfdata/ByFund/TQQQ-historical_nav.csv,ProShares official daily NAV file
2025-11-04,524800000.0,55.44995,https://accounts.profunds.com/etfdata/ByFund/TQQQ-historical_nav.csv,ProShares official daily NAV file
2025-11-05,531200000.0,56.63565,https://accounts.profunds.com/etfdata/ByFund/TQQQ-historical_nav.csv,ProShares official daily NAV file
2025-11-06,537600000.0,53.36905,https://accounts.profunds.com/etfdata/ByFund/TQQQ-historical_nav.csv,ProShares official daily NAV file
2025-11-07,543200000.0,52.87795,https://accounts.profunds.com/etfdata/ByFund/TQQQ-historical_nav.csv,ProShares official daily NAV file
2025-11-10,542600000.0,56.3584,https://accounts.profunds.com/etfdata/ByFund/TQQQ-historical_nav.csv,ProShares official daily NAV file
2025-11-11,544300000.0,55.84135,https://accounts.profunds.com/etfdata/ByFund/TQQQ-historical_nav.csv,ProShares official daily NAV file
2025-11-12,549000000.0,55.72045,https://accounts.profunds.com/etfdata/ByFund/TQQQ-historical_nav.csv,ProShares official daily NAV file
2025-11-13,551200000.0,52.27425,https://accounts.profunds.com/etfdata/ByFund/TQQQ-historical_nav.csv,ProShares official daily NAV file
2025-11-14,550100000.0,52.3356,https://accounts.profunds.com/etfdata/ByFund/TQQQ-historical_nav.csv,ProShares official daily NAV file
2025-11-17,554800000.0,51.0125,https://accounts.profunds.com/etfdata/ByFund/TQQQ-historical_nav.csv,ProShares official daily NAV file
2025-11-18,555600000.0,49.1722,https://accounts.profunds.com/etfdata/ByFund/TQQQ-historical_nav.csv,ProShares official daily NAV file
2025-11-19,558200000.0,49.98255,https://accounts.profunds.com/etfdata/ByFund/TQQQ-historical_nav.csv,ProShares official daily NAV file
2025-11-20,559550000.0,46.4265,https://accounts.profunds.com/etfdata/ByFund/TQQQ-historical_nav.csv,ProShares official daily NAV file
2025-11-21,562900000.0,47.4655,https://accounts.profunds.com/etfdata/ByFund/TQQQ-historical_nav.csv,ProShares official daily NAV file
2025-11-24,562350000.0,51.1794,https://accounts.profunds.com/etfdata/ByFund/TQQQ-historical_nav.csv,ProShares official daily NAV file
2025-11-25,563700000.0,52.0544,https://accounts.profunds.com/etfdata/ByFund/TQQQ-historical_nav.csv,ProShares official daily NAV file
2025-11-26,565750000.0,53.3974,https://accounts.profunds.com/etfdata/ByFund/TQQQ-historical_nav.csv,ProShares official daily NAV file
2025-11-28,563550000.0,54.61,https://accounts.profunds.com/etfdata/ByFund/TQQQ-historical_nav.csv,ProShares official daily NAV file
2025-12-01,564800000.0,54.0002,https://accounts.profunds.com/etfdata/ByFund/TQQQ-historical_nav.csv,ProShares official daily NAV file
2025-12-02,564750000.0,55.3468,https://accounts.profunds.com/etfdata/ByFund/TQQQ-historical_nav.csv,ProShares official daily NAV file
2025-12-03,564900000.0,55.6698,https://accounts.profunds.com/etfdata/ByFund/TQQQ-historical_nav.csv,ProShares official daily NAV file
2025-12-04,563550000.0,55.4997,https://accounts.profunds.com/etfdata/ByFund/TQQQ-historical_nav.csv,ProShares official daily NAV file
2025-12-05,562900000.0,56.1898,https://accounts.profunds.com/etfdata/ByFund/TQQQ-historical_nav.csv,ProShares official daily NAV file
2025-12-08,561650000.0,55.7618,https://accounts.profunds.com/etfdata/ByFund/TQQQ-historical_nav.csv,ProShares official daily NAV file
2025-12-09,561000000.0,56.0113,https://accounts.profunds.com/etfdata/ByFund/TQQQ-historical_nav.csv,ProShares official daily NAV file
2025-12-10,554550000.0,56.7005,https://accounts.profunds.com/etfdata/ByFund/TQQQ-historical_nav.csv,ProShares official daily NAV file
2025-12-11,553800000.0,56.0928,https://accounts.profunds.com/etfdata/ByFund/TQQQ-historical_nav.csv,ProShares official daily NAV file
2025-12-12,557750000.0,52.8425,https://accounts.profunds.com/etfdata/ByFund/TQQQ-historical_nav.csv,ProShares official daily NAV file
2025-12-15,562350000.0,52.0242,https://accounts.profunds.com/etfdata/ByFund/TQQQ-historical_nav.csv,ProShares official daily NAV file
2025-12-16,565550000.0,52.4129,https://accounts.profunds.com/etfdata/ByFund/TQQQ-historical_nav.csv,ProShares official daily NAV file
2025-12-17,567450000.0,49.3631,https://accounts.profunds.com/etfdata/ByFund/TQQQ-historical_nav.csv,ProShares official daily NAV file
2025-12-18,566600000.0,51.5808,https://accounts.profunds.com/etfdata/ByFund/TQQQ-historical_nav.csv,ProShares official daily NAV file
2025-12-19,568150000.0,53.5575,https://accounts.profunds.com/etfdata/ByFund/TQQQ-historical_nav.csv,ProShares official daily NAV file
2025-12-22,566950000.0,54.2815,https://accounts.profunds.com/etfdata/ByFund/TQQQ-historical_nav.csv,ProShares official daily NAV file
2025-12-23,567250000.0,55.0716,https://accounts.profunds.com/etfdata/ByFund/TQQQ-historical_nav.csv,ProShares official daily NAV file
2025-12-24,566400000.0,55.3982,https://accounts.profunds.com/etfdata/ByFund/TQQQ-historical_nav.csv,ProShares official daily NAV file
2025-12-26,562800000.0,55.2764,https://accounts.profunds.com/etfdata/ByFund/TQQQ-historical_nav.csv,ProShares official daily NAV file
2025-12-29,561850000.0,54.4936,https://accounts.profunds.com/etfdata/ByFund/TQQQ-historical_nav.csv,ProShares official daily NAV file
2025-12-30,559600000.0,54.0748,https://accounts.profunds.com/etfdata/ByFund/TQQQ-historical_nav.csv,ProShares official daily NAV file
2025-12-31,558250000.0,52.6957,https://accounts.profunds.com/etfdata/ByFund/TQQQ-historical_nav.csv,ProShares official daily NAV file
2026-01-02,556350000.0,52.3913,https://accounts.profunds.com/etfdata/ByFund/TQQQ-historical_nav.csv,ProShares official daily NAV file
2026-01-05,557750000.0,53.5905,https://accounts.profunds.com/etfdata/ByFund/TQQQ-historical_nav.csv,ProShares official daily NAV file
2026-01-06,555650000.0,55.085,https://accounts.profunds.com/etfdata/ByFund/TQQQ-historical_nav.csv,ProShares official daily NAV file
2026-01-07,553850000.0,55.1628,https://accounts.profunds.com/etfdata/ByFund/TQQQ-historical_nav.csv,ProShares official daily NAV file
2026-01-08,554250000.0,54.2,https://accounts.profunds.com/etfdata/ByFund/TQQQ-historical_nav.csv,ProShares official daily NAV file
2026-01-09,552250000.0,55.8106,https://accounts.profunds.com/etfdata/ByFund/TQQQ-historical_nav.csv,ProShares official daily NAV file
2026-01-12,552600000.0,55.9309,https://accounts.profunds.com/etfdata/ByFund/TQQQ-historical_nav.csv,ProShares official daily NAV file
2026-01-13,553150000.0,55.617,https://accounts.profunds.com/etfdata/ByFund/TQQQ-historical_nav.csv,ProShares official daily NAV file
2026-01-14,557250000.0,53.8235,https://accounts.profunds.com/etfdata/ByFund/TQQQ-historical_nav.csv,ProShares official daily NAV file
2026-01-15,554900000.0,54.3206,https://accounts.profunds.com/etfdata/ByFund/TQQQ-historical_nav.csv,ProShares official daily NAV file
2026-01-16,555050000.0,54.151,https://accounts.profunds.com/etfdata/ByFund/TQQQ-historical_nav.csv,ProShares official daily NAV file
2026-01-20,562400000.0,50.682,https://accounts.profunds.com/etfdata/ByFund/TQQQ-historical_nav.csv,ProShares official daily NAV file
2026-01-21,561700000.0,52.7304,https://accounts.profunds.com/etfdata/ByFund/TQQQ-historical_nav.csv,ProShares official daily NAV file
2026-01-22,556100000.0,53.9117,https://accounts.profunds.com/etfdata/ByFund/TQQQ-historical_nav.csv,ProShares official daily NAV file
2026-01-23,551750000.0,54.4193,https://accounts.profunds.com/etfdata/ByFund/TQQQ-historical_nav.csv,ProShares official daily NAV file
2026-01-26,546450000.0,55.0905,https://accounts.profunds.com/etfdata/ByFund/TQQQ-historical_nav.csv,ProShares official daily NAV file
2026-01-27,542250000.0,56.5306,https://accounts.profunds.com/etfdata/ByFund/TQQQ-historical_nav.csv,ProShares official daily NAV file
2026-01-28,536650000.0,57.0612,https://accounts.profunds.com/etfdata/ByFund/TQQQ-historical_nav.csv,ProShares official daily NAV file
2026-01-29,536850000.0,56.1315,https://accounts.profunds.com/etfdata/ByFund/TQQQ-historical_nav.csv,ProShares official daily NAV file
2026-01-30,536750000.0,53.9454,https://accounts.profunds.com/etfdata/ByFund/TQQQ-historical_nav.csv,ProShares official daily NAV file
2026-02-02,537650000.0,55.1057,https://accounts.profunds.com/etfdata/ByFund/TQQQ-historical_nav.csv,ProShares official daily NAV file
2026-02-03,543900000.0,52.5227,https://accounts.profunds.com/etfdata/ByFund/TQQQ-historical_nav.csv,ProShares official daily NAV file
2026-02-04,547000000.0,49.7253,https://accounts.profunds.com/etfdata/ByFund/TQQQ-historical_nav.csv,ProShares official daily NAV file
2026-02-05,552400000.0,47.6587,https://accounts.profunds.com/etfdata/ByFund/TQQQ-historical_nav.csv,ProShares official daily NAV file
2026-02-06,551200000.0,50.6863,https://accounts.profunds.com/etfdata/ByFund/TQQQ-historical_nav.csv,ProShares official daily NAV file
2026-02-09,552600000.0,51.8464,https://accounts.profunds.com/etfdata/ByFund/TQQQ-historical_nav.csv,ProShares official daily NAV file
2026-02-10,553500000.0,50.9738,https://accounts.profunds.com/etfdata/ByFund/TQQQ-historical_nav.csv,ProShares official daily NAV file
2026-02-11,550800000.0,51.4081,https://accounts.profunds.com/etfdata/ByFund/TQQQ-historical_nav.csv,ProShares official daily NAV file
2026-02-12,553000000.0,48.2494,https://accounts.profunds.com/etfdata/ByFund/TQQQ-historical_nav.csv,ProShares official daily NAV file
2026-02-13,558300000.0,48.4761,https://accounts.profunds.com/etfdata/ByFund/TQQQ-historical_nav.csv,ProShares official daily NAV file
2026-02-17,558000000.0,48.2827,https://accounts.profunds.com/etfdata/ByFund/TQQQ-historical_nav.csv,ProShares official daily NAV file
2026-02-18,557600000.0,49.4249,https://accounts.profunds.com/etfdata/ByFund/TQQQ-historical_nav.csv,ProShares official daily NAV file
2026-02-19,557800000.0,48.829,https://accounts.profunds.com/etfdata/ByFund/TQQQ-historical_nav.csv,ProShares official daily NAV file
2026-02-20,555900000.0,50.0593,https://accounts.profunds.com/etfdata/ByFund/TQQQ-historical_nav.csv,ProShares official daily NAV file
2026-02-23,558600000.0,48.2212,https://accounts.profunds.com/etfdata/ByFund/TQQQ-historical_nav.csv,ProShares official daily NAV file
2026-02-24,556350000.0,49.7763,https://accounts.profunds.com/etfdata/ByFund/TQQQ-historical_nav.csv,ProShares official daily NAV file
2026-02-25,553050000.0,51.8674,https://accounts.profunds.com/etfdata/ByFund/TQQQ-historical_nav.csv,ProShares official daily NAV file
2026-02-26,551050000.0,50.0412,https://accounts.profunds.com/etfdata/ByFund/TQQQ-historical_nav.csv,ProShares official daily NAV file
2026-02-27,554700000.0,49.5717,https://accounts.profunds.com/etfdata/ByFund/TQQQ-historical_nav.csv,ProShares official daily NAV file
2026-03-02,549450000.0,49.7512,https://accounts.profunds.com/etfdata/ByFund/TQQQ-historical_nav.csv,ProShares official daily NAV file
2026-03-03,551850000.0,48.1165,https://accounts.profunds.com/etfdata/ByFund/TQQQ-historical_nav.csv,ProShares official daily NAV file
2026-03-04,547100000.0,50.2867,https://accounts.profunds.com/etfdata/ByFund/TQQQ-historical_nav.csv,ProShares official daily NAV file
2026-03-05,547200000.0,49.8423,https://accounts.profunds.com/etfdata/ByFund/TQQQ-historical_nav.csv,ProShares official daily NAV file
2026-03-06,549750000.0,47.5684,https://accounts.profunds.com/etfdata/ByFund/TQQQ-historical_nav.csv,ProShares official daily NAV file
2026-03-09,548650000.0,49.4372,https://accounts.profunds.com/etfdata/ByFund/TQQQ-historical_nav.csv,ProShares official daily NAV file
2026-03-10,543250000.0,49.3603,https://accounts.profunds.com/etfdata/ByFund/TQQQ-historical_nav.csv,ProShares official daily NAV file
2026-03-11,543950000.0,49.4009,https://accounts.profunds.com/etfdata/ByFund/TQQQ-historical_nav.csv,ProShares official daily NAV file
2026-03-12,546400000.0,46.8284,https://accounts.profunds.com/etfdata/ByFund/TQQQ-historical_nav.csv,ProShares official daily NAV file
2026-03-13,549000000.0,45.9301,https://accounts.profunds.com/etfdata/ByFund/TQQQ-historical_nav.csv,ProShares official daily NAV file
2026-03-16,546600000.0,47.4718,https://accounts.profunds.com/etfdata/ByFund/TQQQ-historical_nav.csv,ProShares official daily NAV file
2026-03-17,545900000.0,48.1813,https://accounts.profunds.com/etfdata/ByFund/TQQQ-historical_nav.csv,ProShares official daily NAV file
2026-03-18,545300000.0,46.0931,https://accounts.profunds.com/etfdata/ByFund/TQQQ-historical_nav.csv,ProShares official daily NAV file
2026-03-19,549050000.0,45.6854,https://accounts.profunds.com/etfdata/ByFund/TQQQ-historical_nav.csv,ProShares official daily NAV file
2026-03-20,567600000.0,43.0803,https://accounts.profunds.com/etfdata/ByFund/TQQQ-historical_nav.csv,ProShares official daily NAV file
2026-03-23,554950000.0,44.6496,https://accounts.profunds.com/etfdata/ByFund/TQQQ-historical_nav.csv,ProShares official daily NAV file
2026-03-24,562300000.0,43.605,https://accounts.profunds.com/etfdata/ByFund/TQQQ-historical_nav.csv,ProShares official daily NAV file
2026-03-25,557950000.0,44.3944,https://accounts.profunds.com/etfdata/ByFund/TQQQ-historical_nav.csv,ProShares official daily NAV file
2026-03-26,563400000.0,41.2103,https://accounts.profunds.com/etfdata/ByFund/TQQQ-historical_nav.csv,ProShares official daily NAV file
2026-03-27,566950000.0,38.7969,https://accounts.profunds.com/etfdata/ByFund/TQQQ-historical_nav.csv,ProShares official daily NAV file
2026-03-30,588800000.0,37.8811,https://accounts.profunds.com/etfdata/ByFund/TQQQ-historical_nav.csv,ProShares official daily NAV file
2026-03-31,589100000.0,41.7652,https://accounts.profunds.com/etfdata/ByFund/TQQQ-historical_nav.csv,ProShares official daily NAV file
2026-04-01,586150000.0,43.2373,https://accounts.profunds.com/etfdata/ByFund/TQQQ-historical_nav.csv,ProShares official daily NAV file
2026-04-02,579600000.0,43.3394,https://accounts.profunds.com/etfdata/ByFund/TQQQ-historical_nav.csv,ProShares official daily NAV file
2026-04-06,579600000.0,44.1204,https://accounts.profunds.com/etfdata/ByFund/TQQQ-historical_nav.csv,ProShares official daily NAV file
2026-04-07,574650000.0,44.1659,https://accounts.profunds.com/etfdata/ByFund/TQQQ-historical_nav.csv,ProShares official daily NAV file
2026-04-08,569450000.0,47.9898,https://accounts.profunds.com/etfdata/ByFund/TQQQ-historical_nav.csv,ProShares official daily NAV file
2026-04-09,567100000.0,49.012,https://accounts.profunds.com/etfdata/ByFund/TQQQ-historical_nav.csv,ProShares official daily NAV file
2026-04-10,560300000.0,49.1734,https://accounts.profunds.com/etfdata/ByFund/TQQQ-historical_nav.csv,ProShares official daily NAV file
2026-04-13,555350000.0,50.7261,https://accounts.profunds.com/etfdata/ByFund/TQQQ-historical_nav.csv,ProShares official daily NAV file
2026-04-14,552150000.0,53.4587,https://accounts.profunds.com/etfdata/ByFund/TQQQ-historical_nav.csv,ProShares official daily NAV file
2026-04-15,546600000.0,55.6922,https://accounts.profunds.com/etfdata/ByFund/TQQQ-historical_nav.csv,ProShares official daily NAV file
2026-04-16,539050000.0,56.4935,https://accounts.profunds.com/etfdata/ByFund/TQQQ-historical_nav.csv,ProShares official daily NAV file
2026-04-17,525800000.0,58.6377,https://accounts.profunds.com/etfdata/ByFund/TQQQ-historical_nav.csv,ProShares official daily NAV file
2026-04-20,520750000.0,58.0787,https://accounts.profunds.com/etfdata/ByFund/TQQQ-historical_nav.csv,ProShares official daily NAV file
2026-04-21,517250000.0,57.337,https://accounts.profunds.com/etfdata/ByFund/TQQQ-historical_nav.csv,ProShares official daily NAV file
2026-04-22,514900000.0,60.2908,https://accounts.profunds.com/etfdata/ByFund/TQQQ-historical_nav.csv,ProShares official daily NAV file
2026-04-23,511450000.0,59.2364,https://accounts.profunds.com/etfdata/ByFund/TQQQ-historical_nav.csv,ProShares official daily NAV file
2026-04-24,500450000.0,62.6406,https://accounts.profunds.com/etfdata/ByFund/TQQQ-historical_nav.csv,ProShares official daily NAV file
2026-04-27,497500000.0,62.6372,https://accounts.profunds.com/etfdata/ByFund/TQQQ-historical_nav.csv,ProShares official daily NAV file
2026-04-28,496400000.0,60.7214,https://accounts.profunds.com/etfdata/ByFund/TQQQ-historical_nav.csv,ProShares official daily NAV file
2026-04-29,493150000.0,61.7684,https://accounts.profunds.com/etfdata/ByFund/TQQQ-historical_nav.csv,ProShares official daily NAV file
2026-04-30,491100000.0,63.559,https://accounts.profunds.com/etfdata/ByFund/TQQQ-historical_nav.csv,ProShares official daily NAV file
2026-05-01,481650000.0,65.3032,https://accounts.profunds.com/etfdata/ByFund/TQQQ-historical_nav.csv,ProShares official daily NAV file
2026-05-04,483800000.0,64.8684,https://accounts.profunds.com/etfdata/ByFund/TQQQ-historical_nav.csv,ProShares official daily NAV file
2026-05-05,478800000.0,67.4183,https://accounts.profunds.com/etfdata/ByFund/TQQQ-historical_nav.csv,ProShares official daily NAV file
2026-05-06,476750000.0,71.6237,https://accounts.profunds.com/etfdata/ByFund/TQQQ-historical_nav.csv,ProShares official daily NAV file
2026-05-07,471150000.0,71.3398,https://accounts.profunds.com/etfdata/ByFund/TQQQ-historical_nav.csv,ProShares official daily NAV file
2026-05-08,461550000.0,76.3167,https://accounts.profunds.com/etfdata/ByFund/TQQQ-historical_nav.csv,ProShares official daily NAV file
2026-05-11,463700000.0,76.982,https://accounts.profunds.com/etfdata/ByFund/TQQQ-historical_nav.csv,ProShares official daily NAV file
2026-05-12,468950000.0,74.9476,https://accounts.profunds.com/etfdata/ByFund/TQQQ-historical_nav.csv,ProShares official daily NAV file
2026-05-13,466950000.0,77.273,https://accounts.profunds.com/etfdata/ByFund/TQQQ-historical_nav.csv,ProShares official daily NAV file
2026-05-14,466700000.0,78.9356,https://accounts.profunds.com/etfdata/ByFund/TQQQ-historical_nav.csv,ProShares official daily NAV file
2026-05-15,465900000.0,75.268,https://accounts.profunds.com/etfdata/ByFund/TQQQ-historical_nav.csv,ProShares official daily NAV file
2026-05-18,467200000.0,74.2363,https://accounts.profunds.com/etfdata/ByFund/TQQQ-historical_nav.csv,ProShares official daily NAV file
2026-05-19,466550000.0,72.8742,https://accounts.profunds.com/etfdata/ByFund/TQQQ-historical_nav.csv,ProShares official daily NAV file
2026-05-20,465200000.0,76.4821,https://accounts.profunds.com/etfdata/ByFund/TQQQ-historical_nav.csv,ProShares official daily NAV file
2026-05-21,464350000.0,76.9558,https://accounts.profunds.com/etfdata/ByFund/TQQQ-historical_nav.csv,ProShares official daily NAV file
2026-05-22,472200000.0,77.8547,https://accounts.profunds.com/etfdata/ByFund/TQQQ-historical_nav.csv,ProShares official daily NAV file
2026-05-26,469450000.0,81.9415,https://accounts.profunds.com/etfdata/ByFund/TQQQ-historical_nav.csv,ProShares official daily NAV file
2026-05-27,471500000.0,81.6975,https://accounts.profunds.com/etfdata/ByFund/TQQQ-historical_nav.csv,ProShares official daily NAV file
2026-05-28,470300000.0,83.7212,https://accounts.profunds.com/etfdata/ByFund/TQQQ-historical_nav.csv,ProShares official daily NAV file
2026-05-29,470000000.0,84.5718,https://accounts.profunds.com/etfdata/ByFund/TQQQ-historical_nav.csv,ProShares official daily NAV file
2026-06-01,467650000.0,86.0524,https://accounts.profunds.com/etfdata/ByFund/TQQQ-historical_nav.csv,ProShares official daily NAV file
2026-06-02,465450000.0,87.2722,https://accounts.profunds.com/etfdata/ByFund/TQQQ-historical_nav.csv,ProShares official daily NAV file
2026-06-03,465200000.0,86.4888,https://accounts.profunds.com/etfdata/ByFund/TQQQ-historical_nav.csv,ProShares official daily NAV file
2026-06-04,465700000.0,85.1332,https://accounts.profunds.com/etfdata/ByFund/TQQQ-historical_nav.csv,ProShares official daily NAV file
2026-06-05,469200000.0,72.9149,https://accounts.profunds.com/etfdata/ByFund/TQQQ-historical_nav.csv,ProShares official daily NAV file
2026-06-08,471650000.0,76.3344,https://accounts.profunds.com/etfdata/ByFund/TQQQ-historical_nav.csv,ProShares official daily NAV file
2026-06-09,473150000.0,73.7461,https://accounts.profunds.com/etfdata/ByFund/TQQQ-historical_nav.csv,ProShares official daily NAV file
2026-06-10,475850000.0,69.3414,https://accounts.profunds.com/etfdata/ByFund/TQQQ-historical_nav.csv,ProShares official daily NAV file
2026-06-11,473100000.0,76.1584,https://accounts.profunds.com/etfdata/ByFund/TQQQ-historical_nav.csv,ProShares official daily NAV file
2026-06-12,475750000.0,77.5756,https://accounts.profunds.com/etfdata/ByFund/TQQQ-historical_nav.csv,ProShares official daily NAV file
2026-06-15,474550000.0,84.6982,https://accounts.profunds.com/etfdata/ByFund/TQQQ-historical_nav.csv,ProShares official daily NAV file
2026-06-16,477200000.0,79.8912,https://accounts.profunds.com/etfdata/ByFund/TQQQ-historical_nav.csv,ProShares official daily NAV file
2026-06-17,477850000.0,77.4907,https://accounts.profunds.com/etfdata/ByFund/TQQQ-historical_nav.csv,ProShares official daily NAV file
2026-06-18,472300000.0,83.1602,https://accounts.profunds.com/etfdata/ByFund/TQQQ-historical_nav.csv,ProShares official daily NAV file
2026-06-22,472800000.0,82.6565,https://accounts.profunds.com/etfdata/ByFund/TQQQ-historical_nav.csv,ProShares official daily NAV file
2026-06-23,478600000.0,74.4704,https://accounts.profunds.com/etfdata/ByFund/TQQQ-historical_nav.csv,ProShares official daily NAV file
2026-06-24,481450000.0,73.3079,https://accounts.profunds.com/etfdata/ByFund/TQQQ-historical_nav.csv,ProShares official daily NAV file
2026-06-25,478400000.0,74.9354,https://accounts.profunds.com/etfdata/ByFund/TQQQ-historical_nav.csv,ProShares official daily NAV file
2026-06-26,482500000.0,72.4001,https://accounts.profunds.com/etfdata/ByFund/TQQQ-historical_nav.csv,ProShares official daily NAV file
2026-06-29,480150000.0,77.2776,https://accounts.profunds.com/etfdata/ByFund/TQQQ-historical_nav.csv,ProShares official daily NAV file
2026-06-30,478300000.0,81.1597,https://accounts.profunds.com/etfdata/ByFund/TQQQ-historical_nav.csv,ProShares official daily NAV file
2026-07-01,479500000.0,77.4088,https://accounts.profunds.com/etfdata/ByFund/TQQQ-historical_nav.csv,ProShares official daily NAV file
2026-07-02,483100000.0,73.5695,https://accounts.profunds.com/etfdata/ByFund/TQQQ-historical_nav.csv,ProShares official daily NAV file
2026-07-06,481150000.0,76.3361,https://accounts.profunds.com/etfdata/ByFund/TQQQ-historical_nav.csv,ProShares official daily NAV file
2026-07-07,484150000.0,72.26,https://accounts.profunds.com/etfdata/ByFund/TQQQ-historical_nav.csv,ProShares official daily NAV file
2026-07-08,485150000.0,72.8293,https://accounts.profunds.com/etfdata/ByFund/TQQQ-historical_nav.csv,ProShares official daily NAV file
2026-07-09,480800000.0,76.3532,https://accounts.profunds.com/etfdata/ByFund/TQQQ-historical_nav.csv,ProShares official daily NAV file
2026-07-10,479250000.0,77.0473,https://accounts.profunds.com/etfdata/ByFund/TQQQ-historical_nav.csv,ProShares official daily NAV file
2026-07-13,483550000.0,72.6778,https://accounts.profunds.com/etfdata/ByFund/TQQQ-historical_nav.csv,ProShares official daily NAV file
2026-07-14,483900000.0,75.0527,https://accounts.profunds.com/etfdata/ByFund/TQQQ-historical_nav.csv,ProShares official daily NAV file
2026-07-15,482550000.0,74.3908,https://accounts.profunds.com/etfdata/ByFund/TQQQ-historical_nav.csv,ProShares official daily NAV file
2026-07-16,485850000.0,70.7676,https://accounts.profunds.com/etfdata/ByFund/TQQQ-historical_nav.csv,ProShares official daily NAV file
2026-07-17,493150000.0,67.5382,https://accounts.profunds.com/etfdata/ByFund/TQQQ-historical_nav.csv,ProShares official daily NAV file
2026-07-20,495850000.0,67.5931,https://accounts.profunds.com/etfdata/ByFund/TQQQ-historical_nav.csv,ProShares official daily NAV file
2026-07-21,494200000.0,71.4741,https://accounts.profunds.com/etfdata/ByFund/TQQQ-historical_nav.csv,ProShares official daily NAV file
2026-07-22,492150000.0,70.3068,https://accounts.profunds.com/etfdata/ByFund/TQQQ-historical_nav.csv,ProShares official daily NAV file
2026-07-23,496000000.0,66.3292,https://accounts.profunds.com/etfdata/ByFund/TQQQ-historical_nav.csv,ProShares official daily NAV file
2026-07-24,495800000.0,63.9921,https://accounts.profunds.com/etfdata/ByFund/TQQQ-historical_nav.csv,ProShares official daily NAV file
2026-07-27,501550000.0,63.3611,https://accounts.profunds.com/etfdata/ByFund/TQQQ-historical_nav.csv,ProShares official daily NAV file
2026-07-28,506800000.0,61.4854,https://accounts.profunds.com/etfdata/ByFund/TQQQ-historical_nav.csv,ProShares official daily NAV file
2026-07-29,509200000.0,57.6759,https://accounts.profunds.com/etfdata/ByFund/TQQQ-historical_nav.csv,ProShares official daily NAV file
2026-07-30,508550000.0,63.465,https://accounts.profunds.com/etfdata/ByFund/TQQQ-historical_nav.csv,ProShares official daily NAV file
2026-07-31,505600000.0,64.5584,https://accounts.profunds.com/etfdata/ByFund/TQQQ-historical_nav.csv,ProShares official daily NAV file
2026-08-03,506050000.0,67.9743,https://accounts.profunds.com/etfdata/ByFund/TQQQ-historical_nav.csv,ProShares official daily NAV file
2026-08-04,502650000.0,74.7355,https://accounts.profunds.com/etfdata/ByFund/TQQQ-historical_nav.csv,ProShares official daily NAV file
2026-08-05,501600000.0,72.8618,https://accounts.profunds.com/etfdata/ByFund/TQQQ-historical_nav.csv,ProShares official daily NAV file
2026-08-06,502000000.0,71.9913,https://accounts.profunds.com/etfdata/ByFund/TQQQ-historical_nav.csv,ProShares official daily NAV file
2026-08-07,501400000.0,74.4978,https://accounts.profunds.com/etfdata/ByFund/TQQQ-historical_nav.csv,ProShares official daily NAV file
2026-08-10,502100000.0,73.7369,https://accounts.profunds.com/etfdata/ByFund/TQQQ-historical_nav.csv,ProShares official daily NAV file
2026-08-11,503950000.0,72.9935,https://accounts.profunds.com/etfdata/ByFund/TQQQ-historical_nav.csv,ProShares official daily NAV file
2026-08-12,503650000.0,74.587,https://accounts.profunds.com/etfdata/ByFund/TQQQ-historical_nav.csv,ProShares official daily NAV file
2026-08-13,500950000.0,77.1382,https://accounts.profunds.com/etfdata/ByFund/TQQQ-historical_nav.csv,ProShares official daily NAV file
2026-08-14,499750000.0,76.789,https://accounts.profunds.com/etfdata/ByFund/TQQQ-historical_nav.csv,ProShares official daily NAV file
2026-08-17,500350000.0,76.3812,https://accounts.profunds.com/etfdata/ByFund/TQQQ-historical_nav.csv,ProShares official daily NAV file
2026-08-18,500650000.0,72.5084,https://accounts.profunds.com/etfdata/ByFund/TQQQ-historical_nav.csv,ProShares official daily NAV file
2026-08-19,500850000.0,72.0066,https://accounts.profunds.com/etfdata/ByFund/TQQQ-historical_nav.csv,ProShares official daily NAV file
2026-08-20,503300000.0,70.4535,https://accounts.profunds.com/etfdata/ByFund/TQQQ-historical_nav.csv,ProShares official daily NAV file
2026-08-21,503800000.0,71.1069,https://accounts.profunds.com/etfdata/ByFund/TQQQ-historical_nav.csv,ProShares official daily NAV file
2026-08-24,506000000.0,69.0101,https://accounts.profunds.com/etfdata/ByFund/TQQQ-historical_nav.csv,ProShares official daily NAV file
2026-08-25,506000000.0,70.3123,https://accounts.profunds.com/etfdata/ByFund/TQQQ-historical_nav.csv,ProShares official daily NAV file
2026-08-26,505500000.0,70.4026,https://accounts.profunds.com/etfdata/ByFund/TQQQ-historical_nav.csv,ProShares official daily NAV file
2026-08-27,502350000.0,73.3916,https://accounts.profunds.com/etfdata/ByFund/TQQQ-historical_nav.csv,ProShares official daily NAV file
2026-08-28,501950000.0,71.7997,https://accounts.profunds.com/etfdata/ByFund/TQQQ-historical_nav.csv,ProShares official daily NAV file
2026-08-31,501800000.0,71.9479,https://accounts.profunds.com/etfdata/ByFund/TQQQ-historical_nav.csv,ProShares official daily NAV file
2026-09-01,503750000.0,69.1473,https://accounts.profunds.com/etfdata/ByFund/TQQQ-historical_nav.csv,ProShares official daily NAV file
2026-09-02,499500000.0,69.5982,https://accounts.profunds.com/etfdata/ByFund/TQQQ-historical_nav.csv,ProShares official daily NAV file
2026-09-03,496050000.0,72.0228,https://accounts.profunds.com/etfdata/ByFund/TQQQ-historical_nav.csv,ProShares official daily NAV file
2026-09-04,499650000.0,72.4299,https://accounts.profunds.com/etfdata/ByFund/TQQQ-historical_nav.csv,ProShares official daily NAV file
2026-09-08,500600000.0,72.1399,https://accounts.profunds.com/etfdata/ByFund/TQQQ-historical_nav.csv,ProShares official daily NAV file
2026-09-09,499800000.0,71.489,https://accounts.profunds.com/etfdata/ByFund/TQQQ-historical_nav.csv,ProShares official daily NAV file
2026-09-10,501900000.0,69.1693,https://accounts.profunds.com/etfdata/ByFund/TQQQ-historical_nav.csv,ProShares official daily NAV file
2026-09-11,501900000.0,71.0066,https://accounts.profunds.com/etfdata/ByFund/TQQQ-historical_nav.csv,ProShares official daily NAV file
2026-09-14,501450000.0,69.234,https://accounts.profunds.com/etfdata/ByFund/TQQQ-historical_nav.csv,ProShares official daily NAV file
2026-09-15,502200000.0,67.8719,https://accounts.profunds.com/etfdata/ByFund/TQQQ-historical_nav.csv,ProShares official daily NAV file
2026-09-16,509300000.0,67.9038,https://accounts.profunds.com/etfdata/ByFund/TQQQ-historical_nav.csv,ProShares official daily NAV file
2026-09-17,506800000.0,71.414,https://accounts.profunds.com/etfdata/ByFund/TQQQ-historical_nav.csv,ProShares official daily NAV file
2026-09-18,503150000.0,72.7813,https://accounts.profunds.com/etfdata/ByFund/TQQQ-historical_nav.csv,ProShares official daily NAV file
2026-09-21,496800000.0,78.9494,https://accounts.profunds.com/etfdata/ByFund/TQQQ-historical_nav.csv,ProShares official daily NAV file
2026-09-22,491050000.0,80.8656,https://accounts.profunds.com/etfdata/ByFund/TQQQ-historical_nav.csv,ProShares official daily NAV file
2026-09-23,488750000.0,78.6228,https://accounts.profunds.com/etfdata/ByFund/TQQQ-historical_nav.csv,ProShares official daily NAV file
2026-09-24,486450000.0,78.6662,https://accounts.profunds.com/etfdata/ByFund/TQQQ-historical_nav.csv,ProShares official daily NAV file
2026-09-25,486100000.0,79.5962,https://accounts.profunds.com/etfdata/ByFund/TQQQ-historical_nav.csv,ProShares official daily NAV file
2026-09-28,486050000.0,76.9929,https://accounts.profunds.com/etfdata/ByFund/TQQQ-historical_nav.csv,ProShares official daily NAV file
2026-09-29,486450000.0,77.4405,https://accounts.profunds.com/etfdata/ByFund/TQQQ-historical_nav.csv,ProShares official daily NAV file
2026-09-30,483950000.0,77.9601,https://accounts.profunds.com/etfdata/ByFund/TQQQ-historical_nav.csv,ProShares official daily NAV file
2026-10-01,485800000.0,78.6484,https://accounts.profunds.com/etfdata/ByFund/TQQQ-historical_nav.csv,ProShares official daily NAV file
2026-10-02,482650000.0,80.9645,https://accounts.profunds.com/etfdata/ByFund/TQQQ-historical_nav.csv,ProShares official daily NAV file
2026-10-05,482900000.0,83.0511,https://accounts.profunds.com/etfdata/ByFund/TQQQ-historical_nav.csv,ProShares official daily NAV file
2026-10-06,482650000.0,84.2169,https://accounts.profunds.com/etfdata/ByFund/TQQQ-historical_nav.csv,ProShares official daily NAV file
2026-10-07,483250000.0,83.6779,https://accounts.profunds.com/etfdata/ByFund/TQQQ-historical_nav.csv,ProShares official daily NAV file
2026-10-08,486950000.0,80.1591,https://accounts.profunds.com/etfdata/ByFund/TQQQ-historical_nav.csv,ProShares official daily NAV file
2026-10-09,484150000.0,81.2938,https://accounts.profunds.com/etfdata/ByFund/TQQQ-historical_nav.csv,ProShares official daily NAV file
